user_id,recipe_id,tag_score,ingredient_score,hot_score,session_score,label
2,1024,0.8578747978508848,0.0,0.0,0.48721725679934025,0
2,3,0.7616918346815669,0.0,0.0,0.5376552082598209,0
2,7,0.0,0.0,0.0,0.6288328319787979,0
2,9,0.4384409572408481,0.00022404165791980855,0.0,0.4056902900338173,0
2,2060,0.8782259494726667,0.0,0.0,0.4944129674695432,0
2,13,0.0,0.0,0.0,0.5994899347424507,0
2,1036,0.9520034962101174,0.0,0.0,0.4593655504286289,0
2,1040,0.36935929537908924,0.0002511886431509581,0.0,0.612460657954216,0
2,19,0.0,0.0,0.0,0.42928866297006607,0
2,2068,0.8924750620846912,0.0,0.0,0.5028539979830384,0
2,20,0.0,0.0002850420866935585,0.0,0.5491278953850269,0
2,2069,0.8890837085645427,0.0,0.0,0.5749657228589058,0
2,2071,0.9458011889076516,0.0,0.0,0.38919978588819504,0
2,1043,1.0425225445831892,0.000328315975550471,0.0,0.4346480369567871,1
2,1044,0.41182536508208434,0.00020182850568062054,0.0,0.6228798925876617,0
2,1047,0.6362688874487306,0.0002850420866935585,0.0,0.4245525002479553,0
2,28,0.35247051909940263,0.0,0.0,0.5549566708505154,0
2,35,0.6403384253508305,0.0,0.0,0.4957967959344387,0
2,1064,0.4749364359603172,0.0,0.0,0.41328252106904984,0
2,51,0.0,0.00022404165791980855,0.0,0.4938275068998337,0
2,52,0.37283436566848754,0.00020182850568062054,0.0,0.43453941494226456,0
2,2101,0.9527932136010259,0.0,0.0,0.48933037742972374,0
2,54,0.0,0.00018334453832455767,0.0,0.5741583406925201,0
2,1080,0.0,0.0,0.0,0.661264032125473,2
2,2104,0.8422258158296361,0.0,0.0,0.27798955142498016,0
2,57,0.34317689692460085,0.00022404165791980855,0.0,0.4115723967552185,0
2,58,0.35087679092814206,0.00018334453832455767,0.0,0.6141678765416145,0
2,59,0.0,0.0001544153567492393,0.0,0.6433987766504288,0
2,2110,0.888524711929505,0.0,0.0,0.47918763011693954,0
2,1087,0.0,0.0,0.0,0.3834907189011574,3
2,1088,0.3795279830585723,0.029002764284456018,0.0,0.44972509890794754,0
2,2113,0.9024483983819547,0.0,0.0,0.3732957988977432,0
2,2114,0.9085836829475371,0.0,0.0,0.6153416931629181,0
2,67,0.0,0.000328315975550471,0.0,0.41706545650959015,0
2,2117,0.920842818151725,0.0,0.0,0.48004200495779514,0
2,1094,1.153740850970188,0.0,0.0,0.5863486602902412,0
2,1095,0.494010895675377,0.0,0.0,0.4448093771934509,0
2,73,0.0,0.0,0.0,0.5943215414881706,0
2,2124,0.9371819810760768,0.0,0.0,0.6669564247131348,0
2,1106,0.8814137548708378,0.0,0.0,0.5821742042899132,0
2,2131,0.4279046660455,0.0,0.0,0.4631243497133255,0
2,84,0.0,0.0,0.0,0.3167603760957718,0
2,1119,0.9201767469614144,0.0,0.0,0.4870506450533867,0
2,97,0.38517607209437615,0.00014290782872728954,0.0,0.4702835865318775,0
2,2146,0.9504338231120234,0.0,0.0,0.5337204337120056,3
2,98,0.0,0.00016774375367471144,0.0,0.519739355891943,0
2,99,0.0,0.0001544153567492393,0.0,0.545182678848505,0
2,2154,0.9864270117773358,0.0,0.0,0.5324146300554276,0
2,2156,0.9535862173781984,0.0,0.0,0.5553154535591602,0
2,111,0.887967468186065,0.0,0.0,0.3779178336262703,0
2,112,0.3516691410034371,0.0,0.0,0.36206158995628357,0
2,2161,0.9512170407713194,0.0,0.0,0.6042698621749878,0
2,121,0.0,0.00020182850568062054,0.0,0.37694528698921204,0
2,1146,0.3673500134455083,0.0,0.0,0.44662170112133026,0
2,1148,0.0,0.0,0.0,0.6936751157045364,0
2,126,0.5007745956604716,0.0,0.0,0.5239611119031906,0
2,2175,0.334370152488211,0.0,0.0,0.5030026347376406,0
2,2183,0.35140403026772704,0.0,0.0,0.39412036538124084,0
2,2184,0.5483328342817686,0.0,0.0,0.6507697552442551,0
2,1159,0.375,0.0,0.0,0.46531204506754875,0
2,1162,0.5223529249136781,0.0,0.0,0.5589134581387043,3
2,1173,0.37837028380879756,0.0,0.0,0.5106849959120154,0
2,2199,0.0,0.0,0.0,0.6006957665085793,0
2,152,0.42580531573209673,0.0,0.0,0.5859255343675613,0
2,156,0.3410934333124566,0.0,0.0,0.5082254847511649,2
2,2206,0.5345561577144432,0.0,0.0,0.4860324300825596,0
2,159,0.4178921730350126,0.0,0.0,0.5215145722031593,0
2,1192,1.0775460104885615,0.0,0.0,0.4111688509583473,0
2,2217,0.9383239132306829,0.0,0.0,0.6106213852763176,0
2,2221,0.955182183158009,0.0,0.0,0.5176199376583099,0
2,2222,0.3650732768853341,0.0,0.0,0.6667477786540985,0
2,2224,0.857407163554577,0.0,0.0,0.5615321099758148,0
2,177,0.0,0.0,0.0,0.6258765906095505,0
2,1207,0.9836233064611031,0.0,0.0,0.6220657005906105,0
2,184,0.0,0.00022404165791980855,0.0,0.326885923743248,2
2,2235,0.9458011889076516,0.0,0.0,0.4337937980890274,0
2,1212,0.9098360410994543,0.0,0.0,0.5910862907767296,0
2,191,0.48499357528754183,0.0,0.0,0.39609530568122864,0
2,192,0.0,0.00018334453832455767,0.0,0.4393431842327118,0
2,1221,0.9527932136010259,0.0,0.0,0.3213132619857788,0
2,2247,0.8660254037844386,0.0,0.0,0.35018108785152435,0
2,2252,0.0,0.00022404165791980855,0.0,0.5877011269330978,0
2,1229,0.4135992411570454,0.0,0.0,0.40071962028741837,0
2,206,0.39127114501832183,0.0001544153567492393,0.0,0.5449936464428902,0
2,2257,0.40617484461623476,0.0001544153567492393,0.0,0.45163483917713165,0
2,222,0.0,0.0,0.0,0.6623351573944092,0
2,2274,0.0,0.00022404165791980855,0.0,0.4888324439525604,0
2,1250,0.0,0.0,0.0,0.5280133634805679,0
2,228,0.0,0.0,0.0,0.48649499751627445,0
2,229,0.35719153804764486,0.00016774375367471144,0.0,0.3645744025707245,0
2,2277,0.0,0.00022404165791980855,0.0,0.6550550311803818,0
2,230,0.5579171163710015,0.0,0.0,0.439176756888628,0
2,232,0.0,0.0,0.0,0.4201895296573639,0
2,1257,0.0,0.00020182850568062054,0.0,0.5383321084082127,0
2,1258,0.0,0.00022404165791980855,0.0,0.7005007863044739,0
2,1260,0.39937234647240605,0.0,0.0,0.622931458055973,0
2,2288,0.0,0.00022404165791980855,0.0,0.5597007647156715,0
2,2295,0.0,0.00013288051246680227,0.0,0.5198867749422789,0
2,248,0.0,0.00018334453832455767,0.0,0.5196140147745609,0
2,249,0.0,0.0,0.0,0.6495597213506699,0
2,253,0.9155806437853797,0.0,0.0,0.5336780585348606,0
2,265,0.9520034962101174,0.0,0.0,0.34912994503974915,0
2,2315,0.9527932136010259,0.0,0.0,0.5473442152142525,0
2,1292,0.54413074047686,0.0,0.0,0.5442758873105049,0
2,272,1.0425225445831892,0.0,0.0,0.4101884663105011,0
2,2321,0.0,0.00022404165791980855,0.0,0.675323560833931,0
2,276,0.9799461456316185,0.0,0.0,0.5500915944576263,0
2,1302,0.9754446662907275,0.00018334453832455767,0.0,0.33694927394390106,1
2,280,0.9941040655246309,0.0,0.0,0.3640236258506775,0
2,2330,0.9110970781394261,0.0,0.0,0.44601496681571007,0
2,2331,0.4230843756740955,0.00016774375367471144,0.0,0.4988408978097141,0
2,2334,0.0,0.0,0.0,0.6629150956869125,0
2,2342,0.6396021490668313,0.0,0.0,0.4699024111032486,0
2,306,0.0,0.0,0.0,0.3848889395594597,0
2,2357,0.0,0.0002511886431509581,0.0,0.43938950449228287,0
2,2358,0.9496538193175146,0.0,0.0,0.5558454990386963,0
2,311,0.6700771008141332,0.0,0.0,0.45529019460082054,0
2,2359,0.0,0.0,0.0,0.49028415605425835,0
2,2366,0.5167454625767091,0.0,0.0,0.3286893665790558,3
2,1342,0.37685373913098663,0.0,0.0,0.5012653460726142,0
2,1346,0.9269481877668353,0.0,0.0,0.6242721900343895,0
2,1348,0.9215113070261687,0.0,0.0,0.6061306595802307,0
2,1351,0.394980290885945,0.0,0.0,0.5031968778930604,0
2,2378,0.9592313717728653,0.0,0.0,0.41028551757335663,0
2,1354,0.47827591984011386,0.0,0.0,0.4777426850050688,0
2,1358,0.37247945392343007,0.0002850420866935585,0.0,0.5867843702435493,0
2,2383,0.525273931171379,0.0,0.0,0.5828302353620529,0
2,1360,0.0,0.00016774375367471144,0.0,0.5567073449492455,0
2,1363,0.9390584139208118,0.0,0.0,0.5226868074387312,0
2,1364,0.38517607209437615,0.00022404165791980855,0.0,0.5016158735379577,0
2,343,0.34364861885846787,0.00022404165791980855,0.0,0.34249716997146606,0
2,1369,0.47027963408204876,0.0,0.0,0.49702607304789126,2
2,349,0.9085836829475371,0.0,0.0,0.3471391946077347,0
2,1375,0.37685373913098663,0.00018334453832455767,0.0,0.5887378752231598,0
2,352,0.4130037043481006,0.0,0.0,0.42633989453315735,0
2,1379,0.8750949693398691,0.0,0.0,0.6516814082860947,0
2,2404,0.9990574030435153,0.0,0.0,0.41743579506874084,0
2,357,0.0,0.0002850420866935585,0.0,0.5043447697535157,0
2,2406,0.4224175739556564,0.0,0.0,0.6437960714101791,0
2,2407,0.9175363273593785,0.0,0.0,0.3951505795121193,0
2,2408,0.9527932136010259,0.0,0.0,0.479897553101182,0
2,360,0.35548922651451664,0.0,0.0,0.41619741916656494,0
2,2412,0.9931280171554473,0.0,0.0,0.555389616638422,0
2,1400,0.0,0.0002511886431509581,0.0,0.5040911920368671,0
2,1402,0.0,0.0002850420866935585,0.0,0.3887763246893883,0
2,386,0.0,0.0,0.0,0.4989502696553245,0
2,2440,0.9332614800712051,0.00022404165791980855,0.0,0.4904169887304306,1
2,2441,0.9854880035625377,0.0002850420866935585,0.0,0.3876049742102623,1
2,394,0.0,0.00022404165791980855,0.0,0.523465521633625,0
2,397,0.0,0.00016774375367471144,0.0,0.4041684716939926,0
2,398,0.4731631513518858,0.0,0.0,0.4413532428443432,0
2,2447,0.9215113070261687,0.0,0.0,0.564995564520359,0
2,399,0.40509025591234776,0.0,0.0,0.5828100964426994,0
2,1421,0.36224669051898317,0.0,0.0,0.5218926407396793,0
2,1423,0.9535862173781984,0.0,0.0,0.5360348410904408,0
2,403,0.91688211209332,0.0,0.0,0.5860428363084793,0
2,2453,0.34317689692460085,0.0,0.0,0.5485176220536232,0
2,406,0.5213971058594205,0.00020182850568062054,0.0,0.43291519582271576,0
2,2455,0.911730885185746,0.0,0.0,0.6020657047629356,0
2,408,0.39264164286432307,0.0,0.0,0.529212336987257,0
2,1429,0.9527932136010259,0.0,0.0,0.5034924796782434,0
2,1433,0.0,0.0,0.0,0.3679451495409012,0
2,2461,0.0,0.00022404165791980855,0.0,0.5365882813930511,0
2,1437,0.36768110888156147,0.0,0.0,0.5124788135290146,0
2,415,0.0,0.0,0.0,0.35964882373809814,0
2,417,0.9946705373503142,0.0,0.0,0.4687335565686226,0
2,418,0.9504338231120234,0.0,0.0,0.35789741575717926,0
2,1445,0.4776599804814375,0.00016774375367471144,0.0,0.623427577316761,0
2,422,0.6356979861225325,0.0,0.0,0.5479853376746178,0
2,1450,0.373549295827016,0.0,0.0,0.6673239171504974,0
2,428,0.5367336209415392,0.0,0.0,0.5572498105466366,0
2,1452,0.0,0.0,0.0,0.46350346878170967,0
2,2478,0.836350439052205,0.0,0.0,0.49791710637509823,0
2,1457,0.9763367062409176,0.0,0.0,0.5924410298466682,0
2,434,0.9836233064611031,0.0,0.0,0.5614369176328182,0
2,438,0.0,0.000328315975550471,0.0,0.5324186608195305,0
2,1462,0.960875304747117,0.000328315975550471,0.0,0.458869356662035,1
2,2488,1.0425225445831892,0.0,0.0,0.42469998449087143,0
2,1465,0.3696995622487631,0.0,0.0,0.4672279879450798,0
2,2490,0.9960706509325639,0.0,0.0,0.6162736117839813,0
2,2492,0.9450399800907339,0.0,0.0,0.43770700320601463,2
2,1482,0.5242911879878268,0.00018334453832455767,0.0,0.5206658784300089,0
2,460,0.9162302225151798,0.0,0.0,0.508094510063529,0
2,1487,0.3446018835454667,0.0,0.0,0.46325137466192245,0
2,467,0.38393020325066135,0.000328315975550471,0.0,0.46839746460318565,0
2,468,0.352202378533271,0.0001544153567492393,0.0,0.451672226190567,0
2,2520,0.0,0.0002850420866935585,0.0,0.3815443068742752,2
2,1496,0.3803097132206534,0.0,0.0,0.3793090805411339,0
2,1497,0.5262659543458028,0.0,0.0,0.6534671187400818,0
2,476,0.3899242364099522,0.0,0.0,0.6453118771314621,0
2,2526,0.0,0.0,0.0,0.5351875722408295,0
2,2528,0.9073398967562674,0.0,0.0,0.5342333242297173,0
2,1505,0.41980185950909077,0.0,0.0,0.499180999584496,0
2,2534,0.9527932136010259,0.0,0.0,0.4300285875797272,0
2,486,0.39356878424849795,0.0001544153567492393,0.0,0.6077722311019897,0
2,1512,0.0,0.00016774375367471144,0.0,0.5003677777713165,0
2,490,0.6109630536589741,0.00014290782872728954,0.0,0.6422623842954636,0
2,492,0.0,0.00020182850568062054,0.0,0.5686373189091682,0
2,1516,0.35719153804764486,0.0,0.0,0.5714792534708977,0
2,1520,1.0501050262578775,0.0,0.0,0.4101087376475334,2
2,1522,0.5508084404840388,0.0,0.0,0.44921770319342613,0
2,1535,0.8803447246991195,0.0,0.0,0.8084364831447601,0
2,512,0.8750949693398691,0.0,0.0,0.5477049089968204,3
2,2561,0.0,0.0,0.0,0.4626792147755623,0
2,1537,0.8959320992766473,0.0,0.0,0.55884700268507,0
2,2569,0.9221822294268964,0.0,0.0,0.40233200788497925,0
2,522,0.9567915943963852,0.0,0.0,0.662240669131279,3
2,523,0.9826975423235886,0.0,0.0,0.486064113676548,0
2,2572,0.9450399800907339,0.0,0.0,0.4878516970202327,0
2,527,0.883029552220157,0.0,0.0,0.4987450068583712,0
2,1555,0.5736484906780535,0.0002511886431509581,0.0,0.4488103538751602,0
2,2581,0.0,0.0,0.0,0.5363794341683388,0
2,1558,0.9079607249653404,0.0,0.0,0.5045858146622777,0
2,2584,0.0,0.00022404165791980855,0.0,0.34145577251911163,0
2,536,0.3323374129956009,0.0,0.0,0.421486459672451,0
2,2586,0.35805816359509623,0.0,0.0,0.46789510920643806,0
2,2590,0.8351177895140451,0.0,0.0,0.519520016387105,0
2,2591,0.8560118665583999,0.0,0.0,0.36529695987701416,0
2,1569,0.5501842939400765,0.0,0.0,0.4778136368840933,0
2,2601,0.0,0.0,0.0,0.5436410792171955,0
2,1585,0.5412255072581611,0.0002850420866935585,0.0,0.4136793985962868,0
2,1590,0.0,0.0,0.0,0.535405732691288,0
2,567,0.9450399800907339,0.0,0.0,0.5422611385583878,0
2,578,0.8195426184108687,0.0,0.0,0.6820394992828369,0
2,586,0.0,0.0,0.0,0.5350791849195957,0
2,2634,0.0,0.00020182850568062054,0.0,0.5181750878691673,0
2,2635,0.36902058865391313,0.00022404165791980855,0.0,0.4977301163598895,0
2,590,0.5088672734041718,0.0,0.0,0.49118125066161156,0
2,1614,0.35193525480792,0.0,0.0,0.481256116181612,0
2,2645,0.3560521565856293,0.0,0.0,0.5931750684976578,0
2,2650,0.0,0.0,0.0,0.4088052064180374,0
2,606,0.9201767469614144,0.0,0.0,0.3126623332500458,0
2,607,0.9527932136010259,0.0,0.0,0.6009233295917511,0
2,1636,0.8913374242568728,0.0,0.0,0.3535986542701721,0
2,614,0.5471156617727029,0.0,0.0,0.3490764945745468,0
2,1643,0.0,0.0,0.0,0.46642277389764786,2
2,1644,0.3470442892538971,0.0,0.0,0.5413970798254013,0
2,2670,0.9221822294268964,0.0,0.0,0.4718561675399542,0
2,622,0.8426534502988776,0.0,0.0,0.4720408748835325,0
2,2674,0.0,0.0,0.0,0.4237297624349594,0
2,1651,0.5676721706387806,0.0,0.0,0.32290253043174744,0
2,628,0.34364861885846787,0.0,0.0,0.5635389983654022,0
2,2678,0.5144957554275266,0.0,0.0,0.33299751579761505,0
2,634,0.9512170407713194,0.0,0.0,0.5070429621264338,0
2,1658,0.9030526494056887,0.0,0.0,0.5809424221515656,0
2,2695,0.0,0.0,0.0,0.48650732170790434,0
2,1676,0.37685373913098663,0.0,0.0,0.4956314507871866,0
2,655,0.0,0.0,0.0,0.574417918920517,0
2,1680,0.9535862173781984,0.0,0.0,0.5624515749514103,0
2,2705,0.8919053362520408,0.0,0.0,0.5866034477949142,0
2,661,0.36768110888156147,0.0,0.0,0.4466209374368191,0
2,1688,0.42109956234101886,0.0,0.0,0.46441030129790306,0
2,666,0.0,0.0,0.0,0.35426798462867737,0
2,672,0.3795279830585723,0.0,0.0,0.27070263028144836,0
2,1696,0.5019478358655752,0.0,0.0,0.5210300572216511,0
2,678,0.9242097584752926,0.0,0.0,0.6203846260905266,0
2,682,0.9368634824808685,0.0,0.0,0.4956270782276988,0
2,684,0.9416986515589071,0.0,0.0,0.44513583183288574,0
2,690,0.5429593004417442,0.0,0.0,0.3708743453025818,0
2,2743,0.4711354695309466,0.0,0.0,0.5361729599535465,3
2,697,0.8550879452267712,0.0,0.0,0.4338802695274353,0
2,1721,0.9383239132306829,0.0,0.0,0.5233679078519344,0
2,700,0.34086580994024984,0.0,0.0,0.599099650979042,0
2,1725,0.8621417839533347,0.000328315975550471,0.0,0.490734213963151,1
2,2752,1.0364077791419726,0.0,0.0,0.5819782763719559,0
2,705,0.9442818246629918,0.0,0.0,0.4637225493788719,2
2,707,0.9297276737942199,0.0,0.0,0.5928190648555756,0
2,712,0.9390584139208118,0.0,0.0,0.6618883609771729,0
2,716,0.9498728719206344,0.0,0.0,0.4617339260876179,0
2,2764,0.883029552220157,0.0,0.0,0.5904585868120193,0
2,718,0.8824893075181048,0.0,0.0,0.5247565694153309,0
2,1742,0.36163323075568804,0.0,0.0,0.44897038862109184,0
2,722,0.0,0.0,0.0,0.4882604330778122,0
2,1747,0.4230843756740955,0.0,0.0,0.5634529963135719,0
2,2772,0.888524711929505,0.0,0.0,0.3280918151140213,0
2,1751,0.4251168651124797,0.0,0.0,0.5243931524455547,2
2,1753,0.5495636676912976,0.0,0.0,0.49990365165285766,0
2,1754,0.0,0.0,0.0,0.4161657318472862,3
2,2779,0.4600675987138297,0.0002850420866935585,0.0,0.42780014872550964,0
2,2780,0.9941040655246309,0.0,0.0,0.5185927879065275,0
2,739,0.8919053362520408,0.0,0.0,0.5516443140804768,0
2,2790,0.37107649320116404,0.012081035003156174,0.0,0.6374858617782593,0
2,1766,0.5520674394178382,0.0,0.0,0.5877597332000732,0
2,2794,1.040899936483773,0.0,0.0,0.4310005232691765,0
2,1770,0.0,0.0001544153567492393,0.0,0.4748964440077543,0
2,758,0.0,0.0,0.0,0.5314989797770977,0
2,2807,0.39739028854176744,0.0002850420866935585,0.0,0.30940261483192444,0
2,1782,0.8913374242568728,0.0,0.0,0.35759297013282776,0
2,1785,0.8907713157310961,0.0,0.0,0.2986447662115097,0
2,2813,0.39739028854176744,0.0,0.0,0.5276376828551292,3
2,765,0.9427745863001309,0.0,0.0,0.5629706084728241,0
2,767,0.9195130777616243,0.0,0.0,0.42752426117658615,0
2,2816,0.3940364841636237,0.0,0.0,0.3976864442229271,0
2,1791,0.5477225575051661,0.0,0.0,0.4291456863284111,0
2,1794,0.39356878424849795,0.0,0.0,0.40101129561662674,0
2,2822,0.0,0.0003853739478143377,0.0,0.0,0
2,1800,0.6403384253508305,0.0,0.0,0.4360887035727501,0
2,779,0.9228556013464422,0.0,0.0,0.5725645199418068,0
2,1809,0.3822998895551331,0.0,0.0,0.43864501267671585,0
2,1810,0.0,0.00016774375367471144,0.0,0.4069611728191376,0
2,1811,0.865535154279321,0.0,0.0,0.592457726597786,0
2,1816,0.4148033273768682,0.00020182850568062054,0.0,0.4093577116727829,0
2,1818,0.0,0.0,0.0,0.6027857661247253,0
2,1819,0.0,0.0,0.0,0.40208346396684647,0
2,796,0.9684517805891404,0.0,0.0,0.6435139179229736,0
2,1823,0.44087458052807493,0.0,0.0,0.6747885346412659,0
2,2849,0.0,0.0,0.0,0.0,0
2,2851,0.0,0.0,0.0,0.0,0
2,1830,0.0,0.00016774375367471144,0.0,0.45178525522351265,0
2,2859,0.0,0.0,0.0,0.0,0
2,812,0.6104968472503417,0.0,0.0,0.4801687467843294,0
2,811,0.383110710418052,0.0,0.0,0.43688108772039413,0
2,817,0.48433326936543303,0.0,0.0,0.42856357991695404,0
2,821,0.955182183158009,0.0,0.0,0.5812792703509331,0
2,1845,0.0,0.0,0.0,0.5952417254447937,0
2,823,0.45706373237129994,0.0,0.0,0.5355154797434807,0
2,824,0.9481033589320184,0.0,0.0,0.4917102036997676,0
2,1849,1.0488220610938184,0.0,0.0,0.5651354268193245,0
2,2877,0.0,0.0,0.0,0.0,0
2,830,0.9520034962101174,0.0,0.0,0.5031190374866128,0
2,842,0.8750949693398691,0.0,0.0,0.5760130435228348,0
2,1870,0.9520034962101174,0.0,0.0,0.507433305028826,0
2,854,0.5039342135560902,0.0,0.0,0.5435925759375095,0
2,1879,0.9642059449925646,0.0,0.0,0.4351290315389633,3
2,2905,0.0,0.0,0.0,0.0,0
2,857,0.0,0.0,0.0,0.6187289729714394,0
2,862,0.34729333447282273,0.0,0.0,0.6603364050388336,0
2,1891,0.9527932136010259,0.0,0.0,0.49492551758885384,0
2,2916,0.0,0.00014290782872728954,0.0,0.0,0
2,2917,0.0,0.0,0.0,0.0,0
2,1894,0.9311331618179051,0.0,0.0,0.5270374715328217,0
2,875,0.3847585364432452,0.00020182850568062054,0.0,0.6760244369506836,0
2,890,0.3422430735843379,0.0,0.0,0.48352785035967827,0
2,891,0.0,0.0001544153567492393,0.0,0.6019756868481636,0
2,892,1.0340114445453956,0.0,0.0,0.46603867039084435,3
2,1915,1.0086724711716877,0.0,0.0,0.3335380554199219,0
2,1918,0.9969371768941204,0.0,0.0,0.5247494336217642,0
2,896,0.34679613443720936,0.0,0.0,0.5567443482577801,0
2,2948,0.0,0.0,0.0,0.0,0
2,1927,0.955182183158009,0.0,0.0,0.4463674761354923,0
2,908,0.9584146563694088,0.0,0.0,0.4681384600698948,0
2,914,0.33334603585925365,0.0,0.0,0.5802348852157593,0
2,1940,0.9412793007281334,0.0,0.0,0.5058586299419403,0
2,1943,0.9527932136010259,0.0,0.0,0.4456796646118164,0
2,920,0.0,0.00018334453832455767,0.0,0.2649235129356384,0
2,1945,0.9559851953704166,0.0,0.0,0.4546867422759533,2
2,925,0.41980185950909077,0.00022404165791980855,0.0,0.4343819171190262,0
2,930,0.5501842939400765,0.0,0.0,0.47271042689681053,0
2,945,0.0,0.00014290782872728954,0.0,0.351794570684433,0
2,1969,1.0513958769137173,0.0,0.0,0.6467248052358627,0
2,960,0.0,0.0,0.0,0.545558251440525,0
2,1992,0.9465654733202582,0.0,0.0,0.48750321567058563,0
2,971,0.0,0.0001544153567492393,0.0,0.41047249734401703,0
2,980,0.7590559661171447,0.0,0.0,0.5683440789580345,3
2,984,0.46212611811529575,0.00016774375367471144,0.0,0.5299359764903784,0
2,2024,0.9781331015196701,0.0,0.0,0.5772118866443634,0
2,1001,0.9290288926363517,0.0,0.0,0.4284934774041176,0
2,2026,1.1284112864734863,0.0,0.0,0.405495785176754,0
2,2029,1.3820159359287874,0.0,0.0,0.4259912893176079,0
2,2036,0.9201767469614144,0.0,0.0,0.49609990138560534,0
2,1022,0.9435267006487675,0.0,0.0,0.6785409599542618,0
3,1527,0.6592612666640737,0.0,0.0,0.6102540865540504,0
3,2566,0.9945938927565317,0.0,0.0,0.4587687738239765,0
3,8,0.4590553426395134,0.0,0.0,0.45864493399858475,0
3,1044,0.5998134783831492,0.0,0.0,0.5333876237273216,0
3,540,0.8396037190181815,0.0,0.0,0.3744370639324188,0
3,2076,1.0494625634143544,0.0,0.0,0.48094696551561356,0
3,2077,0.696435165865517,0.0,0.0,0.42958812415599823,0
3,33,0.8902408089308702,0.0,0.0,0.4070637747645378,3
3,545,1.0812375548253486,0.0,0.0,0.4830254726111889,0
3,2594,0.5399588814286779,0.0,0.0,0.46025364100933075,0
3,1063,0.39887219227087417,0.0,0.0,0.48398081585764885,0
3,553,0.4459526681260204,0.0,0.0,0.4057246223092079,0
3,2602,0.998156674191285,0.0,0.0,0.49677561316639185,0
3,43,0.665881502351531,0.0,0.0,0.4803623966872692,0
3,1580,0.649519052838329,0.0,0.0,0.5056119076907635,0
3,2604,0.9343658236779823,0.0,0.0,0.5842956155538559,0
3,46,0.9814246153744313,0.0,0.0,0.4147350639104843,0
3,2094,0.3354101966249684,0.0,0.0,0.4440043233335018,0
3,2092,0.6637650210113711,0.0,0.0,0.3771910071372986,0
3,2098,0.9564446261056014,0.0,0.0,0.47737792506814003,0
3,1080,0.8736135249425023,0.0,0.0,0.7363419979810715,0
3,569,0.8450813191976442,0.0,0.0,0.27472105622291565,0
3,2617,1.1031550977201043,0.0,0.0,0.6196556985378265,0
3,1595,0.6356979861225325,0.0167489658684716,0.0,0.44052400812506676,0
3,60,0.6535450237654821,0.0,0.0,0.6298092901706696,0
3,2621,0.7539579210538877,0.0,0.0,0.5181550234556198,0
3,1599,1.0287192020062368,0.0,0.0,0.5112671162933111,0
3,576,0.46693223534061035,0.0,0.0,0.48038434609770775,0
3,575,0.3028252861274344,0.0,0.0,0.4103890657424927,0
3,581,0.7737733279196777,0.0,0.0,0.4520535320043564,0
3,2631,0.6229105491186548,0.0,0.0,0.4794611893594265,0
3,71,0.3434123529100486,0.0,0.0,0.6324510425329208,0
3,73,0.735707739095678,0.0,0.0,0.6469438970088959,2
3,2635,0.5374693781462031,0.0,0.0,0.4855645000934601,0
3,2125,1.0218683046300918,0.0,0.0,0.4036516398191452,2
3,1618,1.084993212460013,0.0,0.0,0.6206849440932274,0
3,84,0.7980638017767345,0.0,0.0,0.3540234714746475,0
3,2133,0.5857659799342742,0.0,0.0,0.5774324908852577,0
3,1113,0.3172113790321692,0.0,0.0,0.3575505167245865,0
3,90,0.5759725699619024,0.0,0.0,0.5927056968212128,0
3,602,0.4268485378799558,0.0,0.0,0.6207980364561081,0
3,1117,0.0,0.0,0.0,0.4511501267552376,0
3,2141,0.5647189779895266,0.10587205574886743,0.0,0.5687858238816261,1
3,1630,0.49621471645252746,0.0,0.0,0.5988277122378349,0
3,2655,0.5628438475839939,0.0,0.0,0.4807714056223631,0
3,609,0.6183634528300315,0.0,0.0,0.47808802127838135,0
3,2148,0.5997602397123739,0.0,0.0,0.5777061209082603,0
3,1644,1.091921509754493,0.0,0.0,0.5125302970409393,0
3,1134,0.5666257658757529,0.0,0.0,0.5025155823677778,3
3,2158,0.47142248487546456,0.0,0.0,0.5078600160777569,2
3,626,1.002089478577017,0.0,0.0,0.42144322395324707,0
3,2165,0.3035845698621589,0.0,0.0,0.5342301167547703,0
3,119,1.0934914944121739,0.0,0.0,0.5558674670755863,0
3,2168,0.9468885364987503,0.0,0.0,0.48071062937378883,0
3,1144,0.8107200928842206,0.0,0.0,0.4649469703435898,0
3,1146,0.8737104993714875,0.0,0.0,0.489005783572793,0
3,128,0.9045340337332909,0.0,0.0,0.5800687149167061,0
3,2180,0.3035845698621589,0.0,0.0,0.5879096016287804,0
3,2182,0.4220861358237221,0.0,0.0,0.5554064214229584,0
3,1671,1.0011142078562223,0.0,0.0,0.43247969448566437,0
3,134,1.0887194440998904,0.0,0.0,0.5516432896256447,0
3,1159,1.1798798563671706,0.0,0.0,0.4151964634656906,0
3,653,0.5647189779895266,0.0,0.0,0.5184129327535629,0
3,2190,0.5227805576294744,0.0,0.0,0.45217693597078323,0
3,1679,0.3038397904068845,0.0,0.0,0.6410837471485138,0
3,1681,0.42825962667093076,0.0,0.0,0.475403044372797,0
3,1687,0.9408776008521048,0.0,0.0,0.4597652181982994,0
3,2199,0.7082022248749418,0.0,0.0,0.6351978778839111,0
3,2711,1.1675351453317941,0.0,0.0,0.46449923887848854,0
3,2716,0.35982349974799877,0.0,0.0,0.6957397162914276,0
3,158,0.5430240502253102,0.0,0.0,0.49419510178267956,0
3,1186,1.1211542458718626,0.0,0.0,0.5375332981348038,0
3,1701,0.8800465554015898,0.0,0.0,0.4491851329803467,0
3,677,1.0942807345465724,0.0,0.0,0.3573758453130722,0
3,678,1.1749625440520504,0.0,0.0,0.5266401544213295,0
3,1704,0.9302491368326518,0.0,0.0,0.5353031978011131,2
3,172,0.626433275119747,0.0,0.0,0.5391400158405304,0
3,1201,0.33334603585925365,0.0,0.0,0.48332942090928555,0
3,2737,0.9169866298621412,0.0,0.0,0.595195084810257,0
3,179,1.0888150159483454,0.0,0.0,0.4174434021115303,0
3,2235,0.7953208292951454,0.00020182850568062054,0.0,0.43224557489156723,1
3,2750,0.8096427216101598,0.0,0.0,0.5912156850099564,0
3,2752,0.9882012522229895,0.0,0.0,0.5130275283008814,0
3,2753,1.0462794434564997,0.0,0.0,0.46092673018574715,0
3,1731,0.4417009657482389,0.0,0.0,0.49912737123668194,0
3,195,0.4605779351596907,0.0,0.0,0.507622953504324,0
3,1733,0.8919053362520408,0.0,0.0,0.6010974198579788,0
3,198,0.3172113790321692,0.0,0.0,0.426902711391449,0
3,2249,0.9837103206873692,0.0,0.0,0.3551025986671448,0
3,2251,0.5609994409810992,0.0,0.0,0.6034169346094131,0
3,2764,1.0501050262578775,0.0,0.0,0.6096934825181961,0
3,1229,0.6023970850984154,0.0,0.0,0.48783886805176735,0
3,2254,0.9221822294268964,0.0,0.0,0.7193955928087234,0
3,205,0.5876734163761701,0.0,0.0,0.434952475130558,0
3,1745,0.9486832980505137,0.0,0.0,0.4591759592294693,0
3,1234,1.0834831277815957,0.0,0.0,0.615831159055233,0
3,2259,1.0400550183023616,0.0,0.0,0.4102797359228134,0
3,2261,0.6036549913489594,0.0,0.0,0.4532203897833824,0
3,728,0.664275021403721,0.0,0.0,0.34072190523147583,0
3,1244,0.9092319771044804,0.0,0.0,0.6077800914645195,0
3,1247,1.2079773681770907,0.0,0.0,0.48278577625751495,0
3,1255,0.8859104335961424,0.0,0.0,0.6526052355766296,0
3,236,0.42409453258668883,0.0,0.0,0.5897361636161804,2
3,2284,1.1211542458718626,0.0,0.0,0.4985995163442567,0
3,749,0.9690881564754015,0.0,0.0,0.49019763618707657,0
3,2799,0.4429552167980712,0.0,0.0,0.5220583397895098,0
3,240,0.6270301631480475,0.0,0.0,0.38318800926208496,0
3,241,0.38109956111596105,0.0,0.0,0.602250449359417,0
3,752,0.9275451792450472,0.0,0.0,0.5364182330667973,0
3,243,0.5494262252227059,0.0,0.0,0.39715224504470825,0
3,248,0.5389561679446263,0.0,0.0,0.5930651649832726,0
3,249,0.35140403026772704,0.0,0.0,0.5673001706600189,0
3,2301,0.31658010947808946,0.0,0.0,0.5179869178682566,0
3,2815,0.921776071112392,0.0,0.0,0.46509280800819397,0
3,2819,0.8370478180757481,0.0,0.0,0.4030423015356064,0
3,2307,0.5169478301355973,0.0,0.0,0.5635099709033966,0
3,2821,1.1202633796572632,0.0,0.0,0.5700152218341827,3
3,259,0.5901020713744034,0.08615171227830996,0.0,0.5385574139654636,0
3,774,0.8594691003591617,0.0,0.0,0.5047714933753014,0
3,1799,0.39127114501832183,0.0,0.0,0.549726128578186,0
3,2823,1.0942807345465724,0.0,0.0,0.0,0
3,2313,1.059984806794472,0.0,0.0,0.5844244584441185,0
3,1801,0.8761131599991177,0.000328315975550471,0.0,0.5836384743452072,1
3,2314,0.6550253164271719,0.0,0.0,0.47716434113681316,0
3,781,0.8226140374489517,0.000328315975550471,0.0,0.5540665537118912,1
3,1811,1.0293005637539463,0.0,0.0,0.6294183284044266,0
3,788,0.8115051342293431,0.0,0.0,0.3442620635032654,0
3,2334,0.5213971058594203,0.0,0.0,0.6479023993015289,0
3,1311,0.9334994659327176,0.0,0.0,0.42505232989788055,0
3,801,0.9327715905521015,0.0003853739478143377,0.0,0.583159364759922,1
3,2338,0.31658010947808946,0.0,0.0,0.37300556898117065,0
3,2339,1.0046839689005094,0.0003853739478143377,0.0,0.38765254616737366,1
3,1314,1.1547732822948409,0.0,0.0,0.40162068605422974,0
3,1829,0.49328706824337465,0.0,0.0,0.3089970350265503,0
3,805,1.1222917683605065,0.0,0.0,0.5751330107450485,0
3,1830,0.5262659543458028,0.0,0.0,0.3823515847325325,0
3,2344,0.9209664295134123,0.0,0.0,0.46923328936100006,0
3,297,0.564090463962959,0.0,0.0,0.4429863393306732,3
3,2345,0.5394563598220694,0.10587205574886743,0.0,0.5696851015090942,1
3,1841,1.3311699530707892,0.0,0.0,0.5742740482091904,0
3,1337,0.3434123529100486,0.0,0.0,0.6072016209363937,3
3,827,0.8393971724679632,0.0,0.0,0.5905206277966499,0
3,2876,0.0,0.00018334453832455767,0.0,0.0,0
3,1343,1.2165670583985957,0.0,0.0,0.47569556161761284,0
3,2368,0.8630442049756959,0.0,0.0,0.5831785202026367,0
3,2367,1.095072831145188,0.0,0.0,0.5138766672462225,0
3,2371,1.02636735958133,0.0,0.0,0.5813422650098801,0
3,325,0.5369783137887477,0.0,0.0,0.6622079163789749,0
3,2885,0.0,0.0,0.0,0.0,0
3,1863,0.8509207883453176,0.0,0.0,0.4526871629059315,0
3,843,1.0842368556306181,0.0,0.0,0.5547400899231434,0
3,844,1.0876290212339494,0.0,0.0,0.5301805250346661,0
3,2893,0.0,0.0,0.0,0.0,0
3,1360,0.5520674394178381,0.0,0.0,0.5491412132978439,0
3,849,0.7710907698866596,0.0,0.0,0.5881663784384727,0
3,1365,0.9169708193389345,0.0,0.0,0.5279418397694826,0
3,2389,0.42825962667093076,0.0,0.0,0.6093051880598068,0
3,1367,0.5599373683111601,0.0,0.0,0.46992871910333633,0
3,2392,0.4442274804017437,0.0,0.0,0.5336745418608189,0
3,1888,0.5236411046695587,0.0,0.0,0.567458838224411,0
3,354,1.0782792848227032,0.0,0.0,0.6380800008773804,0
3,355,0.827797251061027,0.0,0.0,0.5682620480656624,0
3,1380,0.855931824305287,0.0,0.0,0.5270357523113489,0
3,2917,0.0,0.0,0.0,0.0,0
3,2409,0.5472502370286726,0.0,0.0,0.41198280453681946,0
3,2923,0.0,0.0,0.0,0.0,0
3,1901,0.5125850111488961,0.0,0.0,0.4453965499997139,0
3,2415,0.301334714446439,0.0,0.0,0.4830148760229349,0
3,1903,0.5745896726621963,0.0,0.0,0.47345292940735817,0
3,881,0.6700771008141331,0.0,0.0,0.4625990204513073,0
3,2419,0.661901159660649,0.0,0.0,0.5831962525844574,0
3,373,0.5223529249136781,0.0,0.0,0.4064331725239754,0
3,2426,0.9092319771044804,0.0,0.0,0.6474987864494324,0
3,1914,0.4286160644548199,0.0,0.0,0.5986840277910233,0
3,2429,1.051395876913717,0.0,0.0,0.5965963453054428,0
3,386,0.5176592512251048,0.0,0.0,0.4759116433560848,0
3,2436,0.7987446929448121,0.0,0.0,0.4705865439027548,0
3,1929,0.42825962667093076,0.0,0.0,0.4655449017882347,0
3,1930,0.4124124305281695,0.0,0.0,0.677895650267601,0
3,1417,0.6794064256190824,0.00014290782872728954,0.0,0.434859499335289,0
3,2444,1.0606601717798212,0.0,0.0,0.5016363374888897,0
3,909,0.9169708193389345,0.0,0.0,0.38872329890727997,0
3,401,0.5659865930978122,0.0,0.0,0.5441463515162468,0
3,1938,0.3294004174076632,0.0,0.0,0.4123236685991287,0
3,1939,0.4286160644548199,0.0,0.0,0.3667942136526108,2
3,1427,0.3035845698621589,0.0,0.0,0.505877111107111,0
3,2455,1.0842368556306181,0.0,0.0,0.6175608932971954,2
3,1943,0.42825962667093076,0.0,0.0,0.437421977519989,0
3,923,0.4616071660131267,0.0,0.0,0.47639742866158485,0
3,422,0.8165480186437293,0.0,0.0,0.6131981611251831,3
3,936,0.9748741407430306,0.0,0.0,0.45508836582303047,0
3,1962,0.5488781684556965,0.0,0.0,0.48895789682865143,0
3,426,0.8748588788162838,0.0,0.0,0.5027456972748041,0
3,2476,0.6145173807415947,0.0,0.0,0.39180321991443634,0
3,943,0.359230219082681,0.0,0.0,0.3737668842077255,0
3,949,0.5360028723160704,0.0,0.0,0.3605984151363373,3
3,437,0.9564446261056014,0.0,0.0,0.6364941000938416,0
3,439,0.7149584958739621,0.0,0.0,0.5999152064323425,0
3,441,0.9047418054327012,0.0,0.0,0.4704089406877756,0
3,1466,0.3305596156749826,0.0,0.0,0.6009148061275482,0
3,1465,0.5384582864267216,0.0,0.0,0.5628302544355392,0
3,450,0.8969940676134209,0.0,0.0,0.5613544136285782,0
3,2504,1.0834831277815957,0.0,0.0,0.5442134067416191,0
3,1992,0.5210804357432077,0.0,0.0,0.4723788071423769,0
3,1490,1.0469122102673047,0.0,0.0,0.4169483929872513,0
3,1493,1.1311940727970864,0.000328315975550471,0.0,0.44302432239055634,2
3,1498,1.1124013965635147,0.0,0.0,0.4375520795583725,0
3,2526,0.7785678482575333,0.0,0.0,0.6171384081244469,0
3,1503,0.7519659408469168,0.00014290782872728954,0.0,0.4712950959801674,1
3,993,0.5400848781427545,0.01934644304272696,0.0,0.5619368776679039,0
3,997,0.7699084812348139,0.0,0.0,0.6266218423843384,0
3,1513,1.1547732822948409,0.0,0.0,0.6085653379559517,0
3,1517,0.39788119780195147,0.0,0.0,0.4788593426346779,0
3,495,0.6907287984042534,0.0,0.0,0.7935261726379395,0
3,496,0.5451166672235385,0.0,0.0,0.47526733949780464,0
3,2548,1.0724818743274165,0.0,0.0,0.408595010638237,0
3,2549,1.0475468951361069,0.0,0.0,0.5030635856091976,0
3,1015,0.46317284309451723,0.0,0.0,0.38323816657066345,0
3,2041,1.0812375548253486,0.0,0.0,0.43951020389795303,0
3,1532,0.8085724711260787,0.0,0.0,0.6058538407087326,0
3,2046,1.0394426806696968,0.0,0.0,0.652681827545166,0
1,1,1.0396465929268166,0.0,0.0,0.49039953108876944,3
1,4,0.7847762330862524,0.0,0.0,0.38672663271427155,0
1,5,0.8338941704192133,0.000328315975550471,0.0,0.32579995691776276,1
1,6,0.8154541809324297,0.0003853739478143377,0.0,0.365666463971138,1
1,7,0.6580370064762463,0.0,0.0,0.5400807783007622,0
1,8,0.7760259669690344,0.024739636215237483,0.0,0.4588394947350025,1
1,9,0.0,0.00022404165791980855,0.0,0.40562839806079865,0
1,11,0.42755117159591227,0.0350887863049175,0.0,0.3775835186243057,3
1,14,0.4112424543996358,0.0,0.0,0.5885293334722519,0
1,15,1.1050920837907436,0.0,0.0,0.5574100166559219,2
1,16,0.9369144058936116,0.0,0.0,0.7079690992832184,0
1,17,0.7451951402874726,0.01562318034596906,0.0,0.40609975159168243,3
1,19,0.3401874666585601,0.0,0.0,0.4537424370646477,0
1,21,0.4450858949947363,0.04480620938967223,0.0,0.4642406776547432,0
1,22,0.6913258921193344,0.0,0.0,0.47218700125813484,0
1,25,0.3235420740333905,0.0,0.0,0.4832001533359289,0
1,26,0.9316417463471498,0.0002511886431509581,0.0,0.6259133517742157,3
1,27,0.7124160699682267,0.0,0.0,0.6534141004085541,0
1,28,1.002089478577017,0.0002850420866935585,0.0,0.5884848237037659,1
1,30,0.7598835538400464,0.0432078203374887,0.0,0.5677541643381119,1
1,31,0.850541862094415,0.0,0.0,0.5609587952494621,0
1,34,0.3980043999216235,0.0,0.0,0.5937912240624428,3
1,36,0.7239662847407198,0.0,0.0,0.3678974509239197,0
1,37,0.7146528826369822,0.0,0.0,0.4421597756445408,0
1,41,0.964362790210439,0.0,0.0,0.4544132202863693,0
1,45,0.7332776652293105,0.0,0.0,0.5251118782907724,2
1,46,0.7820992996015508,0.0,0.0,0.46053115651011467,0
1,47,0.0,0.018597477761469326,0.0,0.4748218562453985,0
1,50,0.7439076491940827,0.0,0.0,0.5860937908291817,0
1,52,0.7495224448390836,0.00020182850568062054,0.0,0.46361321583390236,0
1,53,0.7734940377359732,0.0002511886431509581,0.0,0.5401870831847191,1
1,54,0.44005586839669664,0.00018334453832455767,0.0,0.6018111482262611,0
1,55,0.7339200466295399,0.00014290782872728954,0.0,0.40585794299840927,0
1,57,0.6899009599987566,0.00022404165791980855,0.0,0.44517628848552704,3
1,58,0.7053803361238309,0.00018334453832455767,0.0,0.6477726101875305,2
1,59,0.324069446727242,0.0001544153567492393,0.0,0.6753949522972107,0
1,61,0.4637006762507183,0.0,0.0,0.3812491223216057,0
1,67,0.0,0.000328315975550471,0.0,0.4419163167476654,0
1,68,0.3209679469378785,0.0003853739478143377,0.0,0.45814647525548935,3
1,72,0.46693223534061046,0.01327099160525004,0.0,0.5873113721609116,0
1,74,0.8916268333808546,0.0002511886431509581,0.0,0.44636427238583565,1
1,75,0.836350439052205,0.0003853739478143377,0.0,0.4330260157585144,1
1,76,0.28169377306588145,0.0,0.0,0.6182910427451134,0
1,81,0.7378344256901228,0.04080362326397196,0.0,0.4455795958638191,0
1,86,0.8111508424469287,0.000328315975550471,0.0,0.48809969797730446,1
1,87,0.48014787702368533,0.0,0.0,0.6258208304643631,0
1,93,0.7950004583019361,0.0002511886431509581,0.0,0.5255112443119287,1
1,95,0.48014787702368533,0.00018334453832455767,0.0,0.5208128467202187,0
1,96,0.7940432013483465,0.0,0.0,0.43451185524463654,0
1,98,0.3307548089195695,0.0,0.0,0.5536496043205261,0
1,99,0.7459885300749195,0.000354753332568263,0.0,0.5231971740722656,0
1,102,0.7606515018172795,0.0,0.0,0.4611356146633625,0
1,104,0.6855475857206424,0.0002511886431509581,0.0,0.5424881801009178,0
1,106,0.0,0.000328315975550471,0.0,0.5062154196202755,0
1,108,0.7997513045108657,0.00020182850568062054,0.0,0.4743563774973154,1
1,110,0.7212946566518235,0.0,0.0,0.330814465880394,0
1,124,0.8212350336514227,0.0,0.0,0.31201256811618805,0
1,127,0.0,0.0002850420866935585,0.0,0.4541808068752289,0
1,136,0.7653422780711656,0.00020182850568062054,0.0,0.2913472652435303,1
1,140,0.0,0.0,0.0,0.629543662071228,0
1,141,0.285497635805009,0.027905271550921745,0.0,0.4649965837597847,0
1,145,0.7405029481780935,0.0,0.0,0.47794682160019875,0
1,151,0.6206161803077822,0.0002511886431509581,0.0,0.5640344768762589,0
1,155,0.32732683535398854,0.026266268640243402,0.0,0.5676766261458397,0
1,158,0.7495224448390836,0.0002511886431509581,0.0,0.5202111452817917,0
1,168,0.7221735356507887,0.0,0.0,0.5315967164933681,0
1,169,0.7233662292855277,0.00014290782872728954,0.0,0.45231811329722404,0
1,171,0.7169252575180411,0.00016774375367471144,0.0,0.4906345224007964,0
1,172,0.74880895288836,0.0,0.0,0.5287634022533894,0
1,174,0.7245688373094719,0.00022404165791980855,0.0,0.43597519397735596,0
1,180,0.7391626658554724,0.03160735584509434,0.0,0.4859351869672537,0
1,181,0.7502393490012653,0.00020182850568062054,0.0,0.32224342226982117,1
1,188,0.8849041453715829,0.0,0.0,0.5141202956438065,0
1,190,0.7186534948637369,0.00018334453832455767,0.0,0.46414608135819435,0
1,193,1.0349028345494318,0.000328315975550471,0.0,0.5953294336795807,1
1,194,0.8602322666190392,1.0,0.0,0.37286603450775146,6
1,195,0.2942830956382712,0.0003853739478143377,0.0,0.47584556601941586,0
1,196,1.0408999364837732,0.011975343642024404,0.0,0.38410811871290207,1
1,201,0.8038845238226053,0.4446006353219719,0.0,0.6331912577152252,4
1,202,0.0,0.0,0.0,0.5834622085094452,0
1,205,0.4335783630613509,0.0,0.0,0.4015524238348007,0
1,213,0.700197175809924,0.00012407177456709003,0.0,0.5268552489578724,0
1,218,0.35520942367948233,0.0,0.0,0.5655867084860802,0
1,219,0.0,0.0,0.0,0.5911099091172218,0
1,221,1.0589757768011148,0.00018334453832455767,0.0,0.5843902602791786,1
1,224,0.5423782837718303,0.0002850420866935585,0.0,0.6731894463300705,0
1,228,0.6197666010674405,0.00018334453832455767,0.0,0.4793547112494707,3
1,229,0.7180751012404103,0.0,0.0,0.4345609322190285,0
1,230,0.7930916799253485,0.0,0.0,0.45850709825754166,0
1,232,0.8388433145014706,0.0,0.0,0.4250187575817108,0
1,234,0.7146528826369822,0.027366645514942584,0.0,0.46834148094058037,3
1,235,0.7233662292855277,0.010285204467514204,0.0,0.5715997889637947,0
1,236,0.7169252575180411,0.06304912641875046,0.0,0.5636689439415932,0
1,239,0.6986788499066099,0.01552063692691396,0.0,0.460446797311306,0
1,241,0.34436232699921493,0.0,0.0,0.638317197561264,3
1,248,0.34436232699921493,0.016296535317200222,0.0,0.577833890914917,0
1,252,0.28302318126304027,0.0,0.0,0.472405506297946,0
1,255,0.6913258921193344,0.0,0.0,0.48504142090678215,0
1,256,0.7140903848516403,0.0,1.2424533248940002,0.5887605547904968,3
1,257,0.7157845613716323,0.0,0.0,0.5499994680285454,3
1,258,0.0,0.0,0.0,0.48318733647465706,0
1,262,0.8024395820939794,0.0003853739478143377,0.0,0.422919899225235,1
1,265,0.7233662292855277,0.0,0.0,0.41251208633184433,0
1,271,0.44905436388782527,0.0,0.0,0.5977568551898003,0
1,274,0.7425363850250228,0.017580247056166433,0.0,0.6017374843358994,0
1,277,1.0272306759553664,0.0002850420866935585,0.0,0.5016104839742184,1
1,284,0.7240320669670803,0.020125949092535435,0.0,0.570122554898262,0
1,285,0.7330574947600488,0.0,0.0,0.4493551328778267,0
1,297,0.8323582900575635,0.0,0.0,0.449681181460619,0
1,300,0.4244339442489527,0.0,0.0,0.5013623936101794,0
1,303,0.6971768444093576,0.008614449201098462,0.0,0.3698592483997345,0
1,304,0.7146528826369822,0.0003853739478143377,0.0,0.39494751393795013,0
1,308,0.6971768444093576,0.01922708965873351,0.0,0.42752428352832794,0
1,309,0.5633875461317629,0.018597477761469326,0.0,0.5498931221663952,0
1,311,0.7777371702291352,0.0002511886431509581,0.0,0.4156268835067749,1
1,312,0.9200174674810538,0.0003853739478143377,0.0,0.43499934673309326,1
1,313,0.745291669407787,0.008907583964140162,0.0,0.5785730928182602,0
1,315,0.28692018923782237,0.0002850420866935585,0.0,0.634202390909195,0
1,316,0.7568500260087727,0.0300805661514891,0.0,0.5669309571385384,1
1,317,0.7251739057592772,0.015277126881692714,0.0,0.47502683848142624,0
1,320,0.6986788499066099,0.0003853739478143377,0.0,0.5850673168897629,0
1,321,0.3175293858264927,0.0,0.0,0.5926913246512413,0
1,322,0.3204652547971756,0.0003853739478143377,0.0,0.49313316494226456,0
1,323,1.0651262081094544,0.00020182850568062054,0.0,0.35922491550445557,2
1,324,0.588058649894318,0.00020182850568062054,0.0,0.5228116065263748,0
1,325,0.626409458627921,0.0002511886431509581,0.0,0.6532996445894241,0
1,329,0.31800940138537775,0.008900383859013076,0.0,0.5118633070960641,0
1,333,0.7146528826369822,0.009361333831298694,0.0,0.5510266236960888,0
1,334,0.7812170654850361,0.0,0.0,0.5284690372645855,0
1,335,0.6976757190358123,0.024790855334094117,0.0,0.41101599484682083,0
1,341,0.6713691220467413,0.0,0.0,0.4321524202823639,0
1,346,0.31611075294740243,0.0,0.0,0.48695599380880594,0
1,351,0.39509906410366386,0.00020182850568062054,0.0,0.3680326044559479,0
1,358,0.883029552220157,0.012811056855373202,0.0,0.3308861553668976,1
1,361,0.7257815090620509,0.0003853739478143377,0.0,0.5840823650360107,0
1,369,0.6889591134890687,0.00020182850568062054,0.0,0.5464347004890442,0
1,371,0.7385489458759964,0.01241632764439408,0.0,0.5313358902931213,0
1,375,0.6293002112604358,0.0,0.0,0.41509294509887695,0
1,387,0.7803397849711425,0.0003853739478143377,0.0,0.49639542819932103,1
1,391,0.670137623517258,0.0,0.0,0.5321006290614605,3
1,397,0.715102713429632,0.0,0.0,0.4078383445739746,0
1,398,0.3595262475325284,0.0,0.0,0.46880409121513367,0
1,401,0.29527229646186665,0.00022404165791980855,0.0,0.5066287810914218,0
1,406,0.7411776668262038,0.00020182850568062054,0.0,0.5562113747000694,0
1,408,0.7893417324275798,0.0,0.0,0.510865543037653,0
1,409,0.6764110465147098,0.0,0.0,0.43265559524297714,0
1,411,0.35864179742032526,0.0,0.0,0.4830904137343168,0
1,420,0.0,0.0,0.0,0.574337475001812,0
1,422,0.7378344256901228,0.0,0.0,0.5786242634057999,0
1,423,0.6572930403276132,0.0003853739478143377,0.0,0.6285797953605652,0
1,425,1.0399234997546516,0.0,0.0,0.5587444789707661,0
1,426,0.6971768444093576,0.0,0.0,0.5173938255757093,0
1,428,0.7629788665990207,0.0,0.0,0.5790067911148071,0
1,431,0.3307548089195695,0.0171208343134404,0.0,0.5360480770468712,0
1,432,0.4229171816577827,0.0,0.0,0.44901303201913834,0
1,439,0.0,0.000328315975550471,0.0,0.5486655943095684,0
1,444,0.7233662292855277,0.0002850420866935585,0.0,0.48376812413334846,0
1,447,0.6649283860386188,0.017202309155442068,0.0,0.5015420895069838,0
1,448,0.7083397532288122,0.031205767829475234,0.0,0.4613168463110924,0
1,452,0.7172835948406505,0.0,0.0,0.615077368915081,0
1,453,0.9101504824946213,0.06836537419572343,0.0,0.45871298760175705,1
1,456,0.9365001457895159,0.05038093762082024,0.0,0.5666696280241013,1
1,459,0.751307764338148,0.020301056728792302,0.0,0.5050737112760544,1
1,465,1.037836931423179,0.0,0.0,0.3989690914750099,0
1,466,0.0,0.0003853739478143377,0.0,0.5450090430676937,0
1,467,0.7718288094823127,0.000328315975550471,0.0,0.4485725089907646,1
1,468,0.7080452129542251,0.0001544153567492393,0.0,0.4528576731681824,0
1,469,0.30904236116599293,0.0,0.0,0.5741878151893616,3
1,471,0.9014457877925561,0.0002511886431509581,0.0,0.45276495814323425,1
1,472,0.44316599735583634,0.0003853739478143377,0.0,0.5910202637314796,0
1,475,0.4388419096097259,0.0,0.0,0.5528334677219391,0
1,481,0.8115328458775666,0.00022404165791980855,0.0,0.5696482062339783,1
1,482,0.6202756500395068,0.0,0.0,0.6193948462605476,0
1,483,0.7198173100035995,0.0002511886431509581,0.0,0.6026491895318031,0
1,488,0.7017321441198693,0.00018334453832455767,0.0,0.5397961735725403,0
1,493,0.713530093808417,0.0,0.0,0.5809960588812828,0
1,495,0.7384970526943554,0.00020182850568062054,0.0,0.7389949858188629,0
1,497,0.7370308516304532,0.386067213600687,0.0,0.6069833189249039,6
1,498,0.9450501094080278,0.0002850420866935585,0.0,0.45371013879776,1
1,499,0.7828108819039006,0.0002511886431509581,0.0,0.5305387657135725,3
1,501,0.6880236610759851,0.0,0.0,0.5309932976961136,0
1,502,0.7012186186064867,0.03105755951648731,0.0,0.47296326234936714,0
1,507,0.4006365988978601,0.0,0.0,0.5232142694294453,0
1,509,0.7952118307308189,0.0,0.0,0.5464175567030907,0
1,510,0.9306048591020997,0.0,0.0,0.62209352850914,0
1,512,0.7108383449420208,0.0,0.0,0.5577687062323093,3
1,513,0.814367630643485,0.0002511886431509581,0.0,0.669502779841423,1
1,514,0.6991831294480783,0.0,0.0,0.5364129282534122,0
1,515,0.7129719939729214,0.0,0.0,0.5658280402421951,2
1,516,0.6991831294480783,0.0,0.0,0.4707588441669941,0
1,524,0.7186534948637369,0.00013288051246680227,0.0,0.5050452705472708,0
1,530,0.6466133699100997,0.0,0.0,0.5689050182700157,0
1,534,0.7251739057592772,0.0002511886431509581,0.0,0.5119813568890095,0
1,540,0.7096685599774553,0.00020182850568062054,0.0,0.3860476613044739,0
1,541,0.7676545733756076,0.0003853739478143377,0.0,0.49310043593868613,1
1,546,0.6790043632596151,0.0002511886431509581,0.0,0.3896925449371338,0
1,548,0.6572930403276132,0.0,0.0,0.6137809827923775,0
1,556,0.6626877340247366,0.0,0.0,0.42239295691251755,0
1,558,0.7447819789879648,0.0002511886431509581,0.0,0.48842923901975155,0
1,564,0.285497635805009,0.0,0.0,0.6936753690242767,0
1,569,0.9523979456405962,0.0,0.0,0.2736390382051468,0
1,570,0.7855224253817998,0.016349063005915872,0.0,0.4100102633237839,1
1,572,0.8142206316641374,0.04400060911238614,0.0,0.5487049892544746,1
1,576,0.7893417324275798,0.07072716150399087,0.0,0.45971618220210075,1
1,578,0.3595262475325284,0.0,0.0,0.7141950279474258,0
1,579,0.7204027658026881,0.0,0.0,0.5157880410552025,0
1,581,0.6991831294480783,0.000328315975550471,0.0,0.4617576040327549,0
1,584,0.7576027370592819,0.012533050881406046,0.0,0.3154420256614685,1
1,585,0.8482161660301955,0.04400060911238614,0.0,0.5179742760956287,1
1,588,0.7276197209353876,0.0,0.0,0.5005985777825117,0
1,590,0.7233662292855277,0.00022404165791980855,0.0,0.46119482442736626,0
1,591,0.424945619613444,0.013734956449047628,0.0,0.4201132357120514,0
1,592,0.6986788499066099,0.0002850420866935585,0.0,0.5986161679029465,0
1,598,0.8343915994451799,0.0,0.0,0.37280169129371643,0
1,599,0.40335820725998894,0.013862714105248199,0.0,0.52717493660748,0
1,603,0.7239662847407198,0.011735340054139929,0.0,0.648833617568016,0
1,606,0.6991831294480783,0.0003853739478143377,0.0,0.40174540132284164,0
1,607,0.3869762567250573,0.011907041697590074,0.0,0.6145510971546173,0
1,615,0.7163537741962566,0.0,0.0,0.5399780683219433,0
1,618,0.7425363850250228,0.0,0.0,0.4766324609518051,0
1,622,0.9054900606385373,0.0,0.0,0.4572417624294758,0
1,626,0.9054900606385373,0.0,0.0,0.4686095006763935,0
1,627,0.8921899717873143,0.0,0.0,0.5154695324599743,0
1,632,1.0334166721138072,0.0,0.0,0.5493793450295925,0
1,635,0.7215808609327772,0.0,0.0,0.675375446677208,0
1,636,0.9736727340592591,0.0,0.0,0.5542979128658772,0
1,641,0.7239662847407198,0.000328315975550471,0.0,0.3958034813404083,0
1,643,0.9559851953704166,0.013052308090720695,0.0,0.6321196258068085,1
1,644,0.7215808609327772,0.044340488189841556,0.0,0.5019234865903854,0
1,645,0.7075082044428432,0.0,0.0,0.4949532262980938,0
1,646,0.7174990276911413,0.03276864380330162,0.0,0.49462462216615677,0
1,648,0.7263916663970522,0.023679202942447786,0.0,0.3981643170118332,0
1,649,0.3019513223654181,0.06066470268119067,0.0,0.6098367273807526,0
1,650,0.7245688373094719,0.0002850420866935585,0.0,0.6021600142121315,0
1,652,0.7469191084959397,0.0,0.0,0.4858868634328246,2
1,655,0.7276197209353876,0.0,0.0,0.6825404614210129,0
1,657,0.7621991222319221,0.009876495488428054,0.0,0.6332507729530334,1
1,658,0.6252715620888376,0.014647777702656977,0.0,0.6048293486237526,0
1,661,0.7391626658554724,0.05688782346582198,0.0,0.493003124371171,0
1,663,0.7239662847407198,0.13007417325569726,0.0,0.3420466333627701,1
1,665,0.7425363850250228,0.022153406457934947,0.0,0.6441933214664459,0
1,669,0.28493838211934724,0.02560988358308152,0.0,0.6654475927352905,0
1,670,0.6913258921193344,0.0003853739478143377,0.0,0.5107685811817646,0
1,673,0.5567553014055913,0.12246830236634092,0.0,0.34656229615211487,1
1,674,0.7239662847407198,0.023597132418934418,0.0,0.49047918524593115,0
1,675,0.7169252575180411,0.0456435295162501,0.0,0.42377957701683044,0
1,677,0.6991831294480783,0.0002511886431509581,0.0,0.3318350315093994,0
1,678,0.7022475555169667,0.011605942019990914,0.0,0.4912601709365845,0
1,680,0.8690335261947463,0.0,0.0,0.440898135304451,0
1,682,1.0420597153705446,0.0,0.0,0.4343084618449211,3
1,683,0.8054245297779324,0.0,0.0,0.5718440115451813,2
1,684,0.9797883492013565,0.0,0.0,0.5018028877675533,0
1,692,0.7425363850250228,0.0002511886431509581,0.0,0.47450755909085274,0
1,696,0.6794779307956362,0.00018334453832455767,0.0,0.47100684978067875,0
1,697,0.7765715040138027,0.0,0.0,0.46232207119464874,0
1,701,0.8097023879742195,0.0,0.0,0.47794409096241,2
1,704,0.7653422780711656,0.05018347614207679,0.0,0.6476381421089172,1
1,708,0.7146528826369822,0.0002850420866935585,0.0,0.6292618066072464,0
1,709,0.4116792499747949,0.010113646398050897,0.0,0.5121108237653971,0
1,710,0.6986788499066099,0.0,0.0,0.5252967532724142,0
1,711,0.4874538475952954,0.0,0.0,0.5376802161335945,3
1,713,0.7180751012404103,0.00011627749815668619,0.0,0.42171188443899155,0
1,714,0.7561010394150337,0.0001544153567492393,0.0,0.38790617138147354,1
1,731,0.6913258921193344,0.05688782346582198,0.0,0.3791177198290825,0
1,732,0.8209006058654229,0.00014290782872728954,0.0,0.446886096149683,1
1,733,0.9559851953704166,0.0003853739478143377,0.0,0.468344833701849,1
1,734,0.7163537741962566,0.0,0.0,0.46624431759119034,0
1,735,0.784593532506541,0.000328315975550471,0.0,0.5015205284580588,1
1,739,0.9584146563694088,0.0,0.0,0.5273532178252935,0
1,744,0.7569321717771726,0.00022404165791980855,0.0,0.7320659756660461,4
1,746,0.6981763836701733,0.03502445169928228,0.0,0.4101131111383438,0
1,747,0.7064402644866913,0.0002850420866935585,0.0,0.4401526674628258,0
1,748,0.6777015027073836,0.0,0.0,0.6010654270648956,0
1,751,0.7405029481780935,0.04895221432184721,0.0,0.5095209237188101,0
1,752,0.7391626658554724,0.00020182850568062054,0.0,0.4677198901772499,0
1,753,0.797907272632838,0.02380982480778402,0.0,0.3944951221346855,1
1,756,0.6039026447308362,0.000328315975550471,0.0,0.3175160735845566,0
1,758,0.0,0.010860410508974565,0.0,0.5054031386971474,0
1,760,0.7743334247959135,0.0002850420866935585,0.0,0.4768140334635973,1
1,761,0.9160259743755921,0.0,0.0,0.5551251322031021,0
1,764,0.7152176028584128,0.0002850420866935585,0.0,0.5892649590969086,0
1,765,0.7163537741962566,0.05788361068279966,0.0,0.5406976640224457,0
1,766,0.6947089230503432,0.028711312673526928,0.0,0.7256675362586975,0
1,767,0.6986788499066099,0.0,0.0,0.4029378443956375,0
1,768,0.5660463625260805,0.000328315975550471,0.0,0.45015306398272514,3
1,769,0.6870945250455117,0.0,0.0,0.5897452607750893,2
1,770,0.7152176028584128,0.01499779491610688,0.0,0.509408924728632,0
1,771,0.2750144043744648,0.06719099865439168,0.0,0.4901892365887761,0
1,774,0.8388433145014706,0.049121573697425404,0.0,0.5140338949859142,1
1,777,0.9584146563694088,0.0,0.0,0.5015205405652523,0
1,778,0.4532063096035152,0.01611212901822344,0.0,0.477143295109272,0
1,779,0.7496342354435371,0.0003853739478143377,0.0,0.5770703926682472,0
1,783,0.41211837513230276,0.00020182850568062054,0.0,0.6017562374472618,0
1,787,0.8065505088218444,0.0,0.0,0.5042596999555826,0
1,789,0.3170529713028618,0.00018334453832455767,0.0,0.4436149522662163,0
1,790,0.6927656622748446,0.030882310114518013,0.0,0.4743412770330906,0
1,791,0.7053803361238309,0.0,0.0,0.30375514924526215,0
1,792,0.7777371702291352,0.01434063700027635,0.0,0.4126793146133423,1
1,794,0.6922840730632335,0.00020182850568062054,0.0,0.46968409419059753,0
1,795,0.4041530056106737,0.04469624342580962,0.0,0.5133354067802429,0
1,797,0.7163537741962566,0.0003853739478143377,0.0,0.5403277724981308,0
1,798,0.7124160699682267,0.008489586065140838,0.0,0.5014465041458607,0
1,802,0.3429422459177292,0.000354753332568263,0.0,0.5152928344905376,0
1,805,0.6927656622748446,0.0003853739478143377,0.0,0.5740464851260185,0
1,806,0.7437247982128214,0.0002511886431509581,0.0,0.3035769611597061,0
1,807,0.3401874666585601,0.0,0.0,0.6142283380031586,0
1,808,0.8028096826991373,0.014738273786759463,0.0,0.4742917288094759,1
1,809,0.45110645555207984,0.012961664237270805,0.0,0.3622148334980011,0
1,813,0.9763367062409176,0.0,0.0,0.6987328231334686,0
1,814,0.74880895288836,0.04895221432184721,0.0,0.37406180799007416,0
1,815,1.0833894211318302,0.0,0.0,0.41787026822566986,0
1,816,0.6913258921193344,0.00020182850568062054,0.0,0.5513398721814156,0
1,817,0.3680137018121613,0.02380982480778402,0.0,0.46261758357286453,0
1,818,0.7502393490012653,0.04361297889516742,0.0,0.463844645768404,1
1,820,0.32788589261767076,0.000328315975550471,0.0,0.663859412074089,0
1,821,0.2743196255924797,0.0003853739478143377,0.0,0.4841297958046198,0
1,822,0.5567553014055913,0.0,0.0,0.5624292492866516,0
1,823,0.6497263351537952,0.03139199750948556,0.0,0.5590245276689529,0
1,824,0.7204027658026881,0.04417655165518868,0.0,0.5175092965364456,0
1,825,0.5204499682418866,0.018049486342013494,0.0,0.42900481075048447,0
1,826,0.7524108314731066,0.03808585417323911,0.0,0.52760449051857,1
1,827,0.668917337501518,0.0,0.0,0.5394325107336044,0
1,828,0.4017917380312709,0.011226635348048597,0.0,0.5985278412699699,0
1,830,0.7233662292855277,0.055411016215928165,0.0,0.527292225509882,0
1,832,0.7629788665990207,0.0,0.0,0.39676422625780106,0
1,833,0.8198741486641128,0.00014290782872728954,0.0,0.6222010552883148,1
1,837,0.4166428551017687,0.015406997762977874,0.0,0.4908618703484535,0
1,838,0.7326380853227671,0.0,0.0,0.5463771857321262,3
1,840,0.3994978760640405,0.000328315975550471,0.0,0.47112382389605045,0
1,841,0.6889591134890687,0.00016774375367471144,0.0,0.47757142409682274,0
1,843,0.6927656622748446,0.00018334453832455767,0.0,0.5521089024841785,0
1,846,0.9770084209183945,0.0594551273127648,0.0,0.4444624334573746,1
1,849,0.311600171213806,0.04450409212229176,0.0,0.591903917491436,0
1,851,0.8111508424469287,0.06389980328205946,0.0,0.40827595442533493,1
1,852,0.33689387983265084,0.015071853804779302,0.0,0.3120693266391754,0
1,853,0.36702040341114717,0.0003853739478143377,0.0,0.41913875937461853,0
1,854,0.7163537741962566,0.000328315975550471,0.0,0.537771500647068,0
1,856,0.8332857102035374,0.0,0.0,0.5060580065473914,0
1,865,0.7495224448390836,0.0002850420866935585,0.0,0.37911976128816605,0
1,867,0.7129719939729214,0.0,0.0,0.47544096782803535,0
1,870,0.45250092799571195,0.000328315975550471,0.0,0.5900134816765785,0
1,879,0.8954237688029468,0.0,0.0,0.6346412152051926,0
1,880,0.7820992996015508,0.0,0.0,0.4818204678595066,0
1,885,0.7820992996015508,0.0002511886431509581,0.0,0.6449656337499619,1
1,886,0.7718288094823127,0.0002850420866935585,0.0,0.5536334440112114,1
1,887,0.0,0.0,0.0,0.430317685008049,0
1,891,0.48700187321264843,0.0001544153567492393,0.0,0.5666024386882782,0
1,893,0.3429422459177292,0.0,0.0,0.532824382185936,0
1,895,0.6986788499066099,0.0003853739478143377,0.0,0.3842089846730232,0
1,901,0.7245688373094719,0.03808813637652681,0.0,0.4774387441575527,0
1,903,0.6908492797077574,0.0,0.0,0.4969089850783348,0
1,905,0.8958506694099326,0.0,0.0,0.6604763865470886,0
1,906,0.748098844026294,0.0002850420866935585,0.0,0.44296957924962044,0
1,908,0.7724126789651691,0.014552902612016964,0.0,0.4182462990283966,1
1,910,0.7752435146228313,0.0,0.0,0.4976786244660616,0
1,918,0.7882815912358784,0.0,0.0,0.5077605843544006,0
1,920,0.4450858949947363,0.00018334453832455767,0.0,0.40736058354377747,0
1,921,0.7064402644866913,0.0,0.0,0.6646952629089355,0
1,924,0.9845534477428055,0.0,0.0,0.44307180494070053,0
1,933,0.7553557442369436,0.0,0.0,0.5837371647357941,0
1,935,0.7212946566518235,0.0,0.0,0.6914287209510803,0
1,941,0.3170529713028618,0.00016774375367471144,0.0,0.4907645098865032,0
1,942,0.44444130837239487,0.0002850420866935585,0.0,0.47586565278470516,0
1,946,0.8588139068625893,0.00018334453832455767,0.0,0.4675815999507904,1
1,947,0.6024242917956416,0.0003853739478143377,0.0,0.4699463155120611,0
1,949,0.3954564584664234,0.01892094768131573,0.0,0.3601522296667099,0
1,950,0.7239662847407198,0.0003853739478143377,0.0,0.39475081861019135,0
1,951,0.6554513493785104,0.0,0.0,0.6176679953932762,0
1,952,0.7239662847407198,0.021900679126093,0.0,0.4372440353035927,0
1,954,0.7263916663970522,0.03866622992198783,0.0,0.5324607975780964,0
1,955,0.7221735356507887,0.03314871645138906,0.0,0.5037107840180397,0
1,956,0.7221735356507887,0.025857920180255806,0.0,0.6585215181112289,0
1,957,0.7209906102458992,0.000328315975550471,0.0,0.5113672576844692,0
1,959,0.29904760703052113,0.16132040292681152,0.0,0.4397531747817993,1
1,962,0.8255720185377329,0.10777861584646953,0.0,0.45773034542798996,2
1,965,0.7509596948612178,0.0002850420866935585,0.0,0.5960345268249512,1
1,966,0.0,0.0,0.0,0.5683422237634659,0
1,967,0.7445980514676362,0.009484558975577735,0.0,0.4639059156179428,3
1,968,0.2926705248364176,0.02394463986075019,0.0,0.3833986595273018,0
1,971,0.8413737906462289,0.0001544153567492393,0.0,0.45941002666950226,1
1,974,0.7670387248467656,0.0003853739478143377,0.0,0.5029842704534531,1
1,978,0.7466886608595789,0.03427621109737619,0.0,0.6073222756385803,0
1,981,0.7598835538400464,0.0,0.0,0.602099284529686,0
1,984,0.0,0.0,0.0,0.4849109258502722,0
1,985,0.0,0.0,0.0,0.40650082379579544,0
1,990,0.7345652516891752,0.013430241796188198,0.0,0.4316965267062187,0
1,993,0.3450835085970014,0.008234001973095813,0.0,0.5052902866154909,0
1,994,1.032571082219561,0.03864172637091583,0.0,0.4698947314172983,1
1,995,0.7636171732402421,0.0002511886431509581,0.0,0.4695490002632141,1
1,996,0.5348259312838877,0.04430585373531852,0.0,0.6038520634174347,0
1,999,0.9815255694070759,0.008033246835887603,0.0,0.5741491466760635,1
1,1001,0.7546487907970829,0.0,0.0,0.4763135686516762,0
1,1002,0.0,0.0681694345255262,0.0,0.47563325986266136,0
1,1004,0.7163537741962566,0.0,0.0,0.4251857399940491,0
1,1006,0.0,0.00012407177456709003,0.0,0.45693034678697586,0
1,1007,0.3235420740333905,0.3385667188911381,0.0,0.5142787992954254,2
1,1013,1.1000801991602414,0.0,0.0,0.4762481786310673,0
1,1014,0.9991376647355099,0.025129056627518333,0.0,0.5323815830051899,1
1,1019,0.7566554880088959,0.0,0.0,0.5148586537688971,0
1,1020,0.6777015027073836,1.0,0.0,0.5232537519186735,5
1,1024,0.6518438852282484,0.0,0.0,0.4515409916639328,3
1,1029,0.0,0.0,0.0,0.6152467578649521,3
1,1032,0.0,0.027637836444736896,0.0,0.33428505063056946,0
1,1033,0.9369055669533815,0.0,0.0,0.5087993992492557,0
1,1036,0.7233662292855277,0.032215526569591355,0.0,0.48031992092728615,0
1,1037,0.7153433996450653,0.0,0.0,0.5138903614133596,0
1,1038,0.4161791450287817,0.03310746357927794,0.0,0.5643448010087013,0
1,1040,0.7425363850250228,0.0002511886431509581,0.0,0.6075316593050957,3
1,1046,0.8551023431918245,0.000328315975550471,0.0,0.3319566398859024,1
1,1047,0.789486557807034,0.0002850420866935585,0.0,0.45602593943476677,1
1,1048,0.0,0.0003853739478143377,0.0,0.3213289976119995,0
1,1049,0.4546337487237187,0.0,0.0,0.5717756524682045,0
1,1051,0.829087663786753,0.00022404165791980855,0.0,0.525714285671711,1
1,1052,0.7048533426023836,0.0,0.0,0.5112650506198406,0
1,1055,0.3209679469378785,0.0002850420866935585,0.0,0.5441390834748745,0
1,1058,0.7820992996015508,0.047009950821245226,0.0,0.6519510447978973,1
1,1060,0.0,0.0003853739478143377,0.0,0.3907865732908249,0
1,1061,0.7163537741962566,0.0,0.0,0.43143466860055923,0
1,1062,0.7969324299177383,0.00018334453832455767,0.0,0.44431181252002716,1
1,1066,0.29976047885098706,0.00022404165791980855,0.0,0.4410097114741802,0
1,1068,0.9685795418698936,0.0,0.0,0.5651439279317856,0
1,1072,0.7463819494944632,0.0,0.0,0.39207176119089127,3
1,1075,0.6764110465147098,0.0,0.0,0.5502665303647518,0
1,1077,0.2959410941693825,0.0002850420866935585,0.0,0.669351652264595,0
1,1078,0.5587544549363183,0.01660914235797899,0.0,0.530737379565835,0
1,1079,0.8896444680413798,0.0002850420866935585,0.0,0.5026430133730173,1
1,1080,0.696184419339533,0.0,0.0,0.7115691751241684,0
1,1082,0.7772003922365338,0.0,0.0,0.5495667047798634,0
1,1083,0.8075092571617966,0.1218095712175959,0.0,0.45041464269161224,2
1,1089,0.6986788499066099,0.0,0.0,0.420617938041687,0
1,1092,0.0,0.0,0.0,0.5729966014623642,0
1,1099,0.9889149631854446,0.00018334453832455767,0.0,0.2952612191438675,1
1,1101,0.8277229058044455,0.00016774375367471144,0.0,0.6254263818264008,1
1,1106,0.7594020140602825,0.019027870237902665,0.0,0.5845251679420471,1
1,1108,0.7325683002969413,0.22622487243221542,0.0,0.43683134764432907,1
1,1116,0.9334030549357251,0.0,0.0,0.543989360332489,0
1,1120,0.9649127549564593,0.04183585126887733,0.0,0.5392586551606655,1
1,1121,0.7405976450154326,0.11775157372677539,0.0,0.42817363142967224,1
1,1125,0.5468134712891527,0.0,0.0,0.4673055484890938,0
1,1126,1.0125360187470436,0.0,0.0,0.5521364584565163,0
1,1127,0.8400619687165041,0.0,0.0,0.5303776152431965,0
1,1128,0.9460454242253362,0.0,0.0,0.4992409630212933,0
1,1129,0.7670387248467656,0.0,0.0,0.5223919712007046,0
1,1131,0.8115328458775666,0.22622487243221542,0.0,0.49230295792222023,2
1,1132,0.7080452129542251,0.22622487243221542,0.0,0.6511295437812805,1
1,1139,0.43023861484377324,0.00020182850568062054,0.0,0.3043820410966873,0
1,1140,0.7852832857286461,0.0002850420866935585,0.0,0.4771065730601549,1
1,1144,0.6852548980306203,0.00022404165791980855,0.0,0.456829309463501,0
1,1146,0.7384970526943554,0.0002511886431509581,0.0,0.46615954861044884,0
1,1147,0.7180751012404103,0.00016774375367471144,0.0,0.6790955662727356,0
1,1149,0.31611075294740243,0.0002850420866935585,0.0,0.6698616743087769,0
1,1152,0.8338941704192133,0.00020182850568062054,0.0,0.540403239428997,1
1,1154,1.0434554515967351,0.011975343642024404,0.0,0.3799806535243988,1
1,1156,0.44128680592508307,0.00011627749815668619,0.0,0.5413597114384174,0
1,1157,0.31611075294740243,0.000328315975550471,0.0,0.47950146347284317,0
1,1159,0.7538760980648862,0.0,0.0,0.44918907061219215,3
1,1161,0.7186534948637369,0.0003853739478143377,0.0,0.444990910589695,0
1,1164,0.7586676027431062,0.00020182850568062054,0.0,0.3478892296552658,1
1,1166,0.35193525480792,0.02364860565352771,0.0,0.5701173394918442,0
1,1171,0.44638923513736467,0.00012407177456709003,0.0,0.4593976140022278,0
1,1174,0.5660463625260805,0.0,0.0,0.5273562483489513,2
1,1177,0.954183141750223,0.0,0.0,0.3995264992117882,0
1,1179,0.0,0.00020182850568062054,0.0,0.5057633491232991,0
1,1183,0.8279074648326105,0.0,0.0,0.39246372133493423,0
1,1185,0.8863061560119962,0.0,0.0,0.5037082359194756,2
1,1196,0.3465488643089389,0.22409283811562025,0.0,0.42594263702630997,1
1,1197,0.0,0.06463830429572207,0.0,0.3200204521417618,0
1,1199,0.29976047885098706,0.04129084016021124,0.0,0.6020471081137657,0
1,1200,0.7245688373094719,0.010713514960529488,0.0,0.41366633772850037,0
1,1201,0.3012121458978208,0.0002511886431509581,0.0,0.4617801308631897,0
1,1202,0.7157845613716323,0.00022404165791980855,0.0,0.3715624511241913,0
1,1203,0.7239662847407198,0.007107514221434845,0.0,0.5032646246254444,0
1,1204,0.7257815090620509,0.027710134270520954,0.0,0.5188667736947536,0
1,1205,0.7239662847407198,0.000328315975550471,0.0,0.38699980825185776,0
1,1206,0.7233662292855277,0.010190815327309592,0.0,0.5101648028939962,0
1,1208,0.7257815090620509,0.000328315975550471,0.0,0.6031550988554955,0
1,1209,0.7239662847407198,0.000328315975550471,0.0,0.5783866345882416,0
1,1212,0.6913258921193344,0.0003853739478143377,0.0,0.6382873803377151,0
1,1213,0.7270043971538578,0.0002850420866935585,0.0,0.5535561367869377,0
1,1219,0.7538760980648862,0.0002850420866935585,0.0,0.6072039976716042,1
1,1221,0.7239662847407198,0.010596881328676172,0.0,0.32327574491500854,0
1,1222,0.7561010394150337,0.000328315975550471,0.0,0.49825939536094666,1
1,1225,0.7466886608595789,0.0003853739478143377,0.0,0.6250956356525421,0
1,1226,0.7257815090620509,0.034457055704002315,0.0,0.4308353289961815,0
1,1227,0.0,0.0003853739478143377,0.0,0.5735261887311935,0
1,1228,0.5173537572878675,0.0002511886431509581,0.0,0.33982934057712555,0
1,1230,0.7745966692414833,0.0,0.0,0.49063411727547646,0
1,1236,0.688490592909748,0.015815224237876735,0.0,0.5742719024419785,0
1,1239,0.7418554706133852,0.00020182850568062054,0.0,0.402928926050663,0
1,1242,0.0,0.0,0.0,0.49866336956620216,0
1,1244,0.7745966692414833,0.021682818813903233,0.0,0.5619096606969833,1
1,1247,0.2917238692293216,0.0,0.0,0.5139789618551731,0
1,1249,0.0,0.0,0.0,0.6016484349966049,0
1,1251,0.7445980514676362,0.0,0.0,0.5979332104325294,0
1,1253,0.3543765705317413,0.0,0.0,0.4154371917247772,0
1,1255,0.74880895288836,0.0,0.0,0.611046090722084,0
1,1256,0.8242367502646055,0.0,0.0,0.6090717762708664,0
1,1258,0.8506914605281469,0.0,0.0,0.7252309769392014,0
1,1259,0.0,0.0,0.0,0.4685547575354576,0
1,1261,0.7866719441770349,0.0003853739478143377,0.0,0.5790979191660881,1
1,1272,0.7395697485136122,0.0,0.0,0.447172399610281,0
1,1273,1.0162654963092295,0.0,0.0,0.556199349462986,0
1,1278,0.41852390903787406,0.0,0.0,0.448121827095747,0
1,1280,0.7146528826369822,0.0,0.0,0.5282343942672014,3
1,1285,0.6829895615858893,0.039028647724699446,0.0,0.4872415419667959,2
1,1286,0.6681099524002725,0.0,0.0,0.4421415217220783,0
1,1288,0.7751773861844501,0.0,0.0,0.34079304337501526,0
1,1290,0.7378344256901228,0.0002511886431509581,0.0,0.4837568197399378,0
1,1293,0.7495224448390836,0.0,0.0,0.6605115681886673,0
1,1294,0.700197175809924,0.0,0.0,0.5914933681488037,0
1,1299,0.7463819494944632,0.02144017123136351,0.0,0.4243358448147774,0
1,1302,0.7411776668262038,0.00018334453832455767,0.0,0.40281330049037933,0
1,1308,0.3847585364432452,0.0,0.0,0.5009095664136112,0
1,1310,0.9791947176964051,0.0,0.0,0.47570372372865677,0
1,1315,0.8575753650660624,0.0,0.0,0.5648980662226677,0
1,1318,0.7726721905996057,0.0,0.0,0.5591451600193977,0
1,1322,0.0,0.0003853739478143377,0.0,0.5769145265221596,0
1,1331,0.0,0.0003853739478143377,0.0,0.6820919215679169,0
1,1339,1.0219911622583568,0.0,0.0,0.5037399642169476,0
1,1347,0.9321942839518415,0.0,0.0,0.6582759767770767,0
1,1348,0.990228342365733,0.0,0.0,0.6277709305286407,0
1,1351,0.4244339442489527,0.0,0.0,0.4334048479795456,0
1,1358,0.74880895288836,0.0,0.0,0.5533690974116325,0
1,1366,0.3219852907454323,0.0,0.0,0.5122470855712891,0
1,1367,0.0,0.0,0.0,0.4013953059911728,0
1,1369,0.7146704964214272,0.0002511886431509581,0.0,0.5096185207366943,0
1,1370,0.7245688373094719,0.20018081090291637,0.0,0.23907306790351868,1
1,1371,0.6764110465147098,0.042680144259450374,0.0,0.5386152006685734,0
1,1378,0.9926871167062208,0.017391137537098485,0.0,0.4879672359675169,1
1,1379,0.9733554906609578,0.0,0.0,0.5757835209369659,3
1,1383,0.8008680183841794,0.0,0.0,0.5549618415534496,0
1,1388,1.0541104825126337,0.0,0.0,0.5781617015600204,0
1,1399,0.8028727099563608,0.0,0.0,0.5422123409807682,0
1,1402,0.0,0.0,0.0,0.432510182261467,0
1,1404,0.8828492869148137,0.0,0.0,0.5312579646706581,0
1,1405,0.836350439052205,0.0,0.0,0.6440554708242416,0
1,1406,0.857407163554577,0.000328315975550471,0.0,0.5771842151880264,1
1,1411,0.700197175809924,0.0,0.0,0.4454028196632862,0
1,1412,0.6747093700254674,0.0,0.0,0.45196786895394325,0
1,1416,0.35113991581564463,0.0,0.0,0.5186972916126251,0
1,1417,0.910580143418936,0.000328315975550471,0.0,0.39212165027856827,1
1,1421,0.7282376575609851,0.0,0.0,0.5337851084768772,0
1,1422,0.7676545733756076,0.0,0.0,0.5473921447992325,0
1,1423,0.7245688373094719,0.010713514960529488,0.0,0.5887447223067284,0
1,1424,0.7152176028584128,0.000328315975550471,0.0,0.3817523270845413,0
1,1427,0.7257815090620509,0.0003853739478143377,0.0,0.5529568381607533,0
1,1428,0.0,0.0003853739478143377,0.0,0.47350397519767284,0
1,1429,0.7239662847407198,0.013710252990138004,0.0,0.5095071261748672,0
1,1430,0.3004819292641854,0.0002850420866935585,0.0,0.4658474959433079,0
1,1437,0.39509906410366386,0.0003853739478143377,0.0,0.5095879873260856,0
1,1438,0.2959410941693825,0.012274767861039395,0.0,0.5080236904323101,0
1,1440,0.7765453555044466,0.000328315975550471,0.0,0.41308092325925827,1
1,1449,0.2956057496147858,0.027593367656246627,0.0,0.5375908426940441,0
1,1450,0.8028096826991373,0.0,0.0,0.5773618742823601,0
1,1452,0.33819214619717813,0.0,0.0,0.49823854956775904,0
1,1454,0.9797185951354644,0.0,0.0,0.6434403955936432,0
1,1456,0.7239662847407198,0.02585792018025582,0.0,0.5411668345332146,0
1,1458,0.8115328458775666,0.009923255536028257,0.0,0.3958720415830612,1
1,1460,0.9128709291752769,0.0003853739478143377,0.0,0.3384385108947754,1
1,1461,0.6996892341076607,0.0003853739478143377,0.0,0.3828401491045952,0
1,1464,0.7902709179471546,0.011674448212707373,0.0,0.4512263722717762,1
1,1465,0.7432204358517174,0.000328315975550471,0.0,0.6137384623289108,0
1,1466,0.4224175739556564,0.03360763096222033,0.0,0.5895786806941032,0
1,1467,0.7174990276911413,0.0002511886431509581,0.0,0.5117087252438068,0
1,1469,0.5340186445584227,0.0002850420866935585,0.0,0.506264322437346,0
1,1470,0.6971768444093576,0.00020182850568062054,0.0,0.49104756489396095,0
1,1471,1.0510724202143416,0.0,0.0,0.41949422657489777,0
1,1473,0.932207422053333,0.0003853739478143377,0.0,0.6502980887889862,1
1,1474,0.7233662292855277,0.000328315975550471,0.0,0.4533960297703743,0
1,1476,0.7829865378965334,0.04731519946501732,0.0,0.4076916575431824,1
1,1478,0.0,0.0,0.0,0.5285328663885593,0
1,1480,0.8381316824044773,0.0,0.0,0.4313141778111458,0
1,1482,0.745291669407787,0.0,0.0,0.5939818769693375,0
1,1489,0.0,0.0,0.0,0.49545668344944715,3
1,1494,0.3764793186596844,0.0,0.0,0.6414256244897842,0
1,1495,0.756358085530495,0.0,0.0,0.5907827615737915,0
1,1496,0.7645504070905655,0.0003853739478143377,0.0,0.42926715314388275,1
1,1499,0.9633678686292914,0.0002850420866935585,0.0,0.4472036324441433,1
1,1505,0.3189804337579035,0.0525099776848985,0.0,0.47461340948939323,0
1,1506,0.6777015027073836,1.0,0.0,0.6894104033708572,5
1,1507,0.9240974676332381,0.00020182850568062054,0.0,0.485486526042223,1
1,1508,0.6986788499066099,0.0,0.0,0.5434162393212318,0
1,1515,0.7974952840009877,0.0,0.0,0.5637587085366249,0
1,1516,0.7180751012404103,0.000328315975550471,0.0,0.5436883941292763,0
1,1521,0.7169252575180411,0.021614990148822198,0.0,0.4533139243721962,0
1,1536,0.564975314469012,0.0002511886431509581,0.0,0.45811497047543526,3
1,1540,0.0,0.00022404165791980855,0.0,0.47488491982221603,0
1,1542,0.4450858949947363,0.03482895358073098,0.0,0.4415576159954071,0
1,1545,0.0,0.00018334453832455767,0.0,0.46796169877052307,0
1,1548,0.35520942367948233,0.0,0.0,0.49836568161845207,0
1,1553,0.9036589288001364,0.0002511886431509581,0.0,0.5029980223625898,1
1,1554,0.0,0.00022404165791980855,0.0,0.6387127637863159,0
1,1555,0.87175718847472,0.0002511886431509581,0.0,0.4389064572751522,1
1,1556,0.4406691881683429,0.2821275757570903,0.9729550745276566,0.4989869259297848,2
1,1570,0.7270043971538578,0.00018334453832455767,0.0,0.3525424003601074,0
1,1571,0.3465488643089389,0.0,0.0,0.5034253196790814,0
1,1575,1.0090839358252102,0.0,0.0,0.5363866537809372,0
1,1577,0.7710028812695273,0.0,0.0,0.5011823736131191,0
1,1578,0.8560118665583999,0.0,0.0,0.5078981872648001,0
1,1579,0.7930916799253485,0.017801459455612307,0.0,0.41866326332092285,1
1,1580,0.8965148196492516,0.03280977055205158,0.0,0.4995197132229805,1
1,1581,0.7561010394150337,0.00020182850568062054,0.0,0.5441602505743504,1
1,1583,0.7495224448390836,0.000328315975550471,0.0,0.5612460151314735,0
1,1584,0.31996647467897366,0.14657250533839447,0.0,0.4757910668849945,1
1,1586,0.6991831294480783,0.017968226133862113,0.0,0.3746070861816406,0
1,1591,0.8581872636822772,0.000328315975550471,0.0,0.36792317032814026,1
1,1594,0.7221735356507887,0.01576268325851376,0.0,0.4948317753151059,0
1,1595,0.8123496892324695,0.0,0.0,0.4724367540329695,0
1,1596,0.6996892341076607,0.022031638767017914,0.0,0.41063081473112106,0
1,1599,0.6572930403276132,0.000328315975550471,0.0,0.5495258681476116,0
1,1600,0.6572930403276132,0.01307377685076672,0.0,0.60476253926754,0
1,1601,0.6777015027073836,1.0,0.0,0.3657013922929764,5
1,1602,0.7163537741962566,0.0,0.0,0.5142777264118195,0
1,1604,0.7411776668262038,0.019129366720366033,0.0,0.5094109550118446,0
1,1607,0.7847762330862524,0.0,0.0,0.4356164485216141,0
1,1611,0.6843442582808132,0.0,0.0,0.48976555094122887,0
1,1617,0.7447819789879648,0.02144017123136351,0.0,0.5800970494747162,0
1,1618,0.6932489312553362,0.05012175819725237,0.0,0.6761667281389236,0
1,1620,0.6693228650218086,0.06905874165583915,0.0,0.49486833065748215,0
1,1621,0.7745966692414833,0.11775157372677539,0.0,0.3626761883497238,2
1,1623,0.9523979456405962,0.02170992692544574,0.0,0.6002746298909187,1
1,1624,0.7583592060365749,0.03570194381217139,0.0,0.4734150879085064,1
1,1625,0.6518438852282484,0.0316282190370854,0.0,0.7132019847631454,0
1,1628,0.6986788499066099,0.0,0.0,0.3683435022830963,0
1,1629,0.7598835538400464,0.0002511886431509581,0.0,0.5075239669531584,1
1,1634,0.0,0.0003853739478143377,0.0,0.6204080134630203,0
1,1638,0.7466886608595789,0.0002511886431509581,0.0,0.524005364626646,0
1,1639,0.43705189850875154,0.09984754300535396,0.0,0.5170822646468878,0
1,1640,0.696184419339533,0.00022404165791980855,0.0,0.5398241281509399,0
1,1645,0.8043610129914494,0.0,0.0,0.39001504331827164,0
1,1647,0.0,0.0977504877178948,0.0,0.3338790386915207,0
1,1648,0.0,0.10381303775216667,0.0,0.4397227577865124,1
1,1650,0.7652058832556894,0.00022404165791980855,0.0,0.4102885350584984,1
1,1652,0.0,0.0,0.0,0.5623072274029255,0
1,1653,0.4049556967654312,0.0,0.0,0.6299121230840683,0
1,1654,0.7768792128612956,0.0,0.0,0.39659441262483597,0
1,1656,0.7959635133179408,0.0,0.0,0.5434457771480083,0
1,1659,0.7426750781683105,0.0,0.0,0.47227961756289005,0
1,1662,0.40335820725998894,0.01192539856918542,0.0,0.5425010770559311,0
1,1667,0.0,0.0,0.0,0.47127702087163925,0
1,1669,0.5091484933365382,0.027593367656246627,0.0,0.3139937222003937,0
1,1671,0.8091067115702213,0.0,0.0,0.43215107917785645,0
1,1672,0.49009410393069475,0.0,0.0,0.6382782012224197,0
1,1674,0.3015806018109004,0.0,0.0,0.36400918662548065,0
1,1675,0.7765453555044466,0.03732556538941823,0.0,0.5250503718852997,1
1,1677,0.6794414438613768,0.06055017945428815,0.0,0.5539373457431793,0
1,1678,0.7239662847407198,0.0003853739478143377,0.0,0.23494598269462585,0
1,1679,0.7263916663970522,0.04129084016021124,0.0,0.6320841163396835,0
1,1680,0.7245688373094719,0.010713514960529488,0.0,0.5092375185340643,0
1,1681,0.7239662847407198,0.000328315975550471,0.0,0.49742743745446205,0
1,1682,0.7146528826369822,0.0,0.0,0.44814055040478706,0
1,1684,0.4029637244338282,0.0,0.0,0.6138477846980095,0
1,1686,0.7245688373094719,0.007107514221434845,0.0,0.5702021345496178,0
1,1687,0.7113106887184024,0.0,0.0,0.46497250720858574,0
1,1689,0.7820992996015508,0.023935885978971956,0.0,0.6458877176046371,1
1,1692,0.0,0.0,0.0,0.5063412627205253,0
1,1693,0.7068451320090339,0.0,0.0,0.44684016704559326,0
1,1697,0.9144493973386338,0.0,0.0,0.49986686557531357,3
1,1698,0.4029637244338282,0.02148110403744548,0.0,0.511919092386961,0
1,1700,0.28577933090423213,0.000328315975550471,0.0,0.45149099454283714,0
1,1703,0.7221735356507887,0.02075110363221689,0.0,0.4206085205078125,0
1,1705,0.4037546285808983,0.0,0.0,0.4539087750017643,0
1,1706,0.7239662847407198,0.024021177358102108,0.0,0.39890461415052414,0
1,1709,0.42755117159591227,0.0,0.0,0.5173037406057119,0
1,1712,0.0,0.0,0.0,0.4188264384865761,0
1,1715,0.39912187764651225,0.0,0.0,0.4858416384086013,0
1,1719,0.4800429151905433,0.04223971857321053,0.0,0.5812604278326035,0
1,1720,0.7801455014293914,0.0,0.0,0.48098206147551537,0
1,1724,0.861045995930998,0.023495781666154434,0.0,0.5232963562011719,1
1,1729,0.700197175809924,0.0,0.0,0.5582371801137924,0
1,1734,0.7621991222319221,0.0,0.0,0.3903525695204735,0
1,1735,0.6932489312553362,0.0,0.0,0.36839084327220917,0
1,1738,0.311600171213806,0.0,0.0,0.46776648983359337,0
1,1746,0.7411776668262038,0.0,0.0,0.4459633119404316,0
1,1749,0.31611075294740243,0.047338464913706725,0.0,0.47433893382549286,0
1,1753,0.29527229646186665,0.05886163878092769,0.0,0.5447317957878113,0
1,1759,0.3495757793148045,0.0,0.0,0.38930486887693405,0
1,1760,0.46693223534061046,0.0,0.0,0.4426823742687702,0
1,1771,1.008404100129932,0.05621087352827637,0.0,0.4919129144400358,1
1,1772,1.0715401611370499,0.021691583054371532,0.0,0.5338882505893707,2
1,1775,1.1563306334827976,0.051861632944126414,0.0,0.42988279461860657,5
1,1778,1.1115380342112655,0.0,0.0,0.6161114498972893,0
1,1782,0.8094924598140361,0.0,0.0,0.37196581065654755,0
1,1783,0.9439982990869247,0.0,0.0,0.5910550430417061,0
1,1790,0.8427327610991476,0.0,0.0,0.4298351779580116,0
1,1792,0.7479992546414658,0.0,0.0,0.596160538494587,3
1,1794,0.8971428210915634,0.015226428323157556,0.0,0.35161878168582916,1
1,1796,0.9274661808093019,0.00022404165791980855,0.0,0.5325804725289345,1
1,1799,0.0,0.026336381852373036,0.0,0.5654204934835434,0
1,1801,0.6981763836701733,0.03652892912449982,0.0,0.6133744418621063,0
1,1803,0.6927656622748446,0.023175127334353455,0.0,0.42857616394758224,0
1,1804,0.7716301831370282,0.0,0.0,0.39468544721603394,0
1,1806,0.4002552214081704,0.0,0.0,0.6539157778024673,0
1,1807,0.7811895757488891,0.00020182850568062054,0.0,0.3481646776199341,1
1,1811,0.8244260776574202,0.00016774375367471144,0.0,0.6348626911640167,1
1,1812,0.6956908462399904,0.0,0.0,0.4688465166836977,0
1,1813,0.0,0.0,0.0,0.40879200398921967,0
1,1814,0.2976468771594837,0.0,0.0,0.5678323209285736,0
1,1815,0.0,0.1135092528211264,0.0,0.5337214469909668,1
1,1818,0.5423782837718303,0.0,0.0,0.6574221104383469,0
1,1820,0.4532063096035152,0.0,0.0,0.39640651643276215,0
1,1825,0.8351177895140451,0.04427497229364771,0.0,0.5307482667267323,1
1,1830,0.0,0.00016774375367471144,0.0,0.4131055101752281,0
1,1832,0.0,0.0,0.0,0.37362805008888245,0
1,1834,0.44444130837239487,0.0002671355417115124,0.0,0.5916797667741776,0
1,1835,0.0,0.00012407177456709003,0.0,0.495545107871294,0
1,1836,0.2866328376613101,0.0,0.0,0.43034911900758743,0
1,1842,0.6572930403276132,0.10073526077433383,0.0,0.44446244090795517,0
1,1846,0.7873708981709076,0.0,0.0,0.650894433259964,0
1,1847,0.7239662847407198,0.04953962820419987,0.0,0.6262480169534683,0
1,1848,0.7288582270695527,0.038606921758439335,0.0,0.573107473552227,0
1,1849,0.7969324299177383,0.06861798579326343,0.0,0.6212040409445763,1
1,1851,0.7752435146228313,0.019785305507713413,0.0,0.4362868145108223,1
1,1852,0.7676545733756076,0.0003853739478143377,0.0,0.4548705816268921,1
1,1853,0.2956057496147858,0.0002511886431509581,0.0,0.486307118088007,0
1,1854,0.41757808624942105,0.0,0.0,0.4770701341331005,0
1,1856,0.796008799843247,0.0003853739478143377,0.0,0.4894685326144099,1
1,1857,0.4755349707785146,0.0002850420866935585,0.0,0.4417779892683029,0
1,1858,0.6913258921193344,0.0002850420866935585,0.0,0.5413887053728104,0
1,1859,0.7069732262120039,0.016859584372617867,0.0,0.523399580270052,0
1,1860,0.9621175507858526,0.05564550138077084,0.0,0.5500691793859005,1
1,1861,0.751307764338148,0.000328315975550471,0.0,0.4552570506930351,1
1,1862,0.7311104457090247,0.0003853739478143377,0.0,0.5036046970635653,0
1,1863,0.7192342254344227,0.08753291118884432,0.0,0.46431924402713776,0
1,1865,0.7064402644866913,0.0003853739478143377,0.0,0.5568810179829597,0
1,1866,0.7129719939729214,0.019564027623202515,0.0,0.689463347196579,0
1,1868,0.7538760980648862,0.0,0.0,0.6273394525051117,0
1,1869,0.7591194668468688,0.04114869904890297,0.0,0.32430362701416016,1
1,1872,0.7209906102458992,0.0002850420866935585,0.0,0.5364049263298512,0
1,1876,0.7239662847407198,0.0232070814304142,0.0,0.5124053135514259,0
1,1878,0.7239662847407198,0.000328315975550471,0.0,0.5734491422772408,0
1,1879,0.8756699998657438,0.05954071594579803,0.0,0.5270849466323853,1
1,1880,0.7829865378965334,0.033571099739559386,0.0,0.3870307207107544,1
1,1881,0.6991831294480783,0.0,0.0,0.6212626248598099,0
1,1882,0.28438456340416723,0.000328315975550471,0.0,0.5171387121081352,0
1,1884,0.7239662847407198,0.0002511886431509581,0.0,0.4763602875173092,0
1,1885,0.748098844026294,0.0002850420866935585,0.0,0.4621095843613148,0
1,1886,0.7463819494944632,0.00022404165791980855,0.0,0.44231998175382614,0
1,1887,0.7239662847407198,0.0,0.0,0.38330475986003876,0
1,1888,0.7726721905996057,0.000328315975550471,0.0,0.5775209367275238,1
1,1891,0.7239662847407198,0.0003853739478143377,0.0,0.4383474476635456,0
1,1892,0.7215808609327772,0.000328315975550471,0.0,0.4041846916079521,0
1,1894,0.8869084711105276,0.010966789365506593,0.0,0.5233199335634708,1
1,1895,0.7239662847407198,0.013096882948034355,0.0,0.47567739337682724,0
1,1898,0.948877005727387,0.013840482911684404,0.0,0.7199748158454895,1
1,1899,0.9627416948382297,0.02745375523519302,0.0,0.5632918030023575,1
1,1900,0.41080796625540694,0.0,0.0,0.5011265929788351,0
1,1901,0.7075082044428432,0.0002511886431509581,0.0,0.4051363244652748,0
1,1902,0.6768398334473088,0.024744535378611328,0.0,0.5204432886093855,0
1,1903,0.7930916799253485,0.0003853739478143377,0.0,0.5156672317534685,1
1,1904,0.7411776668262038,0.00018334453832455767,0.0,0.4361950010061264,0
1,1907,0.7263916663970522,0.02120174191088642,0.0,0.510476540774107,0
1,1908,0.7174990276911413,0.016847845330033345,0.0,0.4764806367456913,0
1,1909,0.4041530056106737,0.0003853739478143377,0.0,0.579828642308712,0
1,1910,0.3976353643835253,0.039681569802247026,0.0,0.4103947728872299,0
1,1911,0.6991831294480783,0.021931911519920418,0.0,0.47229891642928123,0
1,1912,0.7257815090620509,0.018105280653986873,0.0,0.5292642395943403,0
1,1913,0.30307732570149354,0.012930313757306943,0.0,0.5830185487866402,0
1,1914,0.7245688373094719,0.046444109387447925,0.0,0.5843043550848961,0
1,1915,0.7169252575180411,0.0003853739478143377,0.0,0.3445122689008713,0
1,1916,0.3015806018109004,0.0,0.0,0.4543086886405945,0
1,1917,0.6843442582808132,0.03321958549022746,0.0,0.6954144835472107,0
1,1918,0.7085842656575002,0.01595931372266293,0.0,0.5713713094592094,0
1,1920,0.8099113935308624,0.06864560187441085,0.0,0.4039585292339325,1
1,1921,0.6913258921193344,0.0003853739478143377,0.0,0.5330558344721794,0
1,1922,0.7146528826369822,0.018702684349696297,0.0,0.5910589918494225,0
1,1923,0.7263916663970522,0.0003853739478143377,0.0,0.3771657422184944,0
1,1924,0.7221735356507887,0.009754676141779666,0.0,0.5736380890011787,0
1,1925,0.7257815090620509,0.000328315975550471,0.0,0.39410684257745743,0
1,1926,0.7531416830694444,0.02964252563725516,0.0,0.4698796570301056,1
1,1927,0.7257815090620509,0.08690352359831156,0.0,0.4411126896739006,0
1,1929,0.7239662847407198,0.020147466276888487,0.0,0.5222756247967482,0
1,1930,0.9859569487361906,0.02713439935914591,0.0,0.6918177455663681,1
1,1931,0.700197175809924,0.01748752360465856,0.0,0.4726020097732544,0
1,1932,0.7239662847407198,0.0003853739478143377,0.0,0.5890897810459137,0
1,1933,0.6986788499066099,0.000328315975550471,0.0,0.614958256483078,0
1,1934,0.7583592060365749,0.031119997228331798,0.0,0.599471352994442,1
1,1935,0.7199451752382372,0.0,0.0,0.4049820601940155,0
1,1936,0.7538760980648862,0.03787606711742666,0.0,0.5924857258796692,1
1,1939,0.7245688373094719,0.0003853739478143377,0.0,0.3451213538646698,0
1,1941,0.7245688373094719,0.13968992744500686,0.0,0.6926132440567017,1
1,1942,0.40335820725998894,0.0,0.0,0.7244703769683838,0
1,1943,0.7239662847407198,0.0002511886431509581,0.0,0.39194297790527344,0
1,1944,0.5925566990494595,0.0002850420866935585,0.0,0.44975440204143524,0
1,1946,0.7263916663970522,0.0003853739478143377,0.0,0.5043853968381882,0
1,1949,0.7263916663970522,0.04807401914184557,0.0,0.4227456897497177,0
1,1951,0.0,0.0,0.0,0.3572636693716049,0
1,1953,0.5655095706824206,0.010528364971688645,0.0,0.48191041871905327,0
1,1957,0.7169252575180411,0.05296077036706936,0.0,0.3858114629983902,0
1,1959,0.7239662847407198,0.0,0.0,0.47349722497165203,0
1,1960,0.7263916663970522,0.0691135741635403,0.0,0.5244366936385632,0
1,1963,0.7239662847407198,0.06231011625477815,0.0,0.4242192357778549,0
1,1964,0.7215808609327772,0.11960315075174185,0.0,0.3961423262953758,1
1,1966,0.5451166672235386,0.01948123749257049,0.0,0.5706550478935242,3
1,1967,0.0,0.009399440185682421,0.0,0.5289227645844221,0
1,1971,0.7163537741962566,0.000328315975550471,0.0,0.5123449936509132,0
1,1972,0.5179656492587544,0.052960770367069324,0.0,0.5962104648351669,0
1,1973,0.7209906102458992,0.013710252990138004,0.0,0.5081850849092007,0
1,1974,0.7473920894877588,0.000328315975550471,0.0,0.4595446102321148,0
1,1975,0.7245688373094719,0.0003853739478143377,0.0,0.37173324823379517,0
1,1976,0.7257815090620509,0.05002284432494943,0.0,0.4030715972185135,0
1,1978,1.008294663468694,0.013710252990138004,0.0,0.5573749467730522,1
1,1979,0.7239662847407198,0.00022404165791980855,0.0,0.5155012272298336,0
1,1980,0.7239662847407198,0.01609734933277818,0.0,0.5168811827898026,0
1,1981,0.7233662292855277,0.023597132418934418,0.0,0.6250009387731552,0
1,1984,0.7239662847407198,0.00022404165791980855,0.0,0.46340544521808624,0
1,1986,0.7652058832556894,0.0003853739478143377,0.0,0.4645206183195114,1
1,1988,0.7043283118153143,0.026294793251838835,0.0,0.4924619421362877,0
1,1990,0.710761201488181,0.024226670544612607,0.0,0.5108746755868196,0
1,1991,0.3012121458978208,0.012324051240908022,0.0,0.6003516465425491,0
1,1992,0.7192342254344227,0.0003853739478143377,0.0,0.43617483973503113,0
1,1993,0.7693641836297216,0.024711887087839474,0.0,0.47426335886120796,1
1,1994,0.37265669853885997,0.0002850420866935585,0.0,0.3242592364549637,0
1,1995,0.713530093808417,0.0002511886431509581,0.0,0.5797544717788696,0
1,1996,0.7091677379889763,0.036491616670612306,0.0,0.4640367142856121,0
1,1998,0.2860624212274257,0.011067537806430173,0.0,0.42352478951215744,0
1,1999,0.7174990276911413,0.016847845330033345,0.0,0.5410856679081917,0
1,2001,0.4029637244338282,0.0003853739478143377,0.0,0.5062277717515826,0
1,2003,0.4318923491625866,0.015591183368642242,0.0,0.5333116464316845,0
1,2004,0.7245688373094719,0.011109414136411816,0.0,0.4920541327446699,0
1,2006,0.2788751998740331,0.01128653585928986,0.0,0.4517484940588474,0
1,2010,0.0,0.027637836444736896,0.0,0.4127423018217087,0
1,2012,0.0,0.0,0.0,0.5024636648595333,0
1,2013,0.7157845613716323,0.02347868325077297,0.0,0.39446378499269485,0
1,2014,0.754614107855116,0.03562722136668012,0.0,0.45380084589123726,1
1,2015,0.8896166200934315,0.0,0.0,0.5090656690299511,2
1,2016,0.723113825339216,0.02197928985890293,0.0,0.4207056611776352,0
1,2017,0.6587701964785471,0.009923255536028257,0.0,0.5291715487837791,0
1,2019,0.0,1.0,0.0,0.6433667540550232,5
1,2021,0.8490695437891208,0.018253185343907564,0.0,0.49750618753023446,1
1,2022,0.7276197209353876,0.012038104764194577,0.0,0.5511249415576458,0
1,2023,0.9388630317431319,0.011327856488180583,0.0,0.5975123643875122,1
1,2024,0.7432204358517174,0.0003853739478143377,0.0,0.5390189029276371,0
1,2029,0.0,0.010636533357545866,0.0,0.4244711324572563,0
1,2030,0.0,0.13683468823411207,0.0,0.671489343047142,1
1,2031,0.0,0.04839825185982717,0.0,0.44852741435170174,0
1,2032,0.7516835122747225,0.0470553504671886,0.0,0.5291015841066837,1
1,2034,0.0,0.0977504877178948,0.0,0.3516232967376709,0
1,2036,0.6991831294480783,0.21199498970728287,0.0,0.5198538769036531,1
1,2037,0.6899009599987566,0.038798998097013794,0.0,0.318584680557251,0
1,2038,0.948877005727387,0.019698631022995707,0.0,0.5271031018346548,1
1,2039,0.7816752058353678,0.016377891512832574,0.0,0.5396314188838005,1
1,2041,0.8257228238447705,0.0,0.0,0.4327201545238495,0
1,2042,1.0046839689005094,0.0,0.0,0.40237727016210556,0
1,2046,0.6641447330731631,0.1116003117090269,0.0,0.6573518812656403,1
1,2047,0.6976757190358123,0.00022404165791980855,0.0,0.5883719772100449,0
1,2049,0.4224175739556564,0.03570059988446035,0.0,0.4392245039343834,0
1,2051,0.8666228690613211,0.06393467688752015,0.0,0.5879985690116882,1
1,2052,0.9279856244073763,0.03044346105371413,0.0,0.42998500168323517,1
1,2053,0.7102138301145822,0.01953366078525449,0.0,0.6100954785943031,0
1,2054,0.7239662847407198,0.0089120958160304,0.0,0.5323945991694927,0
1,2055,0.6913258921193344,0.025092383084671967,0.0,0.41931861639022827,0
1,2056,0.7239662847407198,0.01899632166623118,0.0,0.5248463414609432,0
1,2058,0.7453133970777199,0.013634960563101787,0.0,0.4576813131570816,0
1,2063,1.0112997936948631,0.041884320561091884,0.0,0.5758706703782082,1
1,2064,0.6812039526850031,0.0,0.0,0.4461769573390484,0
1,2066,0.7152176028584128,0.0,0.0,0.5783257782459259,0
1,2067,1.013619395597953,0.0,0.0,0.520019419491291,0
1,2070,1.0399234997546516,0.2792128645089937,0.5493061443340549,0.4890330210328102,3
1,2071,0.7682729021679455,0.0,0.0,0.28999584913253784,0
1,2073,0.92184646303976,0.0,0.0,0.4368690699338913,0
1,2075,0.9654642914805582,0.09402278678732306,0.0,0.5403390973806381,1
1,2078,0.9895386878494445,0.0,0.0,0.526069862768054,0
1,2080,0.947108714535918,0.0,0.0,0.5085376668721437,0
1,2084,0.6991831294480783,0.0,0.0,0.5032663578167558,0
1,2086,0.7916576067641553,0.0,0.0,0.37358999252319336,0
1,2088,0.7568500260087727,0.025963840617835163,0.0,0.4855485074222088,1
1,2089,0.7263916663970522,0.03866622992198783,0.0,0.4874947415664792,0
1,2090,0.7209906102458992,0.01407725591039636,0.0,0.4049057066440582,0
1,2091,0.6843442582808132,0.0003853739478143377,0.0,0.5736746117472649,2
1,2092,1.0036229023099015,0.0003853739478143377,0.0,0.3590802550315857,1
1,2093,0.6918041531401258,0.00849202489845584,0.0,0.406368687748909,0
1,2096,0.4234197579236933,0.012167325933609799,0.0,0.44720791280269623,0
1,2098,0.7817392696973846,0.010762885606408881,0.0,0.45069365948438644,1
1,2099,0.7270043971538578,0.010618760478048685,0.0,0.4658244475722313,0
1,2102,0.8195831948495824,0.011801994703707514,0.0,0.6462901681661606,1
1,2103,0.9274661808093019,0.0,0.0,0.48838940635323524,0
1,2105,0.6986788499066099,0.02144017123136351,0.0,0.5903170853853226,0
1,2116,0.971698395951663,0.0,0.0,0.42275089025497437,0
1,2117,0.9895100043214973,0.019398094589494305,0.0,0.5048056524246931,1
1,2119,1.0119210558039762,0.04441645859538672,0.0,0.5360898375511169,1
1,2120,1.0212926776522044,0.04169515299056111,0.0,0.4181087091565132,1
1,2121,1.0890950189300206,0.20018081090291637,0.0,0.5521342009305954,3
1,2122,0.990228342365733,0.13090502071116294,0.34657359027997264,0.4357111379504204,2
1,2123,1.0906217556242268,0.0,0.0,0.6391448676586151,0
1,2126,1.072207435247945,0.20018081090291637,0.0,0.5417919084429741,3
1,2129,0.9512170407713195,0.0,0.0,0.5769759193062782,0
1,2132,0.8645588017336316,0.0,0.0,0.5390924364328384,0
1,2134,0.0,0.0,0.0,0.6462215036153793,0
1,2137,0.6971768444093576,0.0003853739478143377,0.0,0.3511778861284256,0
1,2138,0.7263916663970522,0.04518903750207477,0.0,0.4563623443245888,0
1,2140,0.3170529713028618,0.0,0.0,0.7461416721343994,0
1,2141,0.7794674082190589,0.29230634847973375,0.0,0.6292479932308197,3
1,2142,0.670137623517258,0.0002511886431509581,0.0,0.7638218998908997,0
1,2145,0.6991831294480783,0.0003853739478143377,0.0,0.5121453432366252,0
1,2147,0.3001201201441875,0.000328315975550471,0.0,0.45844489336013794,0
1,2148,0.7169252575180411,0.0432125461843022,0.0,0.548665564507246,0
1,2149,0.0,0.014730491593191647,0.0,0.541131429374218,0
1,2150,0.7439076491940827,0.0,0.0,0.5431545972824097,0
1,2153,0.7531416830694444,0.0003853739478143377,0.0,0.4646976888179779,1
1,2154,0.2832928558721918,0.0,0.0,0.5530629865825176,0
1,2156,0.7245688373094719,0.0094569334089451,0.0,0.5871034264564514,0
1,2157,0.7531416830694444,0.04129084016021124,0.0,0.534040629863739,1
1,2162,0.8835804256671735,0.0002511886431509581,0.0,0.3721773624420166,1
1,2165,0.7257815090620509,0.0,0.0,0.5332107022404671,0
1,2167,0.6285349259790838,0.0,0.0,0.4449128359556198,0
1,2171,0.737174760814628,0.0,0.0,0.4423515349626541,0
1,2173,0.7332776652293105,0.0,0.0,0.5773612856864929,0
1,2177,0.3922967662532705,0.00018334453832455767,0.0,0.5114346668124199,0
1,2178,0.7263916663970522,0.011778518053340473,0.0,0.6185674071311951,0
1,2180,0.7257815090620509,0.0386099915015717,0.0,0.5874524489045143,0
1,2182,0.4671150950722875,0.00020182850568062054,0.0,0.5912703648209572,0
1,2184,0.4166428551017687,0.0,0.0,0.5368534475564957,0
1,2186,0.7102138301145822,0.028879542153841562,0.0,0.516203798353672,0
1,2192,0.7952707287670506,0.012681380885072886,0.0,0.48620203230530024,1
1,2196,0.7152176028584128,0.01657976921657415,0.0,0.3116232752799988,0
1,2198,0.6899009599987566,0.0,0.0,0.44538744539022446,0
1,2201,0.7118623065727895,0.0,0.0,0.4407223127782345,0
1,2203,0.7163537741962566,0.0,0.0,0.4975389540195465,0
1,2207,0.4224175739556564,0.000328315975550471,0.0,0.5708120837807655,0
1,2208,0.0,0.07006009939200657,0.0,0.49794115126132965,0
1,2209,0.7239662847407198,0.009822577161734328,0.0,0.41587136685848236,0
1,2210,0.7239662847407198,0.0002850420866935585,0.0,0.45305631682276726,0
1,2212,0.5149417859767795,0.006689712963466497,0.0,0.6058829426765442,0
1,2214,0.6913258921193344,0.06398343947264425,0.0,0.7699088454246521,0
1,2216,0.7245688373094719,0.030103074645119254,0.0,0.5068299602717161,0
1,2217,0.893757693760048,0.17458962139119735,0.0,0.6503791511058807,2
1,2219,0.7215808609327772,0.0,0.0,0.583303302526474,0
1,2221,0.7257815090620509,0.000328315975550471,0.0,0.4758704751729965,0
1,2223,0.28577933090423213,0.000328315975550471,0.0,0.4915757589042187,0
1,2230,0.7146528826369822,0.03348659011628292,0.0,0.3674183785915375,0
1,2234,0.7146528826369822,0.012764461484936696,0.0,0.5024352399632335,0
1,2235,0.7186534948637369,0.010781236693410913,0.0,0.3996405526995659,0
1,2237,0.47199914954346234,0.04723377621524687,0.0,0.5216614902019501,0
1,2239,0.6913258921193344,0.0,0.0,0.47951928712427616,0
1,2240,0.4264993772296153,0.010020273477157558,0.0,0.5040131416171789,0
1,2243,0.7405976450154326,0.1417332358541518,0.0,0.48376170732080936,1
1,2245,0.7502393490012653,0.01685155290433777,0.0,0.5177793335169554,1
1,2252,1.0114704340103415,0.021152785286811054,0.0,0.6165438368916512,1
1,2255,1.029009677596952,0.0,0.0,0.6620601862668991,0
1,2258,0.0,0.010020273477157558,0.0,0.5494259297847748,0
1,2263,0.7538760980648862,0.01685155290433777,0.0,0.5882322788238525,1
1,2264,0.7215808609327772,0.017890105549389315,0.0,0.46020597964525223,0
1,2265,0.6843442582808132,0.028974620255218502,0.0,0.5582142136991024,0
1,2268,0.2832928558721918,0.0,0.0,0.43711426854133606,0
1,2273,1.0141686341606784,0.02725067782988692,0.0,0.4649055525660515,1
1,2277,1.007508468201606,0.021152785286811054,0.0,0.6191843301057816,1
1,2281,0.7812170654850361,0.0003853739478143377,0.0,0.6593211889266968,1
1,2288,1.0790150609483875,0.021152785286811054,0.0,0.49096083268523216,2
1,2292,0.7829865378965334,0.0,0.0,0.5232197530567646,0
1,2298,0.7583592060365749,0.03253610786417373,0.0,0.4051390588283539,1
1,2301,0.40455335578511065,0.010020273477157558,0.0,0.5097679756581783,0
1,2303,0.7233662292855277,0.0,0.0,0.5160613190382719,0
1,2304,0.7152176028584128,0.0,0.0,0.3965415433049202,3
1,2305,0.7239662847407198,0.01685155290433777,0.0,0.5777779519557953,0
1,2306,0.7812170654850361,0.0,0.0,0.3957143723964691,0
1,2311,0.7568500260087727,0.0,0.0,0.43720199912786484,0
1,2319,0.8090411995085072,0.0,0.0,0.43411392718553543,0
1,2328,0.6899009599987566,0.00022404165791980855,0.0,0.42656179517507553,0
1,2336,0.8982089463486298,0.0,0.0,0.465997539460659,0
1,2337,0.0,0.0,0.0,0.5208671987056732,0
1,2338,0.40455335578511065,0.000328315975550471,0.0,0.35027535259723663,0
1,2340,0.7263916663970522,0.0002511886431509581,0.0,0.5266673266887665,0
1,2341,0.40455335578511065,0.04518903750207477,0.0,0.4770254250615835,0
1,2344,0.7339200466295399,0.01967971317415329,0.0,0.4751160889863968,0
1,2345,0.7445980514676362,0.29230634847973375,0.0,0.6170560047030449,2
1,2346,0.0,0.0002511886431509581,0.0,0.44206342846155167,0
1,2349,0.8405749838983129,0.0003853739478143377,0.0,0.6571595966815948,1
1,2350,0.7270043971538578,0.0,0.0,0.430892176926136,0
1,2352,0.0,0.0,0.0,0.542073629796505,0
1,2353,0.7893417324275798,0.0,0.0,0.6914416253566742,0
1,2359,0.3319382081754647,0.00022404165791980855,0.0,0.4787181541323662,0
1,2360,0.5952168678137386,0.0002850420866935585,0.0,0.44271766021847725,0
1,2361,0.85723212890964,0.010838849857614475,0.0,0.5027764067053795,1
1,2363,0.7124160699682267,0.030218506660502867,0.0,0.5854052156209946,0
1,2364,0.7645504070905655,0.000328315975550471,0.0,0.490909269079566,1
1,2365,0.7152176028584128,0.021806280172056488,0.0,0.48869520239531994,0
1,2366,0.7345652516891752,0.0003853739478143377,0.0,0.3729653060436249,0
1,2367,0.9895100043214973,0.0,0.0,0.4674234315752983,0
1,2378,1.0669391954494727,0.0989720227336509,0.0,0.4002975821495056,2
1,2379,0.7606515018172795,0.024703306580758214,0.0,0.3106110244989395,1
1,2380,0.7865865709114471,0.0002511886431509581,0.0,0.4685632586479187,1
1,2382,0.9559851953704166,0.020487449570254637,0.0,0.3136495351791382,1
1,2383,0.7982437552930245,0.0003853739478143377,0.0,0.5972511172294617,1
1,2384,0.7222013770547452,0.02300567600264615,0.0,0.6277056336402893,0
1,2385,0.7257815090620509,0.0,0.0,0.44005826115608215,0
1,2389,0.7239662847407198,0.0002850420866935585,0.0,0.598077729344368,0
1,2393,0.40140484134956866,0.013305890239915075,0.0,0.5011794324964285,0
1,2397,0.0,0.0,0.0,0.4938419982790947,0
1,2408,0.7239662847407198,0.017890105549389315,0.0,0.4819665923714638,0
1,2411,0.6843442582808132,0.028974620255218502,0.0,0.583893746137619,0
1,2412,0.40335820725998894,0.000328315975550471,0.0,0.5282291192561388,0
1,2413,0.7146528826369822,0.00718370544719788,0.0,0.5494292601943016,0
1,2414,0.7877258759865923,0.00018334453832455767,0.0,0.4906199909746647,1
1,2415,0.7204027658026881,0.02798191542543854,0.0,0.5416956469416618,0
1,2422,0.7215808609327772,0.04186094488978964,0.0,0.41960345208644867,0
1,2424,0.7969324299177383,0.036941891190475515,0.0,0.5861141830682755,1
1,2426,0.7245688373094719,0.000328315975550471,0.0,0.6307738125324249,0
1,2427,0.635903215523317,0.00022404165791980855,0.0,0.633542001247406,0
1,2428,0.44638923513736467,0.015397702570986665,0.0,0.5694616436958313,0
1,2430,0.6764110465147098,0.00022404165791980855,0.0,0.534670002758503,0
1,2431,0.8855697375272269,0.0002850420866935585,0.0,0.6203006953001022,1
1,2439,0.7163537741962566,0.00020182850568062054,0.0,0.6481598615646362,0
1,2445,0.5739044124417672,0.0,0.0,0.4929646495729685,0
1,2446,0.667708081570408,0.0,0.0,0.48089004307985306,0
1,2450,0.41434974186816625,0.0,0.0,0.5551467016339302,0
1,2453,0.6899009599987566,0.0,0.0,0.5212300959974527,0
1,2455,0.6927656622748446,0.0,0.0,0.6319696009159088,3
1,2456,0.700197175809924,0.0,0.0,0.3532886803150177,0
1,2463,1.0213076085042752,0.0,0.0,0.4473257102072239,0
1,2464,0.8251197046641237,0.0,0.0,0.606555387377739,0
1,2465,0.9213439572858584,0.0,0.0,0.5162734389305115,0
1,2466,0.7992285665565065,0.00018334453832455767,0.0,0.6174304112792015,1
1,2467,0.6164254195185936,0.0002850420866935585,0.0,0.5323303490877151,0
1,2469,0.7447819789879648,0.0,0.0,0.7438284307718277,0
1,2471,0.48014787702368533,0.0,0.0,0.6024041324853897,0
1,2473,0.41571800399378656,0.00016774375367471144,0.0,0.5178390983492136,0
1,2479,0.8921899717873143,0.0,0.0,0.5673717558383942,0
1,2485,0.8987170342729172,0.0,0.0,0.5086850430816412,2
1,2487,0.7263916663970522,0.009886255264399197,0.0,0.4452037960290909,0
1,2489,0.7633947323726819,0.0,0.0,0.45014577358961105,0
1,2494,0.5167454625767091,0.0,0.0,0.5246708020567894,0
1,2498,0.8789685367736277,0.0,0.0,0.5211238842457533,0
1,2508,0.6834396373237488,0.0,0.0,0.3498336672782898,0
1,2509,0.6751327837073391,0.0,0.0,0.4782826844602823,0
1,2511,0.678134400726069,0.0002850420866935585,0.0,0.48506050929427147,0
1,2518,0.7760259669690344,0.000354753332568263,0.0,0.5384672284126282,1
1,2520,0.7856787949377444,0.0002850420866935585,0.0,0.4181922674179077,1
1,2522,0.7405029481780935,0.0002850420866935585,0.0,0.457302525639534,0
1,2524,0.7365180343180022,0.0002850420866935585,0.0,0.4721492510288954,0
1,2526,0.7598835538400464,0.00020182850568062054,0.0,0.538292121142149,1
1,2527,0.7469191084959397,0.0,0.0,0.5021060071885586,0
1,2528,0.8240255428801275,0.0,0.0,0.5675325319170952,0
1,2529,0.7817392696973846,0.0,0.0,0.5035402728244662,0
1,2531,0.7855224253817998,0.0,0.0,0.5273679606616497,0
1,2532,0.7447819789879648,0.008402852405144594,0.0,0.5079524908214808,0
1,2534,0.2736335352884743,0.016473264906445077,0.0,0.41878853738307953,0
1,2540,0.9736727340592591,0.00020182850568062054,0.0,0.3863615542650223,1
1,2543,0.8669186751149273,0.0,0.0,0.4497149847447872,0
1,2549,1.043064349466584,0.0,0.0,0.528650376945734,0
1,2550,1.0122722344290391,0.0,0.0,0.5352149531245232,0
1,2551,0.9347874582241648,0.0,0.0,0.4464896395802498,0
1,2555,1.1093572810947303,0.0,0.0,0.34941424429416656,0
1,2560,0.7466886608595789,0.000328315975550471,0.0,0.44628098234534264,3
1,2563,0.7096685599774553,0.0002511886431509581,0.0,0.3891618326306343,0
1,2564,1.0445011058979117,0.025223464579147783,0.0,0.48230290226638317,4
1,2573,0.8436863571979966,0.0002850420866935585,0.0,0.3809555694460869,1
1,2575,0.7829865378965334,0.00014290782872728954,0.0,0.5390323847532272,1
1,2576,0.8165480186437293,0.0002511886431509581,0.0,0.6262559294700623,1
1,2578,0.5892219763507696,0.0,0.0,0.4604078270494938,0
1,2581,0.8564929074150271,0.0,0.0,0.6088269352912903,0
1,2587,0.38570119406626086,0.5473804319793744,0.0,0.5180971026420593,4
1,2589,0.6777015027073836,0.036163381944903976,0.0,0.38389523327350616,0
1,2592,0.8863319947116727,1.0,0.0,0.7395724952220917,6
1,2596,0.8478506693090384,0.3257648287201874,0.0,0.4530179388821125,3
1,2602,0.754614107855116,0.000328315975550471,0.0,0.4842637740075588,1
1,2605,0.7022475555169667,0.0002511886431509581,0.0,0.5271276906132698,0
1,2606,1.057153809184657,0.025223464579147783,0.0,0.47129630483686924,1
1,2611,0.7754597309357558,0.016724839475375237,0.0,0.41918572038412094,1
1,2615,0.6641447330731631,0.0,0.0,0.36952121555805206,0
1,2626,0.9416072466899287,0.0,0.0,0.40740779787302017,0
1,2627,0.7432204358517174,0.0003853739478143377,0.0,0.5535391047596931,0
1,2629,0.6986788499066099,0.010669906570407514,0.0,0.6538350433111191,0
1,2631,0.7445980514676362,0.028456215219742752,0.0,0.47857386991381645,0
1,2632,0.9454202014430865,0.016545021841590395,0.0,0.3481629937887192,1
1,2635,0.7930768575826375,0.0,0.0,0.5133501701056957,0
1,2641,0.3004819292641854,0.0,0.0,0.6288810670375824,3
1,2648,0.0,0.0,0.0,0.4526202529668808,0
1,2651,0.7469191084959397,0.03818014844122693,0.0,0.5381142273545265,0
1,2652,0.8201319619429821,0.0,0.0,0.4265090748667717,0
1,2661,0.8335318439507144,0.015324021244675332,0.0,0.591801181435585,1
1,2663,0.7490872564325832,0.0,0.0,0.40370000153779984,0
1,2667,0.7664933716937676,0.015324021244675332,0.0,0.5588334985077381,1
1,2672,0.9290288926363517,0.14399345077262193,0.0,0.5964643061161041,2
1,2675,0.8351177895140451,0.0002850420866935585,0.0,0.5882996320724487,1
1,2681,0.8790240580068884,0.0003853739478143377,0.0,0.5054874774068594,1
1,2686,0.9639960840714428,0.04903687860661358,0.0,0.49445191863924265,1
1,2687,0.46775793659417675,0.0,0.0,0.5286713354289532,0
1,2694,0.8539343464802356,0.0,0.0,0.528399895876646,0
1,2696,0.32622285053945943,0.0,0.0,0.47949500009417534,0
1,2698,0.7239662847407198,0.000328315975550471,0.0,0.5131371412426233,0
1,2699,0.4229171816577827,0.000328315975550471,0.0,0.5503281503915787,0
1,2700,0.8039251291781495,0.0,0.0,0.4657350741326809,0
1,2702,0.6777015027073836,0.04756700000178231,0.0,0.524509496986866,0
1,2707,0.4041530056106737,0.000328315975550471,0.0,0.575447216629982,0
1,2708,0.9649127549564593,0.0597884597106853,0.0,0.49821775034070015,1
1,2709,1.1118299083725798,0.0,0.0,0.4495735876262188,0
1,2712,0.6751327837073391,0.0,0.0,0.3726266473531723,0
1,2713,0.74880895288836,0.0,0.0,0.547430370002985,0
1,2722,0.7650485144281904,0.0,0.0,0.6767729669809341,0
1,2725,0.9559851953704166,0.013907435617463678,0.0,0.5732711628079414,1
1,2726,0.9255054624799581,0.0,0.0,0.5144464485347271,0
1,2729,0.9614081795103591,0.0,0.0,0.5707905068993568,0
1,2730,0.770771383606063,0.02064244376810937,0.0,0.45118357241153717,1
1,2733,0.3073940764756322,0.0440313844036736,0.0,0.5546885617077351,0
1,2734,0.8091067115702213,0.0,0.0,0.44721725583076477,0
1,2735,1.0388483991769186,0.0002511886431509581,0.0,0.4713300820440054,1
1,2738,0.948877005727387,0.0,0.0,0.6004129946231842,0
1,2741,0.8834358231131023,0.0,0.0,0.6486940085887909,0
1,2744,0.6857124975497341,0.0,0.0,0.5564954057335854,0
1,2748,1.0044524142539892,0.0,0.0,0.5694210529327393,0
1,2749,0.745291669407787,0.0639888055573407,0.0,0.47255662828683853,0
1,2750,0.6843442582808132,0.05390874355176962,0.0,0.5642543733119965,0
1,2756,0.9584146563694088,0.0,0.0,0.4525519497692585,0
1,2759,0.700197175809924,0.0,0.0,0.4774519931524992,0
1,2760,0.723113825339216,0.0003853739478143377,0.0,0.4684630334377289,0
1,2763,0.31611075294740243,0.0,0.0,0.5412201210856438,0
1,2765,0.9684517805891404,0.0,0.0,0.4413168281316757,0
1,2769,0.954183141750223,0.0,0.0,0.4178258925676346,0
1,2770,1.1664444994472056,0.0,0.0,0.3045029193162918,0
1,2777,0.8069587081092467,0.0,0.0,0.5466515645384789,0
1,2782,0.6843442582808132,0.04720748425791786,0.0,0.5362307317554951,0
1,2795,0.7598835538400464,0.0,0.0,0.6359138786792755,0
1,2799,1.0589757768011148,0.0,0.0,0.5649819821119308,0
1,2801,0.953681599846746,0.0,0.0,0.6026523485779762,0
1,2815,0.7852832857286461,0.0,0.0,0.46901365742087364,0
1,2820,0.8531536902125016,0.0,0.0,0.501293458044529,0
1,2821,0.7652058832556894,0.0,0.0,0.5579434186220169,0
1,2829,0.9334030549357251,0.0,0.0,0.0,0
1,2830,0.7561010394150337,0.014894171714975977,0.0,0.0,1
1,2831,0.9386908043714519,0.0117000584171759,0.0,0.0,1
1,2832,1.006725328497433,0.0,0.0,0.0,0
1,2838,1.0973921781826022,0.0,0.0,0.0,0
1,2842,0.948877005727387,0.0,0.0,0.0,0
1,2844,1.0521184538022834,0.0,0.0,0.0,0
1,2848,0.0,0.00020182850568062054,0.0,0.0,0
1,2853,0.0,0.0,0.0,0.0,0
1,2854,0.0,0.0,0.0,0.0,0
1,2855,0.0,0.03395666251521221,0.0,0.0,0
1,2861,0.0,0.0,0.0,0.0,0
1,2863,0.0,0.0002511886431509581,0.0,0.0,0
1,2865,0.0,0.0,0.0,0.0,0
1,2868,0.0,0.008372701828946878,0.0,0.0,0
1,2869,0.0,0.00016774375367471144,0.0,0.0,0
1,2873,0.0,0.0,0.0,0.0,0
1,2874,0.0,0.0003853739478143377,0.0,0.0,0
1,2876,0.0,0.0,0.0,0.0,0
1,2877,0.0,0.0,0.0,0.0,0
1,2880,0.0,0.0,0.0,0.0,0
1,2893,0.0,0.0003853739478143377,0.0,0.0,0
1,2894,0.0,0.0,0.0,0.0,0
1,2895,0.0,0.016809631596849776,0.0,0.0,0
1,2898,0.0,0.0,0.0,0.0,0
1,2902,0.0,0.0,0.0,0.0,0
1,2905,0.0,0.0,0.0,0.0,0
1,2906,0.0,0.0,0.0,0.0,0
1,2908,0.0,0.0002850420866935585,0.0,0.0,0
1,2911,0.0,0.0002850420866935585,0.0,0.0,0
1,2912,0.0,0.000328315975550471,0.0,0.0,0
1,2916,0.0,0.00014290782872728954,0.0,0.0,0
1,2918,0.0,0.0,0.0,0.0,0
1,2923,0.0,0.0,0.0,0.0,0
1,2924,0.0,0.0002511886431509581,0.0,0.0,0
1,2929,0.0,0.0,0.0,0.0,0
1,2930,0.0,0.0,0.0,0.0,0
1,2934,0.0,0.030404249907516882,0.0,0.0,0
1,2945,0.0,0.00016774375367471144,0.0,0.0,0
1,2946,0.0,0.06716248751948814,0.0,0.0,0
1,2947,0.0,0.000328315975550471,0.0,0.0,0
1,2948,0.0,0.0,0.0,0.0,0
1,2949,0.0,0.00849202489845584,0.0,0.0,0
1,2953,0.0,0.0383790609607491,0.0,0.0,0
1,2954,0.0,0.0,0.0,0.0,0
1,2956,0.0,0.01967967672496132,0.0,0.0,0
1,194,0.8602322666190392,1.0,0.0,0.37286603450775146,6
1,201,0.8038845238226053,0.4446006353219719,0.0,0.6331912577152252,4
1,497,0.7370308516304532,0.386067213600687,0.0,0.6069833189249039,6
1,1007,0.3235420740333905,0.3385667188911381,0.0,0.5142787992954254,2
1,1020,0.6777015027073836,1.0,0.0,0.5232537519186735,5
1,1506,0.6777015027073836,1.0,0.0,0.6894104033708572,5
1,1556,0.4406691881683429,0.2821275757570903,0.9729550745276566,0.4989869259297848,2
1,1601,0.6777015027073836,1.0,0.0,0.3657013922929764,5
1,2019,0.0,1.0,0.0,0.6433667540550232,5
1,2070,1.0399234997546516,0.2792128645089937,0.5493061443340549,0.4890330210328102,3
1,2141,0.7794674082190589,0.29230634847973375,0.0,0.6292479932308197,3
1,2345,0.7445980514676362,0.29230634847973375,0.0,0.6170560047030449,2
1,2587,0.38570119406626086,0.5473804319793744,0.0,0.5180971026420593,4
1,2592,0.8863319947116727,1.0,0.0,0.7395724952220917,6
1,2596,0.8478506693090384,0.3257648287201874,0.0,0.4530179388821125,3
1,194,0.8602322666190392,1.0,0.0,0.37286603450775146,6
1,201,0.8038845238226053,0.4446006353219719,0.0,0.6331912577152252,4
1,497,0.7370308516304532,0.386067213600687,0.0,0.6069833189249039,6
1,1007,0.3235420740333905,0.3385667188911381,0.0,0.5142787992954254,2
1,1020,0.6777015027073836,1.0,0.0,0.5232537519186735,5
1,1506,0.6777015027073836,1.0,0.0,0.6894104033708572,5
1,1556,0.4406691881683429,0.2821275757570903,0.9729550745276566,0.4989869259297848,2
1,1601,0.6777015027073836,1.0,0.0,0.3657013922929764,5
1,2019,0.0,1.0,0.0,0.6433667540550232,5
1,2070,1.0399234997546516,0.2792128645089937,0.5493061443340549,0.4890330210328102,3
1,2141,0.7794674082190589,0.29230634847973375,0.0,0.6292479932308197,3
1,2345,0.7445980514676362,0.29230634847973375,0.0,0.6170560047030449,2
1,2587,0.38570119406626086,0.5473804319793744,0.0,0.5180971026420593,4
1,2592,0.8863319947116727,1.0,0.0,0.7395724952220917,6
1,2596,0.8478506693090384,0.3257648287201874,0.0,0.4530179388821125,3
1,194,0.8602322666190392,1.0,0.0,0.37286603450775146,6
1,201,0.8038845238226053,0.4446006353219719,0.0,0.6331912577152252,4
1,497,0.7370308516304532,0.386067213600687,0.0,0.6069833189249039,6
1,1007,0.3235420740333905,0.3385667188911381,0.0,0.5142787992954254,2
1,1020,0.6777015027073836,1.0,0.0,0.5232537519186735,5
1,1506,0.6777015027073836,1.0,0.0,0.6894104033708572,5
1,1556,0.4406691881683429,0.2821275757570903,0.9729550745276566,0.4989869259297848,2
1,1601,0.6777015027073836,1.0,0.0,0.3657013922929764,5
1,2019,0.0,1.0,0.0,0.6433667540550232,5
1,2070,1.0399234997546516,0.2792128645089937,0.5493061443340549,0.4890330210328102,3
1,2141,0.7794674082190589,0.29230634847973375,0.0,0.6292479932308197,3
1,2345,0.7445980514676362,0.29230634847973375,0.0,0.6170560047030449,2
1,2587,0.38570119406626086,0.5473804319793744,0.0,0.5180971026420593,4
1,2592,0.8863319947116727,1.0,0.0,0.7395724952220917,6
1,2596,0.8478506693090384,0.3257648287201874,0.0,0.4530179388821125,3
1,194,0.8602322666190392,1.0,0.0,0.37286603450775146,6
1,201,0.8038845238226053,0.4446006353219719,0.0,0.6331912577152252,4
1,497,0.7370308516304532,0.386067213600687,0.0,0.6069833189249039,6
1,1007,0.3235420740333905,0.3385667188911381,0.0,0.5142787992954254,2
1,1020,0.6777015027073836,1.0,0.0,0.5232537519186735,5
1,1506,0.6777015027073836,1.0,0.0,0.6894104033708572,5
1,1556,0.4406691881683429,0.2821275757570903,0.9729550745276566,0.4989869259297848,2
1,1601,0.6777015027073836,1.0,0.0,0.3657013922929764,5
1,2019,0.0,1.0,0.0,0.6433667540550232,5
1,2070,1.0399234997546516,0.2792128645089937,0.5493061443340549,0.4890330210328102,3
1,2141,0.7794674082190589,0.29230634847973375,0.0,0.6292479932308197,3
1,2345,0.7445980514676362,0.29230634847973375,0.0,0.6170560047030449,2
1,2587,0.38570119406626086,0.5473804319793744,0.0,0.5180971026420593,4
1,2592,0.8863319947116727,1.0,0.0,0.7395724952220917,6
1,2596,0.8478506693090384,0.3257648287201874,0.0,0.4530179388821125,3
1,194,0.8602322666190392,1.0,0.0,0.37286603450775146,6
1,201,0.8038845238226053,0.4446006353219719,0.0,0.6331912577152252,4
1,497,0.7370308516304532,0.386067213600687,0.0,0.6069833189249039,6
1,1007,0.3235420740333905,0.3385667188911381,0.0,0.5142787992954254,2
1,1020,0.6777015027073836,1.0,0.0,0.5232537519186735,5
1,1506,0.6777015027073836,1.0,0.0,0.6894104033708572,5
1,1556,0.4406691881683429,0.2821275757570903,0.9729550745276566,0.4989869259297848,2
1,1601,0.6777015027073836,1.0,0.0,0.3657013922929764,5
1,2019,0.0,1.0,0.0,0.6433667540550232,5
1,2070,1.0399234997546516,0.2792128645089937,0.5493061443340549,0.4890330210328102,3
1,2141,0.7794674082190589,0.29230634847973375,0.0,0.6292479932308197,3
1,2345,0.7445980514676362,0.29230634847973375,0.0,0.6170560047030449,2
1,2587,0.38570119406626086,0.5473804319793744,0.0,0.5180971026420593,4
1,2592,0.8863319947116727,1.0,0.0,0.7395724952220917,6
1,2596,0.8478506693090384,0.3257648287201874,0.0,0.4530179388821125,3
1,194,0.8602322666190392,1.0,0.0,0.37286603450775146,6
1,201,0.8038845238226053,0.4446006353219719,0.0,0.6331912577152252,4
1,497,0.7370308516304532,0.386067213600687,0.0,0.6069833189249039,6
1,1007,0.3235420740333905,0.3385667188911381,0.0,0.5142787992954254,2
1,1020,0.6777015027073836,1.0,0.0,0.5232537519186735,5
1,1506,0.6777015027073836,1.0,0.0,0.6894104033708572,5
1,1556,0.4406691881683429,0.2821275757570903,0.9729550745276566,0.4989869259297848,2
1,1601,0.6777015027073836,1.0,0.0,0.3657013922929764,5
1,2019,0.0,1.0,0.0,0.6433667540550232,5
1,2070,1.0399234997546516,0.2792128645089937,0.5493061443340549,0.4890330210328102,3
1,2141,0.7794674082190589,0.29230634847973375,0.0,0.6292479932308197,3
1,2345,0.7445980514676362,0.29230634847973375,0.0,0.6170560047030449,2
1,2587,0.38570119406626086,0.5473804319793744,0.0,0.5180971026420593,4
1,2592,0.8863319947116727,1.0,0.0,0.7395724952220917,6
1,2596,0.8478506693090384,0.3257648287201874,0.0,0.4530179388821125,3
1,194,0.8602322666190392,1.0,0.0,0.37286603450775146,6
1,201,0.8038845238226053,0.4446006353219719,0.0,0.6331912577152252,4
1,497,0.7370308516304532,0.386067213600687,0.0,0.6069833189249039,6
1,1007,0.3235420740333905,0.3385667188911381,0.0,0.5142787992954254,2
1,1020,0.6777015027073836,1.0,0.0,0.5232537519186735,5
1,1506,0.6777015027073836,1.0,0.0,0.6894104033708572,5
1,1556,0.4406691881683429,0.2821275757570903,0.9729550745276566,0.4989869259297848,2
1,1601,0.6777015027073836,1.0,0.0,0.3657013922929764,5
1,2019,0.0,1.0,0.0,0.6433667540550232,5
1,2070,1.0399234997546516,0.2792128645089937,0.5493061443340549,0.4890330210328102,3
1,2141,0.7794674082190589,0.29230634847973375,0.0,0.6292479932308197,3
1,2345,0.7445980514676362,0.29230634847973375,0.0,0.6170560047030449,2
1,2587,0.38570119406626086,0.5473804319793744,0.0,0.5180971026420593,4
1,2592,0.8863319947116727,1.0,0.0,0.7395724952220917,6
1,2596,0.8478506693090384,0.3257648287201874,0.0,0.4530179388821125,3
1,194,0.8602322666190392,1.0,0.0,0.37286603450775146,6
1,201,0.8038845238226053,0.4446006353219719,0.0,0.6331912577152252,4
1,497,0.7370308516304532,0.386067213600687,0.0,0.6069833189249039,6
1,1007,0.3235420740333905,0.3385667188911381,0.0,0.5142787992954254,2
1,1020,0.6777015027073836,1.0,0.0,0.5232537519186735,5
1,1506,0.6777015027073836,1.0,0.0,0.6894104033708572,5
1,1556,0.4406691881683429,0.2821275757570903,0.9729550745276566,0.4989869259297848,2
1,1601,0.6777015027073836,1.0,0.0,0.3657013922929764,5
1,2019,0.0,1.0,0.0,0.6433667540550232,5
1,2070,1.0399234997546516,0.2792128645089937,0.5493061443340549,0.4890330210328102,3
1,2141,0.7794674082190589,0.29230634847973375,0.0,0.6292479932308197,3
1,2345,0.7445980514676362,0.29230634847973375,0.0,0.6170560047030449,2
1,2587,0.38570119406626086,0.5473804319793744,0.0,0.5180971026420593,4
1,2592,0.8863319947116727,1.0,0.0,0.7395724952220917,6
1,2596,0.8478506693090384,0.3257648287201874,0.0,0.4530179388821125,3
