tree
version=v4
num_class=1
num_tree_per_iteration=1
label_index=0
max_feature_idx=2
objective=lambdarank
feature_names=tag_score ingredient_score hot_score
monotone_constraints=1 1 1
feature_infos=[0:1.3554030054147672] [0:1] [0.34657359027997259:1.8920948169591307]
tree_sizes=775 663 868 868 869 763 764 765 763 764 863 760 759 761 761 762 762 761 863 764 766 760 762 760 874 869 866 763 873 764 873 872 979 872 873 871 972 870 868 973 1087 977 987 883 875 881 976 976 982 979 1073 977 979 980 984 978 1087 978 1068 978 1076 976 1288 984 1087 1204 1097 986 1201 1096 1200 1097 1092 1091 1202 1201 1094 985 1198 1089 1095 979 985 1098 1084 986 1097 1089 987 990 1088 1093 991 988 1099 1316 1307 1296 1410 1405 1414 1418 1413 1313 1420 1312 1311 1410 981 1089 1092 1091 1206 1422 1420 1524 1312 1418 1421 1436 1324 1325 1325 1433 1439 1432 1219 1437 1442 1329 1418 1433 1295 1292 1403 1413 1310 1308 1430 1217 1433 1215 1331 1441 1213 1116 1217 1112 1217 1217 1113 1190 1218 1110 1410 1436 1117 1095 1333 1324 1330 1207 1314 1310 1311 1313 1092 1638 1550 1552 1553 1555 1551 1114 1222 1009 1075 1078 1182 1408 1193 1285 1406 1305 986 1099 1098 1100 1096 1092 1116 1117 1210 1209 1091 1094 1092 1009 1008 1099 681 896 902 1006 902 1227 1007 1125 896 1004 1123 886 885 1105 1104 993 992 1002 1110 993 993 889 1104 1192 998 1109 1219 895 1102 1207 1232 1229 995 1005 984 1097 999 1102 1091 1211 1106 771 979 879 1001 880 894 686 686 1008

Tree=0
num_leaves=6
num_cat=0
split_feature=1 2 1 0 2
split_gain=8.71355 2.81069 1.9268 1.39515 0.491912
threshold=0.14460429820201048 1.5566341673218667 0.00012017463636180001 0.74811773779688162 1.2207004806465929
decision_type=2 2 2 2 2
left_child=1 2 4 -4 -1
right_child=-2 -3 3 -5 -6
leaf_value=-0.057167009472685389 0.057280475387771881 0.019127632412770951 -0.028478495250111299 -0.0043086691241912946 -0.028478495250111299
leaf_weight=1.6958817330978493 1.7442143359221516 0.63709348625343398 0.72908449518763552 1.791529314155923 0.49837226763702336
leaf_count=883 144 70 327 469 39
internal_value=0 -0.0190252 -0.027745 -0.0088098 -0.0481472
internal_weight=7.09618 5.35196 4.71487 2.52061 2.19425
internal_count=1932 1788 1718 796 922
is_linear=0
shrinkage=0.03


Tree=1
num_leaves=5
num_cat=0
split_feature=1 2 1 0
split_gain=37.5912 5.99801 0.414657 0.161315
threshold=0.37186712853162124 1.5566341673218667 0.77359445008287686 1.0612510697279112
decision_type=2 2 2 2
left_child=1 3 -2 -1
right_child=2 -3 -4 -5
leaf_value=-0.052490935486930096 0.031748887398627107 0.0014391089576865944 0.049711450420185078 -0.024855907187892663
leaf_weight=7.7752086339751276 2.6537251230329257 1.0995092147495586 6.0714584970846772 0.45537895755842317
leaf_count=1682 27 70 54 99
internal_value=0 -0.041753 0.0446312 -0.0511509
internal_weight=18.0553 9.3301 8.72518 8.23059
internal_count=1932 1851 81 1781
is_linear=0
shrinkage=0.03


Tree=2
num_leaves=7
num_cat=0
split_feature=1 2 0 0 0 1
split_gain=23.3915 7.73791 1.32905 0.814369 0.0238633 0.0215487
threshold=0.37186712853162124 1.5566341673218667 0.8007821470548625 1.0612510697279112 0.63047152422883579 0.18042215857860808
decision_type=2 2 2 2 2 2
left_child=1 3 4 5 -2 -1
right_child=2 -3 -4 -5 -6 -7
leaf_value=-0.054222659481600481 0.01641324955976188 0.0010368078919916345 0.055098911499030193 -0.0239135679002795 0.029093185788996348 -0.038119463169929452
leaf_weight=5.8426377016585338 1.0078933462500552 1.6053688493557272 2.5033068358898163 0.604613373056054 4.6963698538020253 0.65632882900536049
leaf_count=1621 18 70 9 99 54 61
internal_value=0 -0.0341519 0.0362255 -0.0488639 0.0272755 -0.0523254
internal_weight=16.9165 8.70895 8.20757 7.10358 5.70426 6.49897
internal_count=1932 1851 81 1781 72 1682
is_linear=0
shrinkage=0.03


Tree=3
num_leaves=7
num_cat=0
split_feature=1 2 0 0 1 1
split_gain=21.7151 6.94704 1.78045 0.661497 0.187025 0.128871
threshold=0.37186712853162124 1.5566341673218667 0.8007821470548625 1.0612510697279112 0.77359445008287686 0.18042215857860808
decision_type=2 2 2 2 2 2
left_child=1 3 4 5 -2 -1
right_child=2 -3 -4 -5 -6 -7
leaf_value=-0.05228898950056747 0.010550896131942402 0.0014770348339883377 0.053466445741639224 -0.022652282941397862 0.027098572338096732 -0.036264608186247847
leaf_weight=5.7608517098706233 1.266715183854102 1.6487461924552915 3.1685802713036537 0.58710843068547536 3.5136037059128284 0.67382576898671676
leaf_count=1621 27 70 9 99 45 61
internal_value=0 -0.0327442 0.0356983 -0.0467816 0.0231788 -0.0498769
internal_weight=16.6194 8.67053 7.9489 7.02179 4.78032 6.43468
internal_count=1932 1851 81 1781 72 1682
is_linear=0
shrinkage=0.03


Tree=4
num_leaves=7
num_cat=0
split_feature=1 2 0 0 1 1
split_gain=20.5496 6.38939 1.21072 0.562937 0.210889 0.10955
threshold=0.37186712853162124 1.5566341673218667 0.8007821470548625 1.0612510697279112 0.18042215857860808 0.77359445008287686
decision_type=2 2 2 2 2 2
left_child=1 3 5 4 -1 -2
right_child=2 -3 -4 -5 -6 -7
leaf_value=-0.050604392546461818 0.013699797662143224 0.0022985150461859835 0.051403374013452831 -0.021304150300326594 -0.034539785228035295 0.028597312726354986
leaf_weight=5.690694732009435 1.2074577743187536 1.7075896277092395 2.9858142733573914 0.59600819111801673 0.70084108132868994 3.3847187701612711
leaf_count=1621 27 70 9 99 61 45
internal_value=0 -0.0313891 0.0359861 -0.0449068 -0.0477754 0.0251931
internal_weight=16.2731 8.69513 7.57799 6.98754 6.39154 4.59218
internal_count=1932 1851 81 1781 1682 72
is_linear=0
shrinkage=0.03


Tree=5
num_leaves=6
num_cat=0
split_feature=1 2 0 0 1
split_gain=19.2475 6.08776 1.36611 1.00484 0.0695333
threshold=0.37186712853162124 1.5566341673218667 1.0612510697279112 0.8007821470548625 0.77359445008287686
decision_type=2 2 2 2 2
left_child=1 2 -1 4 -2
right_child=3 -3 -4 -5 -6
leaf_value=-0.049078307181196185 0.014690607285481152 0.0024988542174750059 -0.020707235255004969 0.049725104729964741 0.028350499772865457
leaf_weight=6.1221613403176907 1.1864566644653667 1.7894824603572486 0.72695261263288546 2.9087938740849495 3.3148356964811683
leaf_count=1682 27 70 99 9 45
internal_value=0 -0.0303485 -0.0439133 0.0353462 0.0252805
internal_weight=16.0487 8.6386 6.84911 7.41009 4.50129
internal_count=1932 1851 1781 81 72
is_linear=0
shrinkage=0.03


Tree=6
num_leaves=6
num_cat=0
split_feature=1 2 0 0 1
split_gain=17.7238 5.73355 1.31351 0.908286 0.0477285
threshold=0.37186712853162124 1.5566341673218667 1.0612510697279112 0.8007821470548625 0.77359445008287686
decision_type=2 2 2 2 2
left_child=1 2 -1 4 -2
right_child=3 -3 -4 -5 -6
leaf_value=-0.047696142204790376 0.014759833111994988 0.0026468421709377205 -0.019951298233733265 0.048264126546114963 0.027520198610916997
leaf_weight=6.0101853084051964 1.1770920781418688 1.8688081945292649 0.73022075719200064 2.8385061174631119 3.2590715335682034
leaf_count=1682 27 70 99 9 45
internal_value=0 -0.0290545 -0.0425494 0.0343482 0.024671
internal_weight=15.8839 8.60921 6.74041 7.27467 4.43616
internal_count=1932 1851 1781 81 72
is_linear=0
shrinkage=0.03


Tree=7
num_leaves=6
num_cat=0
split_feature=1 2 0 0 0
split_gain=16.356 5.42342 1.26999 0.846341 0.0389631
threshold=0.37186712853162124 1.5566341673218667 1.0612510697279112 0.8007821470548625 0.63047152422883579
decision_type=2 2 2 2 2
left_child=1 2 -1 4 -2
right_child=3 -3 -4 -5 -6
leaf_value=-0.046421477321063616 0.012550779746481368 0.0027590554937830247 -0.019266038212385213 0.046989140097799142 0.026118654522765225
leaf_weight=5.9071876067901012 0.86439435463398773 1.9492160119116304 0.73172233905643214 2.7773800194263458 3.5175648275762796
leaf_count=1682 18 70 99 9 54
internal_value=0 -0.0278431 -0.0412911 0.0333612 0.0239525
internal_weight=15.7475 8.58813 6.63891 7.15934 4.38196
internal_count=1932 1851 1781 81 72
is_linear=0
shrinkage=0.03


Tree=8
num_leaves=6
num_cat=0
split_feature=1 2 0 0 1
split_gain=15.0664 5.15419 1.22074 0.801482 0.0481985
threshold=0.37186712853162124 1.5566341673218667 1.0612510697279112 0.8007821470548625 0.77359445008287686
decision_type=2 2 2 2 2
left_child=1 2 -1 4 -2
right_child=3 -3 -4 -5 -6
leaf_value=-0.045277448000138103 0.01356701693013373 0.0027973739399951886 -0.018678446438715531 0.045827255703181448 0.026012462063859144
leaf_weight=5.7941749216988665 1.1813970049843199 2.0302507346495986 0.73513559298589815 2.6968632787466049 3.1896970001980662
leaf_count=1682 27 70 99 9 45
internal_value=0 -0.0266982 -0.0401543 0.032293 0.0231795
internal_weight=15.6275 8.55956 6.52931 7.06796 4.37109
internal_count=1932 1851 1781 81 72
is_linear=0
shrinkage=0.03


Tree=9
num_leaves=6
num_cat=0
split_feature=1 2 0 0 1
split_gain=13.9873 4.90965 1.19207 0.769386 0.0344773
threshold=0.37186712853162124 1.5566341673218667 1.0612510697279112 0.8007821470548625 0.77359445008287686
decision_type=2 2 2 2 2
left_child=1 2 -1 4 -2
right_child=3 -3 -4 -5 -6
leaf_value=-0.044241360033467958 0.013374109824853731 0.0028907660581359439 -0.018102215101706703 0.044836798299877585 0.02511988830904523
leaf_weight=5.6942647051764634 1.1738593811169273 2.1105492641218007 0.74039270333014418 2.6464335843920708 3.1441191481426358
leaf_count=1682 27 70 99 9 45
internal_value=0 -0.0256542 -0.0390952 0.0314358 0.0224598
internal_weight=15.5096 8.54521 6.43466 6.96441 4.31798
internal_count=1932 1851 1781 81 72
is_linear=0
shrinkage=0.03


Tree=10
num_leaves=7
num_cat=0
split_feature=1 2 0 0 2 1
split_gain=13.0107 4.6862 1.16881 0.745785 0.216755 0.712322
threshold=0.37186712853162124 1.5566341673218667 1.0612510697279112 0.8007821470548625 1.7249307768212183 0.77359445008287686
decision_type=2 2 2 2 2 2
left_child=1 2 -1 4 5 -2
right_child=3 -3 -4 -5 -6 -7
leaf_value=-0.043302343604574585 0.0029698937568228066 0.0029698937568228066 -0.017575100592563609 0.043953708103149941 0.032853255139805096 0.024273141481673064
leaf_weight=5.592938218964262 0.60290617123246315 2.1900193192996085 0.74554637609980989 2.5956685021519661 0.56518263835459936 3.1007464732974768
leaf_count=1682 18 70 99 9 9 45
internal_value=0 -0.0246819 -0.0381201 0.0306217 0.0217528 0.0175439
internal_weight=15.393 8.5285 6.33848 6.8645 4.26884 3.70365
internal_count=1932 1851 1781 81 72 63
is_linear=0
shrinkage=0.03


Tree=11
num_leaves=6
num_cat=0
split_feature=1 2 0 0 2
split_gain=12.1981 4.45612 1.14343 0.711695 0.251802
threshold=0.37186712853162124 1.5566341673218667 1.0612510697279112 0.8007821470548625 1.7249307768212183
decision_type=2 2 2 2 2
left_child=1 2 -1 4 -2
right_child=3 -3 -4 -5 -6
leaf_value=-0.042440536321440708 0.0166461610714254 0.0030117546759366775 -0.017107555679865088 0.043120537779494574 0.032175925928487822
leaf_weight=5.4993938275147212 3.6399815492331991 2.2590807108208537 0.75142660690471519 2.5351395979523659 0.60950826667249192
leaf_count=1682 63 70 99 9 9
internal_value=0 -0.023862 -0.0372269 0.0298855 0.0212313
internal_weight=15.2945 8.5099 6.25082 6.78463 4.24949
internal_count=1932 1851 1781 81 72
is_linear=0
shrinkage=0.03


Tree=12
num_leaves=6
num_cat=0
split_feature=1 2 0 0 2
split_gain=11.3117 4.2585 1.1247 0.68455 0.28123
threshold=0.37186712853162124 1.5566341673218667 1.0612510697279112 0.8007821470548625 1.7249307768212183
decision_type=2 2 2 2 2
left_child=1 2 -1 4 -2
right_child=3 -3 -4 -5 -6
leaf_value=-0.041673625060848235 0.015792551221179368 0.0029919361446902005 -0.016701261060615376 0.042289187273406706 0.031443894814495985
leaf_weight=5.3794379661558178 3.6419939920306215 2.3339246287941933 0.75552610331214953 2.4447521641850471 0.62301516160368908
leaf_count=1682 63 70 99 9 9
internal_value=0 -0.0229941 -0.0363945 0.028978 0.0205986
internal_weight=15.1787 8.46889 6.13496 6.70976 4.26501
internal_count=1932 1851 1781 81 72
is_linear=0
shrinkage=0.03


Tree=13
num_leaves=6
num_cat=0
split_feature=1 2 0 0 2
split_gain=10.4657 4.06732 1.10853 0.663691 0.33445
threshold=0.37186712853162124 1.5566341673218667 1.0612510697279112 0.8007821470548625 1.7249307768212183
decision_type=2 2 2 2 2
left_child=1 2 -1 4 -2
right_child=3 -3 -4 -5 -6
leaf_value=-0.040975815153725559 0.014719586645294023 0.0029327377204145448 -0.016340489972063565 0.041513231251746711 0.030723138532176442
leaf_weight=5.2498131918255222 3.6459397096186885 2.4067331133410335 0.75911338394507755 2.3463115990161896 0.65197265148162831
leaf_count=1682 63 70 99 9 9
internal_value=0 -0.0221655 -0.0356137 0.028031 0.019933
internal_weight=15.0599 8.41566 6.00893 6.64422 4.29791
internal_count=1932 1851 1781 81 72
is_linear=0
shrinkage=0.03


Tree=14
num_leaves=6
num_cat=0
split_feature=1 2 0 0 2
split_gain=9.63457 3.87864 1.09011 0.646503 0.42914
threshold=0.37186712853162124 1.5566341673218667 1.0612510697279112 0.8007821470548625 1.7249307768212183
decision_type=2 2 2 2 2
left_child=1 2 -1 4 -2
right_child=3 -3 -4 -5 -6
leaf_value=-0.040341309650185925 0.013293202395782744 0.0028138116555578188 -0.016030384171657194 0.04076168031918008 0.029990810203969761
leaf_weight=5.1061863380018604 3.6551384571939716 2.4767331713810563 0.76197737571783353 2.2323459386825562 0.70699916034936894
leaf_count=1682 63 70 99 9 9
internal_value=0 -0.0213622 -0.0348746 0.0269898 0.0192199
internal_weight=14.9394 8.3449 5.86816 6.59448 4.36214
internal_count=1932 1851 1781 81 72
is_linear=0
shrinkage=0.03


Tree=15
num_leaves=6
num_cat=0
split_feature=1 2 0 0 0
split_gain=8.75916 3.683 1.06782 0.664689 0.0936906
threshold=0.37186712853162124 1.5566341673218667 1.0612510697279112 0.64136744628653053 0.8007821470548625
decision_type=2 2 2 2 2
left_child=1 2 -1 -2 -5
right_child=3 -3 -4 4 -6
leaf_value=-0.039767585554106692 0.012143359793618866 0.0025742741394579704 -0.015792936829442685 0.024916889126431571 0.039974546623696601
leaf_weight=4.9355969686293957 2.4884913126006731 2.5420873239636421 0.7635779206175356 2.0071187885478139 2.084830105304718
leaf_count=1682 45 70 99 27 9
internal_value=0 -0.0205544 -0.0341601 0.0257029 0.0333408
internal_weight=14.8217 8.24126 5.69917 6.58044 4.09195
internal_count=1932 1851 1781 81 36
is_linear=0
shrinkage=0.03


Tree=16
num_leaves=6
num_cat=0
split_feature=1 2 0 0 2
split_gain=8.08623 3.52295 1.04894 0.623968 0.70295
threshold=0.37186712853162124 1.5566341673218667 1.0612510697279112 0.8007821470548625 1.7249307768212183
decision_type=2 2 2 2 2
left_child=1 2 -1 4 -2
right_child=3 -3 -4 -5 -6
leaf_value=-0.039221987645862599 0.0098739972148111262 0.0024941062257035169 -0.015503116516056823 0.03938948589433261 0.028540740578284096
leaf_weight=4.7996132039697823 3.6735472651198515 2.6097196191549301 0.76559751969762135 1.9963838346302507 0.85143467038869847
leaf_count=1682 63 70 99 9 9
internal_value=0 -0.0198235 -0.0335003 0.0248117 0.017692
internal_weight=14.6963 8.17493 5.56521 6.52137 4.52498
internal_count=1932 1851 1781 81 72
is_linear=0
shrinkage=0.03


Tree=17
num_leaves=6
num_cat=0
split_feature=1 2 0 0 2
split_gain=7.31435 3.19879 2.31622 1.01757 0.449143
threshold=0.37186712853162124 1.5566341673218667 0.64136744628653053 1.0612510697279112 1.7249307768212183
decision_type=2 2 2 2 2
left_child=1 3 -2 -1 -4
right_child=2 -3 4 -5 -6
leaf_value=-0.038782141949060545 0.0016193319538380341 0.0016193319538380341 0.025632737075062223 -0.015627685772900114 0.048360069023290424
leaf_weight=4.6008093655109406 2.261125274002552 2.5998105928301811 2.8388919271528721 0.7694045875687151 1.7259532585740087
leaf_count=1682 45 70 27 99 9
internal_value=0 -0.019465 0.0227036 -0.0328747 0.0349818
internal_weight=14.796 7.97002 6.82597 5.37021 4.56485
internal_count=1932 1851 81 1781 36
is_linear=0
shrinkage=0.03


Tree=18
num_leaves=7
num_cat=0
split_feature=1 2 0 0 2 0
split_gain=7.68134 3.04176 1.47617 0.990395 0.485446 0.0373495
threshold=0.37186712853162124 1.5566341673218667 0.64136744628653053 1.0612510697279112 1.7249307768212183 0.3966628993571692
decision_type=2 2 2 2 2 2
left_child=1 3 -2 -1 -4 -3
right_child=2 5 4 -5 -6 -7
leaf_value=-0.038272950307595963 0.001905805140516511 -0.012279907681787485 0.022482672956361222 -0.015315615164620941 0.04488473877214183 0.001905805140516511
leaf_weight=4.6758613871643302 2.0811914987862119 0.393547493964434 2.6557608935981989 0.78223819076083589 2.0115887895226479 2.2116359015926719
leaf_count=1682 45 9 27 99 9 61
internal_value=0 -0.0197099 0.0235215 -0.032537 0.0328292 0.00190581
internal_weight=14.8118 8.06328 6.74854 5.4581 4.66735 2.60518
internal_count=1932 1851 81 1781 36 70
is_linear=0
shrinkage=0.03


Tree=19
num_leaves=6
num_cat=0
split_feature=1 2 0 0 2
split_gain=7.87186 3.01941 1.02979 0.946851 0.288381
threshold=0.37186712853162124 1.5566341673218667 0.64136744628653053 1.0612510697279112 1.7249307768212183
decision_type=2 2 2 2 2
left_child=1 3 -2 -1 -4
right_child=2 -3 4 -5 -6
leaf_value=-0.037847579391422317 0.0053910221327895039 0.0021630286206000015 0.023755115507868737 -0.015064231615973958 0.042727883704800761
leaf_weight=4.7587298415601236 2.0496838223189124 2.5311655970290303 2.7439225539565086 0.79583094175904978 1.8340762481093404
leaf_count=1682 45 70 27 99 9
internal_value=0 -0.0198129 0.0241389 -0.0322915 0.0320598
internal_weight=14.7134 8.08573 6.62768 5.55456 4.578
internal_count=1932 1851 81 1781 36
is_linear=0
shrinkage=0.03


Tree=20
num_leaves=6
num_cat=0
split_feature=1 2 0 0 2
split_gain=7.53544 2.94614 0.929156 0.790596 0.232211
threshold=0.37186712853162124 1.5566341673218667 1.0612510697279112 0.64136744628653053 1.7249307768212183
decision_type=2 2 2 2 2
left_child=1 2 -1 -2 -5
right_child=3 -3 -4 4 -6
leaf_value=-0.037412995930731802 0.0071860938781835512 0.0023379869662053655 -0.014748768778153395 0.023517900182910459 0.041478572322960698
leaf_weight=4.6849673942197096 2.0257686795666823 2.6014812365174294 0.79744598804973055 2.7705520391464233 1.7000708021223543
leaf_count=1682 45 70 99 27 9
internal_value=0 -0.0192823 -0.0318355 0.0239583 0.031063
internal_weight=14.5803 8.08389 5.48241 6.49639 4.47062
internal_count=1932 1851 1781 81 36
is_linear=0
shrinkage=0.03


Tree=21
num_leaves=6
num_cat=0
split_feature=1 2 0 2 0
split_gain=7.13257 2.86168 0.914203 0.628284 1.30311
threshold=0.37186712853162124 1.5566341673218667 1.0612510697279112 1.7249307768212183 0.8007821470548625
decision_type=2 2 2 2 2
left_child=1 2 -1 4 -2
right_child=3 -3 -4 -5 -6
leaf_value=-0.03700904986662857 0.0033848609662558721 0.0024190994262199353 -0.014478403644287581 0.040514808132259078 0.02889310427083186
leaf_weight=4.5868977784411964 2.9561277469620117 2.6692942902445793 0.7980863929260521 1.5925335958600042 1.8417914658784864
leaf_count=1682 63 70 99 9 9
internal_value=0 -0.018728 -0.0313759 0.0235662 0.0172714
internal_weight=14.4447 8.05428 5.38498 6.39045 4.79792
internal_count=1932 1851 1781 81 72
is_linear=0
shrinkage=0.03


Tree=22
num_leaves=6
num_cat=0
split_feature=1 2 0 0 2
split_gain=6.84195 2.77745 0.900787 0.546679 1.08295
threshold=0.37186712853162124 1.5566341673218667 1.0612510697279112 0.8007821470548625 1.7249307768212183
decision_type=2 2 2 2 2
left_child=1 2 -1 4 -2
right_child=3 -3 -4 -5 -6
leaf_value=-0.036643102620551378 0.0042374944334375789 0.0025588273166232398 -0.014202792154722739 0.03783413338141442 0.027294526377907271
leaf_weight=4.5050944485701603 2.9455362344160685 2.7325403755530715 0.79965235549025226 1.828337889164686 1.4940802976489065
leaf_count=1682 63 70 99 9 9
internal_value=0 -0.0182742 -0.0309644 0.0233918 0.0167549
internal_weight=14.3052 8.03729 5.30475 6.26795 4.43962
internal_count=1932 1851 1781 81 72
is_linear=0
shrinkage=0.03


Tree=23
num_leaves=6
num_cat=0
split_feature=1 2 0 0 2
split_gain=6.53399 2.68034 0.893529 0.518347 1.00007
threshold=0.37186712853162124 1.5566341673218667 1.0612510697279112 0.8007821470548625 1.7249307768212183
decision_type=2 2 2 2 2
left_child=1 2 -1 4 -2
right_child=3 -3 -4 -5 -6
leaf_value=-0.036309437319896061 0.004635423087490557 0.0026437858185226399 -0.013952081861676745 0.037438296132523349 0.027025483574452537
leaf_weight=4.4100749674253148 2.9383955262601384 2.7897795392200351 0.80162490345537651 1.778931740671396 1.442865442484617
leaf_count=1682 63 70 99 9 9
internal_value=0 -0.0178336 -0.0305479 0.0231212 0.0166127
internal_weight=14.1617 8.00148 5.2117 6.16019 4.38126
internal_count=1932 1851 1781 81 72
is_linear=0
shrinkage=0.03


Tree=24
num_leaves=7
num_cat=0
split_feature=1 2 0 0 2 1
split_gain=6.23165 2.58469 0.886375 0.494575 0.932266 0.0116518
threshold=0.37186712853162124 1.5566341673218667 1.0612510697279112 0.8007821470548625 1.7249307768212183 0.00017554414599960002
decision_type=2 2 2 2 2 2
left_child=1 2 -1 4 -2 -3
right_child=3 5 -4 -5 -6 -7
leaf_value=-0.035994335077304158 0.0049240887548043432 -0.00044825170682452614 -0.013714227428731098 0.03707165137783431 0.02675499059289109 0.0027149668221296414
leaf_weight=4.3118889715988189 2.9314116993919015 1.8761788718402388 0.80309849814511824 1.7292297556996343 1.3951239660382269 0.96985803451389063
leaf_count=1682 63 51 99 9 9 19
internal_value=0 -0.0174013 -0.0301434 0.0228312 0.0164383 0.00271497
internal_weight=14.0168 7.96102 5.11499 6.05577 4.32654 2.84604
internal_count=1932 1851 1781 81 72 70
is_linear=0
shrinkage=0.03


Tree=25
num_leaves=7
num_cat=0
split_feature=1 2 0 0 2 1
split_gain=5.80602 2.97364 0.86197 0.483646 0.875786 0.228822
threshold=0.37186712853162124 1.5566341673218667 1.0612510697279112 0.8007821470548625 1.7249307768212183 0.00017554414599960002
decision_type=2 2 2 2 2 2
left_child=1 2 -1 4 -2 -3
right_child=3 5 -4 -5 -6 -7
leaf_value=-0.035965517307634948 0.0049578133851659609 -0.011561100972137035 -0.013607712652316096 0.036724228337873449 0.026398659773061162 0.0029773038147497513
leaf_weight=4.3705251775681955 2.9074196172878155 1.1979833012446763 0.82354894443415094 1.684498995542526 1.3318167775869367 1.6874795109033582
leaf_count=1682 63 51 99 9 9 19
internal_value=0 -0.0165003 -0.0301927 0.0224549 0.0160731 0.0029773
internal_weight=14.0033 8.07954 5.19407 5.92374 4.23924 2.88546
internal_count=1932 1851 1781 81 72 70
is_linear=0
shrinkage=0.03


Tree=26
num_leaves=7
num_cat=0
split_feature=1 2 0 0 2 1
split_gain=6.07711 2.86915 0.833679 0.42434 0.80634 0.0173285
threshold=0.37186712853162124 1.5566341673218667 1.0612510697279112 0.8007821470548625 1.7249307768212183 0.00017554414599960002
decision_type=2 2 2 2 2 2
left_child=1 2 -1 4 -2 -3
right_child=3 5 -4 -5 -6 -7
leaf_value=-0.035680231404629309 0.0061840336529673271 -0.0070121241918761658 -0.013657302885925511 0.036388235452245926 0.02655746024765725 0.0026831027502239582
leaf_weight=4.4782793880440295 3.0061761224642396 1.0288727786391976 0.85641048825345922 1.6463895626366136 1.37144373729825 1.551475655287504
leaf_count=1682 63 51 99 9 9 19
internal_value=0 -0.0172363 -0.0299977 0.0226025 0.0167267 0.0026831
internal_weight=13.939 7.91504 5.33469 6.02401 4.37762 2.58035
internal_count=1932 1851 1781 81 72 70
is_linear=0
shrinkage=0.03


Tree=27
num_leaves=6
num_cat=0
split_feature=1 2 0 0 2
split_gain=5.9763 2.79812 0.817211 0.397714 0.760803
threshold=0.37186712853162124 1.5566341673218667 1.0612510697279112 0.8007821470548625 1.7249307768212183
decision_type=2 2 2 2 2
left_child=1 2 -1 4 -2
right_child=3 -3 -4 -5 -6
leaf_value=-0.03542736172977002 0.0066023061954010353 0.0026134262551729304 -0.013558186874755688 0.036092318446194524 0.026433483938312696
leaf_weight=4.4568715549539775 3.0361129157245159 2.5066906567662954 0.86957853683270503 1.6011831089854238 1.3593785092234609
leaf_count=1682 63 70 99 9 9
internal_value=0 -0.0172097 -0.0297298 0.0224366 0.0167746
internal_weight=13.8298 7.83314 5.32645 5.99667 4.39549
internal_count=1932 1851 1781 81 72
is_linear=0
shrinkage=0.03


Tree=28
num_leaves=7
num_cat=0
split_feature=1 2 0 0 2 1
split_gain=5.71911 2.70125 0.812129 0.384479 0.725978 0.0138679
threshold=0.37186712853162124 1.5566341673218667 1.0612510697279112 0.8007821470548625 1.7249307768212183 0.00017554414599960002
decision_type=2 2 2 2 2 2
left_child=1 2 -1 4 -2 -3
right_child=3 5 -4 -5 -6 -7
leaf_value=-0.035170861353934345 0.006675831083913006 -0.0065838024611847151 -0.013369831212066469 0.035819637004846104 0.026194507971134488 0.0026406513184490431
leaf_weight=4.3601632225327194 3.0325437393039465 1.0102486293762925 0.87202087696641672 1.5545246414840219 1.3226697631180284 1.5339966788887975
leaf_count=1682 63 51 99 9 9 19
internal_value=0 -0.0168615 -0.0293803 0.0221428 0.0165694 0.00264065
internal_weight=13.6862 7.77643 5.23218 5.90974 4.35521 2.54425
internal_count=1932 1851 1781 81 72 70
is_linear=0
shrinkage=0.03


Tree=29
num_leaves=6
num_cat=0
split_feature=1 2 0 0 2
split_gain=5.56401 2.63247 0.799489 0.366177 0.691973
threshold=0.37186712853162124 1.5566341673218667 1.0612510697279112 0.8007821470548625 1.7249307768212183
decision_type=2 2 2 2 2
left_child=1 2 -1 4 -2
right_child=3 -3 -4 -5 -6
leaf_value=-0.034938742610836571 0.0068967204739387037 0.0026053703112971444 -0.013249815274038188 0.035558318784231283 0.026030364949610432
leaf_weight=4.3112426457228139 3.0482673663645983 2.5112760942429304 0.88114074734039594 1.5100596733391283 1.3025959953665731
leaf_count=1682 63 70 99 9 9
internal_value=0 -0.0167144 -0.029105 0.0219252 0.0165024
internal_weight=13.5646 7.70366 5.19238 5.86092 4.35086
internal_count=1932 1851 1781 81 72
is_linear=0
shrinkage=0.03


Tree=30
num_leaves=7
num_cat=0
split_feature=1 2 0 0 2 1
split_gain=5.32676 2.54062 0.794205 0.355113 0.663931 0.0211898
threshold=0.37186712853162124 1.5566341673218667 1.0612510697279112 0.8007821470548625 1.7249307768212183 0.00017554414599960002
decision_type=2 2 2 2 2 2
left_child=1 2 -1 4 -2 -3
right_child=3 5 -4 -5 -6 -7
leaf_value=-0.034705242649515973 0.0069234486370827577 -0.0062814754015895272 -0.013074749901843862 0.035313452316281746 0.025803977166314745 0.0026256564934413894
leaf_weight=4.2148533198051155 3.0431979168206453 1.0116342417895796 0.8830672635231166 1.4653326421976087 1.2682180739939211 1.5344570595771072
leaf_count=1682 63 51 99 9 9 19
internal_value=0 -0.0163866 -0.0287752 0.0216379 0.0162945 0.00262566
internal_weight=13.4208 7.64401 5.09792 5.77675 4.31142 2.54609
internal_count=1932 1851 1781 81 72 70
is_linear=0
shrinkage=0.03


Tree=31
num_leaves=7
num_cat=0
split_feature=1 2 0 0 2 1
split_gain=5.15764 2.47442 0.783059 0.340913 0.63671 0.0114244
threshold=0.37186712853162124 1.5566341673218667 1.0612510697279112 0.8007821470548625 1.7249307768212183 0.00017554414599960002
decision_type=2 2 2 2 2 2
left_child=1 2 -1 4 -2 -3
right_child=3 5 -4 -5 -6 -7
leaf_value=-0.034491857317840817 0.0070456620182058824 -0.0057387908820996144 -0.012950023916362182 0.035077081890453818 0.025627940698478353 0.0026046281195346958
leaf_weight=4.1535282977856696 3.051180369220674 1.0039824871346357 0.88991669309325505 1.4224021807312963 1.2452763654291628 1.5272326152771709
leaf_count=1682 63 51 99 9 9 19
internal_value=0 -0.0161932 -0.0285047 0.0214025 0.0161788 0.00260463
internal_weight=13.2935 7.57466 5.04344 5.71886 4.29646 2.53122
internal_count=1932 1851 1781 81 72 70
is_linear=0
shrinkage=0.03


Tree=32
num_leaves=8
num_cat=0
split_feature=1 2 0 2 1 0 1
split_gain=4.97751 2.40804 0.773015 0.330162 1.28291 0.0458355 0.00764351
threshold=0.37186712853162124 1.5566341673218667 1.0612510697279112 1.7249307768212183 0.77359445008287686 0.67656525381936039 0.00017554414599960002
decision_type=2 2 2 2 2 2 2
left_child=1 2 -1 4 -2 -6 -3
right_child=3 6 -4 -5 5 -7 -8
leaf_value=-0.034286008634038294 0.0025937459414395515 -0.0053368900093084485 -0.012819250863325846 0.036016136972616929 0.016778028753103417 0.026195483553168933 0.0025937459414395515
leaf_weight=4.0840765674365684 0.77609615214169014 1.0028264336287978 0.89525949396193016 1.2201539762318132 1.6942907953634858 1.9640704616904259 1.5258086659014223
leaf_count=1682 18 51 99 9 36 18 19
internal_value=0 -0.015967 -0.0282322 0.0211545 0.0163748 0.0258104 0.00259375
internal_weight=13.1626 7.50797 4.97934 5.65461 4.43446 3.65836 2.52864
internal_count=1932 1851 1781 81 72 54 70
is_linear=0
shrinkage=0.03


Tree=33
num_leaves=7
num_cat=0
split_feature=1 2 0 0 2 1
split_gain=4.78676 2.36749 0.764753 0.345045 0.613971 0.00209764
threshold=0.37186712853162124 1.5566341673218667 1.0612510697279112 0.8007821470548625 1.7249307768212183 0.00017554414599960002
decision_type=2 2 2 2 2 2
left_child=1 2 -1 4 -2 -3
right_child=3 5 -4 -5 -6 -7
leaf_value=-0.0340664608496523 0.0066601827084766165 -0.0048141154612249921 -0.012649420990845536 0.034867365277356718 0.025265222963245269 0.0026559136142281312
leaf_weight=4.0218557675834745 2.9842659281566739 1.0080888415686788 0.89984306273981918 1.3806149326264856 1.1958050578832624 1.5346467066556213
leaf_count=1682 63 51 99 9 9 19
internal_value=0 -0.0156549 -0.0279548 0.0209667 0.0156631 0.00265591
internal_weight=13.0251 7.46443 4.9217 5.56069 4.18007 2.54274
internal_count=1932 1851 1781 81 72 70
is_linear=0
shrinkage=0.03


Tree=34
num_leaves=7
num_cat=0
split_feature=1 2 0 0 2 1
split_gain=4.61006 2.30065 0.75536 0.333482 0.591809 0.00482623
threshold=0.37186712853162124 1.5566341673218667 1.0612510697279112 0.8007821470548625 1.7249307768212183 0.00017554414599960002
decision_type=2 2 2 2 2 2
left_child=1 2 -1 4 -2 -3
right_child=3 5 -4 -5 -6 -7
leaf_value=-0.033875846505299789 0.0067002797642312668 -0.0045986748858557781 -0.012516361294166606 0.034653092099533635 0.025082365297970994 0.0026563751271204672
leaf_weight=3.9453762223711237 2.9807265624403954 1.013146026991308 0.90337730292230833 1.3398593589663503 1.1697041802108286 1.5382731705904005
leaf_count=1682 63 51 99 9 9 19
internal_value=0 -0.0154115 -0.0276891 0.0207243 0.0155116 0.00265638
internal_weight=12.8905 7.40017 4.84875 5.49029 4.15043 2.55142
internal_count=1932 1851 1781 81 72 70
is_linear=0
shrinkage=0.03


Tree=35
num_leaves=7
num_cat=0
split_feature=1 2 0 0 2 1
split_gain=4.4369 2.23459 0.746018 0.322718 0.571237 0.00860931
threshold=0.37186712853162124 1.5566341673218667 1.0612510697279112 0.8007821470548625 1.7249307768212183 0.00017554414599960002
decision_type=2 2 2 2 2 2
left_child=1 2 -1 4 -2 -3
right_child=3 5 -4 -5 -6 -7
leaf_value=-0.033691547882016677 0.0067221035701962749 -0.0044300730471546384 -0.012384520784792102 0.034445527514684583 0.024899941984059357 0.0026581659890294166
leaf_weight=3.8673600633628666 2.97536008246243 1.0196204949170353 0.90627646818757046 1.3001614250242708 1.1435930989682672 1.5430527441203592
leaf_count=1682 63 51 99 9 9 19
internal_value=0 -0.0151657 -0.0274272 0.020482 0.0153544 0.00265817
internal_weight=12.7554 7.33631 4.77364 5.41911 4.11895 2.56267
internal_count=1932 1851 1781 81 72 70
is_linear=0
shrinkage=0.03


Tree=36
num_leaves=8
num_cat=0
split_feature=1 2 0 0 2 1 1
split_gain=4.26842 2.16941 0.736653 0.312568 0.552 0.549461 0.0129827
threshold=0.37186712853162124 1.5566341673218667 1.0612510697279112 0.8007821470548625 1.7249307768212183 0.77359445008287686 0.00017554414599960002
decision_type=2 2 2 2 2 2 2
left_child=1 2 -1 4 5 -2 -3
right_child=3 6 -4 -5 -6 -7 -8
leaf_value=-0.033513121062128587 0.0026606257647287294 -0.0042963590693562053 -0.012254343182310541 0.034243790909720878 0.024718863727767031 0.015724523469965564 0.0026606257647287294
leaf_weight=3.7885061895940453 0.75196853466331992 1.0270529515109958 0.90862342342734326 1.261517498642206 1.1176736354827879 2.2165064392611384 1.5485670771449802
leaf_count=1682 18 51 99 9 9 45 19
internal_value=0 -0.01492 -0.0271693 0.0202413 0.0151939 0.00673018 0.00266063
internal_weight=12.6204 7.27275 4.69713 5.34767 4.08615 2.96847 2.57562
internal_count=1932 1851 1781 81 72 63 70
is_linear=0
shrinkage=0.03


Tree=37
num_leaves=7
num_cat=0
split_feature=1 2 0 0 2 1
split_gain=4.09645 2.11718 0.730767 0.31304 0.556728 0.0152545
threshold=0.37186712853162124 1.5566341673218667 1.0612510697279112 0.8007821470548625 1.7249307768212183 0.00017554414599960002
decision_type=2 2 2 2 2 2
left_child=1 2 -1 4 -2 -3
right_child=3 5 -4 -5 -6 -7
leaf_value=-0.033329854862737381 0.0063686921745060143 -0.0040717119423284822 -0.012099070862398704 0.034139406030173375 0.024543701249317377 0.0027029535906074953
leaf_weight=3.7147597466828302 2.9151587607339025 1.0365700190886857 0.91114103025756765 1.239928927272558 1.1039924696087835 1.5585907921195028
leaf_count=1682 63 51 99 9 9 19
internal_value=0 -0.0146283 -0.0269011 0.0200342 0.014948 0.00270295
internal_weight=12.4801 7.22106 4.6259 5.25908 4.01915 2.59516
internal_count=1932 1851 1781 81 72 70
is_linear=0
shrinkage=0.03


Tree=38
num_leaves=7
num_cat=0
split_feature=1 2 0 0 2 1
split_gain=3.94156 2.05337 0.720848 0.303102 0.538283 0.0205359
threshold=0.37186712853162124 1.5566341673218667 1.0612510697279112 0.8007821470548625 1.7249307768212183 0.00017554414599960002
decision_type=2 2 2 2 2 2
left_child=1 2 -1 4 -2 -3
right_child=3 5 -4 -5 -6 -7
leaf_value=-0.033162195286437435 0.0063750603473248513 -0.0039977310248421171 -0.011972834649194072 0.03394474815248006 0.024370295544098912 0.002707551959830537
leaf_weight=3.6357220311765559 2.9054671498015523 1.0452165654860439 0.91251961980015028 1.2034086510539053 1.0785933732986452 1.5647871159017084
leaf_count=1682 63 51 99 9 9 19
internal_value=0 -0.014391 -0.0266532 0.0198061 0.0147958 0.00270755
internal_weight=12.3457 7.15825 4.54824 5.18747 3.98406 2.61
internal_count=1932 1851 1781 81 72 70
is_linear=0
shrinkage=0.03


Tree=39
num_leaves=8
num_cat=0
split_feature=1 2 0 0 2 1 1
split_gain=3.79211 1.99072 0.710762 0.293568 0.520832 0.501852 0.0256949
threshold=0.37186712853162124 1.5566341673218667 1.0612510697279112 0.8007821470548625 1.7249307768212183 0.77359445008287686 0.00017554414599960002
decision_type=2 2 2 2 2 2 2
left_child=1 2 -1 4 5 -2 -3
right_child=3 6 -4 -5 -6 -7 -8
leaf_value=-0.032999027017294374 0.0027119510130423148 -0.0039387317898365529 -0.011848670603916414 0.033753777373695538 0.024198606685409869 0.015285902094602491 0.0027119510130423148
leaf_weight=3.5569074181257747 0.73495674692094359 1.0541582964360716 0.91347208875231434 1.167945861816406 1.053631439805031 2.159794052131474 1.5711686108261345
leaf_count=1682 18 51 99 9 9 45 19
internal_value=0 -0.0141568 -0.0264093 0.0195807 0.0146434 0.0063732 0.00271195
internal_weight=12.212 7.09571 4.47038 5.11633 3.94838 2.89475 2.62533
internal_count=1932 1851 1781 81 72 63 70
is_linear=0
shrinkage=0.03


Tree=40
num_leaves=9
num_cat=0
split_feature=1 2 0 2 1 0 1 0
split_gain=3.63419 1.939 0.703966 0.295563 0.983813 0.0777772 0.0282839 0.00791632
threshold=0.37186712853162124 1.5566341673218667 1.0612510697279112 1.7249307768212183 0.77359445008287686 0.67656525381936039 0.00017554414599960002 0.94926541252245089
decision_type=2 2 2 2 2 2 2 2
left_child=1 2 -1 4 -2 -6 7 -3
right_child=3 6 -4 -5 5 -7 -8 -9
leaf_value=-0.032831237633710576 0.0027449894502792377 -0.0053742950582989571 -0.011703746364337811 0.034605315981587149 0.014165242641039782 0.024626975553191367 0.0027449894502792377 -0.00051750878057862416
leaf_weight=3.4814283683081158 0.71825990453362498 0.75145006738603137 0.91450564004480828 1.0389712415635584 1.5716665517538786 1.7024566307663918 1.5813685841858385 0.31318185245618224
leaf_count=1682 18 40 99 9 36 18 19 11
internal_value=0 -0.0138749 -0.0261525 0.0193648 0.0146486 0.0236332 0.00274499 -0.00378001
internal_weight=12.0733 7.04193 4.39593 5.03135 3.99238 3.27412 2.646 1.06463
internal_count=1932 1851 1781 81 72 54 70 51
is_linear=0
shrinkage=0.03


Tree=41
num_leaves=8
num_cat=0
split_feature=1 2 0 0 2 0 1
split_gain=3.57503 1.88755 0.684152 0.29725 0.517147 0.113152 0.00390286
threshold=0.37186712853162124 1.5566341673218667 1.0612510697279112 0.8007821470548625 1.7249307768212183 0.73818587830403848 0.0094134549732749016
decision_type=2 2 2 2 2 2 2
left_child=1 2 -1 4 -2 6 -3
right_child=3 5 -4 -5 -6 -7 -8
leaf_value=-0.032663308707672582 0.0059410158476338459 -0.01028355537330874 -0.011638707160916927 0.033648301572356369 0.023951075676985015 0.0027012126946545801 -0.0028825481698457147
leaf_weight=3.4417551576625556 2.8269981695339084 0.67970038484782014 0.92092167120426882 1.1381971836090086 1.0281096808612349 1.65507719758898 0.26173024624586105
leaf_count=1682 63 34 99 9 9 32 4
internal_value=0 -0.0138595 -0.0259786 0.0192619 0.0142538 0.00270121 -0.00846631
internal_weight=11.9525 6.95918 4.36268 4.99331 3.85511 2.59651 0.941431
internal_count=1932 1851 1781 81 72 70 38
is_linear=0
shrinkage=0.03


Tree=42
num_leaves=8
num_cat=0
split_feature=1 2 2 1 0 1 0
split_gain=3.68088 1.21425 0.61225 1.68359 0.193249 0.0152111 0.00701501
threshold=0.019383056740253403 1.5992324138040368 1.5566341673218667 0.77359445008287686 1.0770526162080123 0.00023761515053535005 0.74269295122430934
decision_type=2 2 2 2 2 2 2
left_child=1 4 3 -2 -1 -6 -3
right_child=2 6 -4 -5 5 -7 -8
leaf_value=-0.032433441957505076 -0.002415893221909539 -0.011497831952081546 0.029207124694480072 0.018748717424306137 -0.024041216473337099 -0.01564899098916912 -0.002415893221909539
leaf_weight=3.0260900795110506 1.7281158841797148 0.62603215780109145 1.8546097688376901 3.2317826328799129 0.23575607081875194 0.30562795209698379 0.89391815476119518
leaf_count=1420 322 30 16 54 49 17 24
internal_value=0 -0.0192045 0.0143727 0.00829031 -0.0288821 -0.015649 -0.00241589
internal_weight=11.9019 5.08742 6.81451 4.9599 3.56747 0.541384 1.51995
internal_count=1932 1540 392 376 1486 66 54
is_linear=0
shrinkage=0.03


Tree=43
num_leaves=7
num_cat=0
split_feature=1 2 2 1 0 1
split_gain=3.89678 1.16239 0.589938 1.60914 0.143703 0.0360668
threshold=0.019383056740253403 1.578387011569274 1.5566341673218667 0.77359445008287686 1.0770526162080123 0.00023761515053535005
decision_type=2 2 2 2 2 2
left_child=1 4 3 -2 -1 -6
right_child=2 -3 -4 -5 5 -7
leaf_value=-0.032614868950745807 -0.0026543405446854125 -0.0026543405446854125 0.029442010795093267 0.019105980165427399 -0.024340617875126633 -0.016066366799507455
leaf_weight=2.9817469221306969 1.7400742050376719 1.5028554890304802 1.8265308402478693 3.2725558038800955 0.23819554061628867 0.28690715949051082
leaf_count=1415 322 59 16 54 49 17
internal_value=0 -0.0199909 0.0146822 0.00876995 -0.0294784 -0.0160664
internal_weight=11.8489 5.00971 6.83916 5.01263 3.50685 0.525103
internal_count=1932 1540 392 376 1481 66
is_linear=0
shrinkage=0.03


Tree=44
num_leaves=7
num_cat=0
split_feature=1 2 2 1 0 1
split_gain=3.66607 1.17408 0.56139 1.53754 0.15357 0.0266464
threshold=0.019383056740253403 1.578387011569274 1.5566341673218667 0.77359445008287686 1.0770526162080123 0.00023761515053535005
decision_type=2 2 2 2 2 2
left_child=1 4 3 -2 -1 -6
right_child=2 -3 -4 -5 5 -7
leaf_value=-0.032449302576960937 -0.00258621502388796 -0.00258621502388796 0.028932040182061053 0.01874530343978394 -0.02416702330491953 -0.015884744032878123
leaf_weight=2.9329168754047719 1.7344582123332655 1.5083263870328663 1.7811748161911962 3.2612566966563463 0.23349390900693823 0.28927129856310785
leaf_count=1415 322 59 16 54 49 17
internal_value=0 -0.0194782 0.0143057 0.00855857 -0.0291833 -0.0158847
internal_weight=11.7409 4.96401 6.77689 4.99571 3.45568 0.522765
internal_count=1932 1540 392 376 1481 66
is_linear=0
shrinkage=0.03


Tree=45
num_leaves=7
num_cat=0
split_feature=1 2 2 1 0 1
split_gain=3.44318 1.18456 0.534699 1.47028 0.162127 0.0176531
threshold=0.019383056740253403 1.578387011569274 1.5566341673218667 0.77359445008287686 1.0770526162080123 0.00023761515053535005
decision_type=2 2 2 2 2 2
left_child=1 4 3 -2 -1 -6
right_child=2 -3 -4 -5 5 -7
leaf_value=-0.032314226251100961 -0.0025164327010115599 -0.0025164327010115599 0.028407678364528604 0.018369415310728963 -0.024016624527190368 -0.015719022803279775
leaf_weight=2.8770256797433835 1.7273817481473086 1.5203604167327283 1.7408830150961874 3.2421298427507281 0.22846691543236364 0.2905816484708339
leaf_count=1415 322 59 16 54 49 17
internal_value=0 -0.0189659 0.0139331 0.00833115 -0.0289216 -0.015719
internal_weight=11.6268 4.91643 6.71039 4.96951 3.39607 0.519049
internal_count=1932 1540 392 376 1481 66
is_linear=0
shrinkage=0.03


Tree=46
num_leaves=8
num_cat=0
split_feature=1 2 0 0 2 0 1
split_gain=3.30927 1.83744 0.685955 0.319268 0.486305 0.0248655 0.0540263
threshold=0.37186712853162124 1.5566341673218667 1.0612510697279112 0.8007821470548625 1.7249307768212183 0.64180568975575236 0.00037006364019125007
decision_type=2 2 2 2 2 2 2
left_child=1 2 -1 4 -2 6 -3
right_child=3 5 -4 -5 -6 -7 -8
leaf_value=-0.032130312439436003 0.0054512236280433082 -0.011352735316492651 -0.011352735316492651 0.033562128851241636 0.023545686503650336 0.0026075375370115989 -0.003532753220258306
leaf_weight=3.408751203562133 2.7357934825122361 0.28517308784648809 0.94937835843302298 1.1306372992694376 0.9625081606209277 1.8915509264916179 0.16387760452926159
leaf_count=1682 63 23 99 9 9 43 4
internal_value=0 -0.0136079 -0.025313 0.018823 0.0135292 0.00260754 -0.00967304
internal_weight=11.5277 6.69873 4.35813 4.82894 3.6983 2.3406 0.449051
internal_count=1932 1851 1781 81 72 70 27
is_linear=0
shrinkage=0.03


Tree=47
num_leaves=8
num_cat=0
split_feature=1 2 0 0 2 0 1
split_gain=3.22801 1.78639 0.67212 0.304674 0.468923 0.0268805 0.0478938
threshold=0.37186712853162124 1.5566341673218667 1.0612510697279112 0.8007821470548625 1.7249307768212183 0.69196726636906569 0.00017554414599960002
decision_type=2 2 2 2 2 2 2
left_child=1 2 -1 4 -2 6 -3
right_child=3 5 -4 -5 -6 -7 -8
leaf_value=-0.032001286898190991 0.0055777272316713195 -0.011269129446844691 -0.011269129446844691 0.03337764207059743 0.023446619136346294 0.0025983671109218137 -0.0024697962973219663
leaf_weight=3.3503688064520247 2.728814940899611 0.312669190578163 0.9520771491806953 1.0996001772582529 0.94649979472160328 1.675450895912945 0.34136369451880455
leaf_count=1682 63 26 99 9 9 35 9
internal_value=0 -0.0135022 -0.0251366 0.0186989 0.0135156 0.00259837 -0.00753796
internal_weight=11.4068 6.63193 4.30245 4.77491 3.67531 2.32948 0.654033
internal_count=1932 1851 1781 81 72 70 35
is_linear=0
shrinkage=0.03


Tree=48
num_leaves=8
num_cat=0
split_feature=1 2 0 0 2 0 1
split_gain=3.14325 1.73581 0.659226 0.291361 0.452816 0.0275737 0.0482321
threshold=0.37186712853162124 1.5566341673218667 1.0612510697279112 0.8007821470548625 1.7249307768212183 0.69196726636906569 0.00017554414599960002
decision_type=2 2 2 2 2 2 2
left_child=1 2 -1 4 -2 6 -3
right_child=3 5 -4 -5 -6 -7 -8
leaf_value=-0.031871890437891383 0.0056749320362593425 -0.011181538542581823 -0.011181538542581823 0.033194925680065962 0.02333906454709735 0.0025915353798495427 -0.0023586458327518834
leaf_weight=3.2903990080230869 2.7194966794922952 0.30396438995376263 0.95419057854451228 1.0695191994309423 0.92993677407503117 1.6750813694670794 0.34222179092466831
leaf_count=1682 63 26 99 9 9 35 9
internal_value=0 -0.0133834 -0.0249546 0.0185665 0.0134832 0.00259154 -0.00730883
internal_weight=11.2848 6.56586 4.24459 4.71895 3.64943 2.32127 0.646186
internal_count=1932 1851 1781 81 72 70 35
is_linear=0
shrinkage=0.03


Tree=49
num_leaves=8
num_cat=0
split_feature=1 2 0 0 2 1 0
split_gain=3.05563 1.68515 0.646932 0.279167 0.437709 0.0335057 0.154044
threshold=0.37186712853162124 1.5566341673218667 1.0612510697279112 0.8007821470548625 1.7249307768212183 0.00017554414599960002 0.94926541252245089
decision_type=2 2 2 2 2 2 2
left_child=1 2 -1 4 -2 6 -3
right_child=3 5 -4 -5 -6 -7 -8
leaf_value=-0.031743961624411648 0.0057474716738664987 -0.011090445134757843 -0.011090445134757843 0.033014425879744007 0.023224538181247867 0.0025881465711593901 -0.0015444794743450603
leaf_weight=3.2279357509687543 2.7078203409910206 0.51684626005589995 0.9554448784328996 1.0403872020542619 0.9127037152647971 1.3640681728720663 0.43681855872273445
leaf_count=1682 63 40 99 9 9 19 11
internal_value=0 -0.0132513 -0.024769 0.0184276 0.0134347 0.00258815 -0.00567711
internal_weight=11.162 6.50111 4.18338 4.66091 3.62052 2.31773 0.953665
internal_count=1932 1851 1781 81 72 70 51
is_linear=0
shrinkage=0.03


Tree=50
num_leaves=9
num_cat=0
split_feature=1 2 1 0 2 2 0 1
split_gain=3.01079 1.07211 0.471569 0.264213 0.389545 0.240192 0.153554 0.0228034
threshold=0.019383056740253403 1.578387011569274 0.37186712853162124 0.8007821470548625 1.7249307768212183 1.5566341673218667 1.0770526162080123 0.00023761515053535005
decision_type=2 2 2 2 2 2 2 2
left_child=1 6 5 4 -4 -2 -1 -8
right_child=2 -3 3 -5 -6 -7 7 -9
leaf_value=-0.031716868537734068 -0.002411273289139411 -0.002411273289139411 0.0091727841910375571 0.032835663380227233 0.023157626292202312 0.0091727841910375571 -0.023497222116790884 -0.015277575695847699
leaf_weight=2.6475708418875006 1.0062842986080793 1.495067694224417 2.7072687419131403 1.0121184177696703 0.90231847390532482 0.73951313644647587 0.23350845091044892 0.29057573596946895
leaf_count=1415 304 59 63 9 9 7 49 17
internal_value=0 -0.0181968 0.0133742 0.0183456 0.0134796 0 -0.0281439 -0.0152776
internal_weight=11.0342 4.66672 6.3675 4.62171 3.60959 1.7458 3.17166 0.524084
internal_count=1932 1540 392 81 72 311 1481 66
is_linear=0
shrinkage=0.03


Tree=51
num_leaves=8
num_cat=0
split_feature=1 2 0 0 2 1 0
split_gain=2.9154 1.6036 0.630053 0.256217 0.411658 0.0471356 0.139926
threshold=0.37186712853162124 1.5566341673218667 1.0612510697279112 0.8007821470548625 1.7249307768212183 0.00017554414599960002 0.94926541252245089
decision_type=2 2 2 2 2 2 2
left_child=1 2 -1 4 -2 6 -3
right_child=3 5 -4 -5 -6 -7 -8
leaf_value=-0.031513981506451044 0.005901937108496888 -0.010947453585948088 -0.010947453585948088 0.032674829221463995 0.023028273716147584 0.0025662297109863021 -0.0018150868139787152
leaf_weight=3.133506377635058 2.6891404064372186 0.50750498659908805 0.95204975968226779 0.98855932801961888 0.88586829230189312 1.3596753906458614 0.423576595261693
leaf_count=1682 63 40 99 9 9 19 11
internal_value=0 -0.0130625 -0.0244611 0.0181949 0.0133817 0.00256623 -0.0061964
internal_weight=10.9399 6.37631 4.08556 4.56357 3.57501 2.29076 0.931082
internal_count=1932 1851 1781 81 72 70 51
is_linear=0
shrinkage=0.03


Tree=52
num_leaves=8
num_cat=0
split_feature=1 2 0 0 2 1 0
split_gain=2.84247 1.56232 0.615213 0.244884 0.398183 0.0476493 0.13352
threshold=0.37186712853162124 1.5566341673218667 1.0612510697279112 0.8007821470548625 1.7249307768212183 0.00017554414599960002 0.94926541252245089
decision_type=2 2 2 2 2 2 2
left_child=1 2 -1 4 -2 6 -3
right_child=3 5 -4 -5 -6 -7 -8
leaf_value=-0.031392692810431395 0.0059794306470533371 -0.010873341329165983 -0.010873341329165983 0.032498912884626696 0.022923749763428793 0.0025564078995939364 -0.0017808142439690404
leaf_weight=3.079234198317863 2.6788010904565458 0.49995302688330445 0.95364382001571346 0.961958348751068 0.87112511694431294 1.3595791216939686 0.41931245662271976
leaf_count=1682 63 40 99 9 9 19 11
internal_value=0 -0.012959 -0.0243031 0.0180718 0.0133486 0.00255641 -0.00611804
internal_weight=10.8236 6.31172 4.03288 4.51188 3.54993 2.27884 0.919265
internal_count=1932 1851 1781 81 72 70 51
is_linear=0
shrinkage=0.03


Tree=53
num_leaves=8
num_cat=0
split_feature=1 2 0 0 2 1 0
split_gain=2.78885 1.48581 0.602462 0.232788 0.384691 0.0641315 0.114747
threshold=0.37186712853162124 1.5566341673218667 1.0612510697279112 0.8007821470548625 1.7249307768212183 0.00017554414599960002 0.94926541252245089
decision_type=2 2 2 2 2 2 2
left_child=1 2 -1 4 -2 6 -3
right_child=3 5 -4 -5 -6 -7 -8
leaf_value=-0.031238404465923256 0.0060960661229924164 -0.010784411449002142 -0.010784411449002142 0.032324107381467557 0.022838188701763927 0.0025177801626601669 -0.00211045166308784
leaf_weight=3.0144595070159999 2.6723479144275193 0.4615973788313571 0.95409234683029343 0.93621250614523877 0.85894856974482525 1.3705545030534265 0.42501517198979855
leaf_count=1682 63 40 99 9 9 19 11
internal_value=0 -0.0129383 -0.0240866 0.0179738 0.0133523 0.00251778 -0.00673868
internal_weight=10.6932 6.22572 3.96855 4.46751 3.5313 2.25717 0.886613
internal_count=1932 1851 1781 81 72 70 51
is_linear=0
shrinkage=0.03


Tree=54
num_leaves=8
num_cat=0
split_feature=1 2 1 2 0 0 1
split_gain=2.73282 0.962277 0.447558 0.965264 0.144135 0.141779 0.0266328
threshold=0.019383056740253403 1.578387011569274 0.77359445008287686 1.5566341673218667 1.0770526162080123 0.67656525381936039 0.00023761515053535005
decision_type=2 2 2 2 2 2 2
left_child=1 4 3 -2 -1 -4 -6
right_child=2 -3 5 -5 6 -7 -8
leaf_value=-0.031208889322072688 -0.0024049207812462479 -0.0024049207812462479 0.012983197370245387 0.012983197370245387 -0.023083892498603951 0.029136546685664132 -0.014958895675135213
leaf_weight=2.4736547376378444 1.6100319919059987 1.4545465214177964 1.4821761110797527 1.5875828266143797 0.2367715483997016 1.4458945970982311 0.2891189269721508
leaf_count=1415 322 59 36 16 49 18 17
internal_value=0 -0.0177699 0.0129601 0.00447963 -0.0275129 0.0214868 -0.0149589
internal_weight=10.5798 4.45409 6.12569 3.19761 2.99955 2.92807 0.52589
internal_count=1932 1540 392 338 1481 54 66
is_linear=0
shrinkage=0.03


Tree=55
num_leaves=8
num_cat=0
split_feature=1 2 0 0 2 1 0
split_gain=2.6403 1.38955 0.587772 0.221121 0.381525 0.0865103 0.113965
threshold=0.37186712853162124 1.5566341673218667 1.0612510697279112 0.8007821470548625 1.7249307768212183 0.00017554414599960002 0.94926541252245089
decision_type=2 2 2 2 2 2 2
left_child=1 2 -1 4 -2 6 -3
right_child=3 5 -4 -5 -6 -7 -8
leaf_value=-0.030944009589810355 0.0058441494248280441 -0.010591344507368832 -0.010591344507368832 0.032063084508743449 0.022614709390306371 0.0025120247707851821 -0.0024386209183002196
leaf_weight=2.908582921023481 2.6173346647992735 0.47389679262414608 0.9460408086888491 0.89822261035442341 0.84334142878651608 1.3536119218915699 0.42145903781056404
leaf_count=1682 63 40 99 9 9 19 11
internal_value=0 -0.0126959 -0.0236947 0.01772 0.0131663 0.00251202 -0.00738927
internal_weight=10.4625 6.10359 3.85462 4.3589 3.46068 2.24897 0.895356
internal_count=1932 1851 1781 81 72 70 51
is_linear=0
shrinkage=0.03


Tree=56
num_leaves=9
num_cat=0
split_feature=1 2 0 2 1 0 1 0
split_gain=2.58243 1.3687 0.572887 0.215529 0.656416 0.0812548 0.0716562 0.109162
threshold=0.37186712853162124 1.5566341673218667 1.0612510697279112 1.7249307768212183 0.77359445008287686 0.67656525381936039 0.00017554414599960002 0.94926541252245089
decision_type=2 2 2 2 2 2 2 2
left_child=1 2 -1 4 -2 -6 7 -3
right_child=3 6 -4 -5 5 -7 -8 -9
leaf_value=-0.030891403834359333 0.0025051907263624797 -0.010554062733348102 -0.010554062733348102 0.032488708691995605 0.011998794016135555 0.022865174813295752 0.0025051907263624797 -0.0021207148937638799
leaf_weight=2.8616327758063567 0.63027359545230899 0.45134661952033672 0.94748860807158042 0.83044410496950138 1.4587692441418769 1.3931489475071428 1.3656191676855085 0.41980862803757191
leaf_count=1682 18 40 99 9 36 18 19 11
internal_value=0 -0.0126112 -0.0236133 0.0176216 0.0132416 0.0209824 0.00250519 -0.00674662
internal_weight=10.3585 6.0459 3.80912 4.31264 3.48219 2.85192 2.23677 0.871155
internal_count=1932 1851 1781 81 72 54 70 51
is_linear=0
shrinkage=0.03


Tree=57
num_leaves=8
num_cat=0
split_feature=1 2 0 0 2 1 0
split_gain=2.49766 1.34101 0.558452 0.214753 0.362844 0.071268 0.108533
threshold=0.37186712853162124 1.5566341673218667 1.0612510697279112 0.8007821470548625 1.7249307768212183 0.00017554414599960002 0.94926541252245089
decision_type=2 2 2 2 2 2 2
left_child=1 2 -1 4 -2 6 -3
right_child=3 5 -4 -5 -6 -7 -8
leaf_value=-0.03076811791689988 0.0057614812721372768 -0.010478243415707744 -0.010478243415707744 0.031862365845080724 0.022393351088859387 0.0025003742144983198 -0.0021179689642952227
leaf_weight=2.8086403119959873 2.5790371410548691 0.44337857794016633 0.94727661157958198 0.86662391200661648 0.81086105480790127 1.3669998403638599 0.41961961425840855
leaf_count=1682 63 40 99 9 9 19 11
internal_value=0 -0.0124528 -0.0234569 0.0174536 0.0129243 0.00250037 -0.00673631
internal_weight=10.2424 5.98591 3.75592 4.25652 3.3899 2.23 0.862998
internal_count=1932 1851 1781 81 72 70 51
is_linear=0
shrinkage=0.03


Tree=58
num_leaves=9
num_cat=0
split_feature=1 2 1 0 0 2 0 0
split_gain=2.4509 0.890311 0.448995 0.205906 0.204974 0.327458 0.016197 0.00990118
threshold=0.015529167265107252 1.578387011569274 0.37186712853162124 1.0136197253815271 0.8007821470548625 1.7249307768212183 0.56630617948678263 1.0770526162080123
decision_type=2 2 2 2 2 2 2 2
left_child=1 7 3 -2 5 -4 -3 -1
right_child=2 6 4 -5 -6 -7 -8 -9
leaf_value=-0.03054968042541709 -0.0030840394518782698 -0.015720226069628879 0.0086720191600550244 0.0086720191600550244 0.031686434922576057 0.022289175031124719 -0.0030840394518782698 -0.015720226069628879
leaf_weight=2.2021135961986151 1.0195909137837587 0.21908494178205717 2.5651311129331593 0.89110893104225386 0.84409465640783299 0.79687288217246521 1.1715982379391787 0.4210987640544771
leaf_count=1375 267 17 63 89 9 9 41 62
internal_value=0 -0.018088 0.0119199 0 0.017344 0.0128919 -0.00308404 -0.0283564
internal_weight=10.1307 4.0139 6.1168 1.9107 4.2061 3.362 1.39068 2.62321
internal_count=1932 1495 437 356 81 72 58 1437
is_linear=0
shrinkage=0.03


Tree=59
num_leaves=8
num_cat=0
split_feature=1 2 1 2 0 0 0
split_gain=2.44955 0.8837 0.43592 0.912272 0.11555 0.0179803 0.00234452
threshold=0.015529167265107252 1.578387011569274 0.77359445008287686 1.5566341673218667 0.67656525381936039 0.56630617948678263 1.0770526162080123
decision_type=2 2 2 2 2 2 2
left_child=1 6 3 -2 -4 -3 -1
right_child=2 5 4 -5 -6 -7 -8
leaf_value=-0.030443203658172942 -0.0030252305380108193 -0.015647164975037479 0.012365222049467568 0.012365222049467568 0.028236481363230169 -0.0030252305380108193 -0.015690435620401764
leaf_weight=2.1903424354968597 1.7557373165036554 0.21642285399138916 1.4344244943931701 1.5205583702772854 1.3383306097239254 1.183639373630285 0.41605957597494114
leaf_count=1375 365 17 36 18 18 41 62
internal_value=0 -0.0180663 0.0120159 0.0039272 0.0208032 -0.00302523 -0.0283556
internal_weight=10.0555 4.00646 6.04905 3.2763 2.77276 1.40006 2.6064
internal_count=1932 1495 437 383 54 58 1437
is_linear=0
shrinkage=0.03


Tree=60
num_leaves=9
num_cat=0
split_feature=1 2 0 2 1 0 0 1
split_gain=2.35804 1.28308 0.534454 0.203034 0.587189 0.0725584 0.0671538 0.00859926
threshold=0.37186712853162124 1.5566341673218667 1.0612510697279112 1.7249307768212183 0.77359445008287686 0.67656525381936039 0.69196726636906569 0.00017554414599960002
decision_type=2 2 2 2 2 2 2 2
left_child=1 2 -1 4 -2 -6 7 -3
right_child=3 6 -4 -5 5 -7 -8 -9
leaf_value=-0.030485921480487746 0.002479667550435181 -0.010315654210300907 -0.010315654210300907 0.032109092795281437 0.011711243637346698 0.022488526017458179 0.002479667550435181 -0.0027942545509424808
leaf_weight=2.719761279819068 0.61194684542715583 0.2860631751827899 0.95349742332473386 0.7838664911687373 1.4222606969997289 1.3139306940138338 1.516343669965863 0.34832998923957348
leaf_count=1682 18 26 99 9 36 18 35 9
internal_value=0 -0.0122577 -0.023111 0.0172171 0.012868 0.0203328 0.00247967 -0.00806818
internal_weight=9.956 5.824 3.67326 4.132 3.34814 2.73619 2.15074 0.634393
internal_count=1932 1851 1781 81 72 54 70 35
is_linear=0
shrinkage=0.03


Tree=61
num_leaves=8
num_cat=0
split_feature=1 2 0 0 2 1 0
split_gain=2.27745 1.25054 0.524544 0.197621 0.337291 0.0693885 0.102985
threshold=0.37186712853162124 1.5566341673218667 1.0612510697279112 0.8007821470548625 1.7249307768212183 0.00017554414599960002 0.94926541252245089
decision_type=2 2 2 2 2 2 2
left_child=1 2 -1 4 -2 6 -3
right_child=3 5 -4 -5 -6 -7 -8
leaf_value=-0.03036318191810565 0.0055850864140230567 -0.010230168895514063 -0.010230168895514063 0.03140565394060936 0.022001721676863012 0.0024781320620542949 -0.002099617553737942
leaf_weight=2.663867696304806 2.4977645808830862 0.43659804901108179 0.95188054046593595 0.8132335990667342 0.76393216475844372 1.288498433306813 0.42455419898033142
leaf_count=1682 63 40 99 9 9 19 11
internal_value=0 -0.0120938 -0.0229385 0.0170501 0.0125978 0.00247813 -0.00667737
internal_weight=9.84033 5.7654 3.61575 4.07493 3.2617 2.14965 0.861152
internal_count=1932 1851 1781 81 72 70 51
is_linear=0
shrinkage=0.03


Tree=62
num_leaves=11
num_cat=0
split_feature=1 2 1 2 1 2 0 0 0 0
split_gain=2.22563 0.840305 0.4126 0.191785 0.369517 0.188609 0.0542453 0.0284139 0.017717 0.000477722
threshold=0.015529167265107252 1.578387011569274 0.37186712853162124 1.7249307768212183 0.77359445008287686 1.5566341673218667 0.67656525381936039 1.0612510697279112 0.56630617948678263 1.0770526162080123
decision_type=2 2 2 2 2 2 2 2 2 2
left_child=1 9 5 4 -4 7 -6 -2 -3 -1
right_child=2 8 3 -5 6 -7 -8 -9 -10 -11
leaf_value=-0.030082049868396649 -0.002935086526306144 -0.015414844583799584 0.0084754906764083343 0.031811440091580913 0.014296394616532714 0.0084754906764083343 0.022239282815927582 0.0027702020750510958 -0.002935086526306144 -0.015433156918028339
leaf_weight=2.0657608233159417 0.61592040024697758 0.21041255351155985 0.60153551399707827 0.75061619840562332 1.3979263007640841 0.72880112193524826 1.275830555707216 0.48498632526025176 1.183876567520201 0.41546997311525036
leaf_count=1375 322 17 18 9 36 9 18 25 41 62
internal_value=0 -0.0175077 0.0116376 0.016951 0.0126671 0 0.0201173 -0.00293509 -0.00293509 -0.0279312
internal_weight=9.73114 3.87552 5.85562 4.02591 3.27529 1.82971 2.67376 1.10091 1.39429 2.48123
internal_count=1932 1495 437 81 72 356 54 347 58 1437
is_linear=0
shrinkage=0.03


Tree=63
num_leaves=8
num_cat=0
split_feature=1 2 0 0 2 0 1
split_gain=2.14253 1.19505 0.503403 0.194304 0.322224 0.0695748 0.0282008
threshold=0.37186712853162124 1.5566341673218667 1.0612510697279112 0.8007821470548625 1.7249307768212183 0.74269295122430934 0.00017554414599960002
decision_type=2 2 2 2 2 2 2
left_child=1 2 -1 4 -2 6 -3
right_child=3 5 -4 -5 -6 -7 -8
leaf_value=-0.030137991476097074 0.0054208911308307427 -0.010096705882898958 -0.010096705882898958 0.031208550295389024 0.021755663988066665 0.0024723894863690975 -0.0024553791253629094
leaf_weight=2.565966216148809 2.4535029251128444 0.31233814405277405 0.94305033911950875 0.78794971853494633 0.73141494393348683 1.4397756243124602 0.39441066421568394
leaf_count=1682 63 29 99 9 9 31 10
internal_value=0 -0.0118218 -0.0226658 0.0167666 0.0123028 0.00247239 -0.00738315
internal_weight=9.62841 5.65554 3.50902 3.97287 3.18492 2.14652 0.706749
internal_count=1932 1851 1781 81 72 70 39
is_linear=0
shrinkage=0.03


Tree=64
num_leaves=9
num_cat=0
split_feature=1 2 0 0 2 0 1 1
split_gain=2.09093 1.15649 0.493119 0.185151 0.311381 0.0711007 0.0277106 0.00433191
threshold=0.37186712853162124 1.5566341673218667 1.0612510697279112 0.8007821470548625 1.7249307768212183 0.74269295122430934 0.00017554414599960002 0.00023761515053535005
decision_type=2 2 2 2 2 2 2 2
left_child=1 2 -1 4 -2 6 -3 -4
right_child=3 5 7 -5 -6 -7 -8 -9
leaf_value=-0.030020895060517458 0.005483625529254306 -0.010020364134613534 -0.020020629597565495 0.031030598927924855 0.021654810719200453 0.0024695699807726502 -0.002416241492275371 -0.010020364134613534
leaf_weight=2.514286581135821 2.437305487692357 0.30988554377108846 0.26568479789420951 0.76819045841693867 0.7183481603860854 1.4371443064883349 0.3940141424536705 0.67570891394279897
leaf_count=1682 63 29 57 9 9 31 10 42
internal_value=0 -0.0117327 -0.0225103 0.0166718 0.012279 0.00246957 -0.00730205 -0.0100204
internal_weight=9.52057 5.59672 3.45568 3.92384 3.15565 2.14104 0.7039 0.941394
internal_count=1932 1851 1781 81 72 70 39 99
is_linear=0
shrinkage=0.03


Tree=65
num_leaves=10
num_cat=0
split_feature=1 2 0 2 1 1 0 0 1
split_gain=2.0397 1.11608 0.484867 0.177353 0.551918 0.0756544 0.0974469 0.0523453 0.00420137
threshold=0.37186712853162124 1.5566341673218667 1.0612510697279112 1.7249307768212183 0.77359445008287686 0.00017554414599960002 0.94926541252245089 0.67656525381936039 0.00023761515053535005
decision_type=2 2 2 2 2 2 2 2 2
left_child=1 2 -1 4 -2 6 -3 -6 -4
right_child=3 5 8 -5 7 -7 -8 -9 -10
leaf_value=-0.029904229669003593 0.0024656089207664177 -0.0099409346090411996 -0.019922582139022395 0.031407231735533968 0.011696573716661579 0.0024656089207664177 -0.0020202756060236408 0.021889221367108608 -0.0099409346090411996
leaf_weight=2.4648349867202346 0.59063172154128629 0.42977684503421221 0.26296493760310102 0.70538951084017742 1.3593612005934121 1.277871500700712 0.42930946685373783 1.2196692675352094 0.67264922219328582
leaf_count=1682 18 40 57 9 36 19 11 18 42
internal_value=0 -0.0116433 -0.0223475 0.0165745 0.0123712 0.00246561 -0.00650616 0.0199701 -0.00994093
internal_weight=9.41246 5.53741 3.40045 3.87505 3.16966 2.13696 0.859086 2.57903 0.935614
internal_count=1932 1851 1781 81 72 70 51 54 99
is_linear=0
shrinkage=0.03


Tree=66
num_leaves=9
num_cat=0
split_feature=1 2 0 0 2 1 0 1
split_gain=1.97901 1.07982 0.476871 0.179487 0.295768 0.0780699 0.0878042 0.003411
threshold=0.37186712853162124 1.5566341673218667 1.0612510697279112 0.8007821470548625 1.7249307768212183 0.00017554414599960002 0.94926541252245089 0.00023761515053535005
decision_type=2 2 2 2 2 2 2 2
left_child=1 2 -1 4 -2 6 -3 -4
right_child=3 5 7 -5 -6 -7 -8 -9
leaf_value=-0.029775331032844989 0.0053864655997183791 -0.0098613425225820995 -0.019818336777713545 0.030820781441289087 0.021435059979558458 0.0024489625232458883 -0.0020825320405927182 -0.0098613425225820995
leaf_weight=2.4172144933254462 2.3940867194905886 0.42919570580124888 0.26022364059463132 0.74285622499883164 0.68926956132054318 1.2769666444510219 0.41922654770314693 0.66950745950452983
leaf_count=1682 63 40 57 9 9 19 11 42
internal_value=0 -0.0115334 -0.0221716 0.0164313 0.0120493 0.00244896 -0.00661403 -0.00986134
internal_weight=9.29855 5.47233 3.34695 3.82621 3.08336 2.12539 0.848422 0.929731
internal_count=1932 1851 1781 81 72 70 51 99
is_linear=0
shrinkage=0.03


Tree=67
num_leaves=8
num_cat=0
split_feature=1 2 1 2 0 0 1
split_gain=1.94193 0.729697 0.338088 0.714586 0.112806 0.0850277 0.0294568
threshold=0.019383056740253403 1.5992324138040368 0.77359445008287686 1.5566341673218667 1.0770526162080123 0.8007821470548625 0.00023761515053535005
decision_type=2 2 2 2 2 2 2
left_child=1 4 3 -2 -1 -4 -6
right_child=2 -3 5 -5 6 -7 -8
leaf_value=-0.029127434722141746 -0.0020750750194748549 -0.0020750750194748549 0.013894516639992048 0.011770985304663908 -0.021398952818240256 0.030641902606781551 -0.013670470914338763
leaf_weight=2.0620007584802815 1.4431550074950794 1.3285785974003372 1.7991224667057397 1.3257586956024168 0.22689423034898926 0.72449705190956581 0.28442362602800131
leaf_count=1420 322 54 45 16 49 9 17
internal_value=0 -0.015944 0.0117939 0.00375477 -0.0252659 0.0197872 -0.0136705
internal_weight=9.19443 3.9019 5.29253 2.76891 2.57332 2.52362 0.511318
internal_count=1932 1540 392 338 1486 54 66
is_linear=0
shrinkage=0.03


Tree=68
num_leaves=10
num_cat=0
split_feature=1 2 0 2 1 1 0 0 1
split_gain=1.89082 1.02252 0.463466 0.171482 0.504324 0.0871524 0.0850161 0.053028 0.00215144
threshold=0.37186712853162124 1.5566341673218667 1.0612510697279112 1.7249307768212183 0.77359445008287686 0.00017554414599960002 0.94926541252245089 0.67656525381936039 0.00023761515053535005
decision_type=2 2 2 2 2 2 2 2 2
left_child=1 2 -1 4 -2 6 -3 -6 -4
right_child=3 5 8 -5 7 -7 -8 -9 -10
leaf_value=-0.029574647318592422 0.0024496652215078782 -0.0097271403321969596 -0.019650893825394693 0.031141909772914863 0.01122061981190752 0.0024496652215078782 -0.002236762302696827 0.021592182199335435 -0.0097271403321969596
leaf_weight=2.3402535393252042 0.57162653654813844 0.42806649394333396 0.25495970738120366 0.67702561803162087 1.3215104620903733 1.2607333883643148 0.42225277610123158 1.166752131655812 0.66314673493616283
leaf_count=1682 18 40 57 9 36 19 11 18 42
internal_value=0 -0.011365 -0.0219039 0.0162643 0.0120425 0.00244967 -0.00692319 0.0194434 -0.00972714
internal_weight=9.10633 5.36941 3.25836 3.73691 3.05989 2.11105 0.850319 2.48826 0.918106
internal_count=1932 1851 1781 81 72 70 51 54 99
is_linear=0
shrinkage=0.03


Tree=69
num_leaves=9
num_cat=0
split_feature=1 2 0 0 2 0 1 1
split_gain=1.82959 0.994924 0.454766 0.167974 0.282873 0.0855609 0.018748 0.00243881
threshold=0.37186712853162124 1.5566341673218667 1.0612510697279112 0.8007821470548625 1.7249307768212183 0.74269295122430934 0.0094134549732749016 0.00023761515053535005
decision_type=2 2 2 2 2 2 2 2
left_child=1 2 -1 4 -2 6 -3 -4
right_child=3 5 7 -5 -6 -7 -8 -9
leaf_value=-0.029453534550236155 0.0051523988895149893 -0.0096519843556166201 -0.019552759452926387 0.030469878874860849 0.021125252740390392 0.0024427866244572769 -0.0026223783790226356 -0.0096519843556166201
leaf_weight=2.2944719252991495 2.3214182900264868 0.5325923087075356 0.25243789330124844 0.70485446788370598 0.66045247763395298 1.4077016767114399 0.16568237356841564 0.65955874603241682
leaf_count=1682 63 35 57 9 9 31 4 42
internal_value=0 -0.0112295 -0.0217468 0.0161151 0.0117806 0.00244279 -0.00768754 -0.00965198
internal_weight=8.99917 5.31244 3.20647 3.68673 2.98187 2.10598 0.698275 0.911997
internal_count=1932 1851 1781 81 72 70 39 99
is_linear=0
shrinkage=0.03


Tree=70
num_leaves=10
num_cat=0
split_feature=1 2 0 2 1 1 0 0 1
split_gain=1.78457 0.961064 0.457304 0.161225 0.487349 0.103061 0.0802443 0.0467399 0.00272071
threshold=0.37186712853162124 1.301001671769199 1.0612510697279112 1.7249307768212183 0.77359445008287686 0.00017554414599960002 0.94926541252245089 0.67656525381936039 0.00023761515053535005
decision_type=2 2 2 2 2 2 2 2 2
left_child=1 2 -1 4 -2 6 -3 -6 -4
right_child=3 5 8 -5 7 -7 -8 -9 -10
leaf_value=-0.029735123844868254 0.0024427313732918879 -0.009659700868079938 -0.019697412356474094 0.030843380904628903 0.011164268013900016 0.0024427313732918879 -0.0024600868161768802 0.021354004202075061 -0.009659700868079938
leaf_weight=2.2033549832995054 0.56118742190301496 0.44833542534615878 0.25149238691665221 0.64850229956209648 1.2962157130241396 1.2686573835089801 0.43008426006417722 1.133667593821883 0.65578604466281831
leaf_count=1641 18 65 57 9 36 29 17 18 42
internal_value=0 -0.0111395 -0.0217621 0.016025 0.0118646 0.00244273 -0.00736291 0.0192622 -0.0096597
internal_weight=8.89728 5.25771 3.11063 3.63957 2.99107 2.14708 0.87842 2.42988 0.907278
internal_count=1932 1851 1740 81 72 111 82 54 99
is_linear=0
shrinkage=0.03


Tree=71
num_leaves=9
num_cat=0
split_feature=1 2 0 0 2 1 0 1
split_gain=1.72702 0.935073 0.439204 0.16278 0.268354 0.0880477 0.0803091 0.00379682
threshold=0.37186712853162124 1.5566341673218667 1.0612510697279112 0.8007821470548625 1.7249307768212183 0.00017554414599960002 0.94926541252245089 0.00023761515053535005
decision_type=2 2 2 2 2 2 2 2
left_child=1 2 -1 4 -2 6 -3 -4
right_child=3 5 7 -5 -6 -7 -8 -9
leaf_value=-0.029232841291742254 0.0050432388934554791 -0.0095000050372588633 -0.01936642316450056 0.030251976874661187 0.020899782758271413 0.0024366695308214899 -0.0021906218491097081 -0.0095000050372588633
leaf_weight=2.2045664627803494 2.2760514365509161 0.4215360204689208 0.24883833271451283 0.68208889849483956 0.63268222473561753 1.2520961835980413 0.42390319518744946 0.65201809350401163
leaf_count=1682 63 40 57 9 9 19 11 42
internal_value=0 -0.0110059 -0.0214367 0.0158792 0.0115476 0.00243667 -0.00681791 -0.00950001
internal_weight=8.79378 5.20296 3.10542 3.59082 2.90873 2.09754 0.845439 0.900856
internal_count=1932 1851 1781 81 72 70 51 99
is_linear=0
shrinkage=0.03


Tree=72
num_leaves=9
num_cat=0
split_feature=1 2 0 0 2 0 1 1
split_gain=1.68785 0.902928 0.441159 0.154594 0.259058 0.0987812 0.0150952 0.00292272
threshold=0.37186712853162124 1.301001671769199 1.0612510697279112 0.8007821470548625 1.7249307768212183 0.74269295122430934 0.0094134549732749016 0.00023761515053535005
decision_type=2 2 2 2 2 2 2 2
left_child=1 2 -1 4 -2 6 -3 -4
right_child=3 5 7 -5 -6 -7 -8 -9
leaf_value=-0.029518130945130238 0.0051058624468950861 -0.0095152191130094994 -0.019516675029069869 0.030069711288547567 0.020802342858091172 0.0024335639508436323 -0.002821046499583446 -0.0095152191130094994
leaf_weight=2.1176731694722553 2.2590253455564389 0.5441468631033789 0.24640560592524696 0.66556298919022072 0.62167230062186707 1.4253464211360549 0.16546651837415993 0.64815931115299463
leaf_count=1641 63 55 57 9 9 51 5 42
internal_value=0 -0.0109333 -0.021464 0.0158004 0.011535 0.00243356 -0.00807566 -0.00951522
internal_weight=8.69346 5.1472 3.01224 3.54626 2.8807 2.13496 0.709613 0.894565
internal_count=1932 1851 1740 81 72 111 60 99
is_linear=0
shrinkage=0.03


Tree=73
num_leaves=9
num_cat=0
split_feature=1 2 1 2 0 0 1 0
split_gain=1.64986 0.639534 0.301466 0.601317 0.103674 0.0695015 0.0244848 0.00142357
threshold=0.019383056740253403 1.5992324138040368 0.77359445008287686 1.5566341673218667 1.0770526162080123 0.8007821470548625 0.00023761515053535005 0.69196726636906569
decision_type=2 2 2 2 2 2 2 2
left_child=1 4 3 -2 -1 -4 -6 -3
right_child=2 7 5 -5 6 -7 -8 -9
leaf_value=-0.028506498356930324 -0.001926090775789248 -0.0076137813406870957 0.013397065323799457 0.011258599543395071 -0.020853868205633314 0.029887802374934502 -0.013201238054336305 -0.001926090775789248
leaf_weight=1.8544072911608971 1.3466315793339165 0.45889418013393857 1.6928625991567972 1.2426717430353162 0.21422038855962444 0.6495347786694764 0.27646147878840566 0.85976395290344954
leaf_count=1420 322 26 45 16 49 9 17 28
internal_value=0 -0.015135 0.0112828 0.00339128 -0.0244764 0.0191259 -0.0132012 -0.00192609
internal_weight=8.59545 3.66375 4.9317 2.5893 2.34509 2.3424 0.490682 1.31866
internal_count=1932 1540 392 338 1486 54 66 54
is_linear=0
shrinkage=0.03


Tree=74
num_leaves=10
num_cat=0
split_feature=1 2 0 2 1 1 0 0 1
split_gain=1.61179 0.846925 0.428806 0.150818 0.447437 0.105569 0.0693014 0.0403176 0.000660795
threshold=0.37186712853162124 1.301001671769199 1.0612510697279112 1.7249307768212183 0.77359445008287686 0.00017554414599960002 0.94926541252245089 0.67656525381936039 0.00023761515053535005
decision_type=2 2 2 2 2 2 2 2 2
left_child=1 2 -1 4 -2 6 -3 -6 -4
right_child=3 5 8 -5 7 -7 -8 -9 -10
leaf_value=-0.029312357367239066 0.0024320712320484023 -0.0093715038264519431 -0.019341930596845504 0.030448086396321055 0.01086446093202546 0.0024320712320484023 -0.0024723124450933063 0.020965734591167635 -0.0093715038264519431
leaf_weight=2.0452214354299945 0.54026646725833494 0.44473585631931234 0.24025144055485714 0.61017928458750237 1.2448084168136122 1.246292636322323 0.42859852901892737 1.065970968455076 0.64108952018432319
leaf_count=1641 18 65 57 9 36 29 17 18 42
internal_value=0 -0.0107757 -0.0211751 0.0156398 0.0114834 0.00243207 -0.0073767 0.0188115 -0.0093715
internal_weight=8.50741 5.04619 2.92656 3.46123 2.85105 2.11963 0.873334 2.31078 0.881341
internal_count=1932 1851 1740 81 72 111 82 54 99
is_linear=0
shrinkage=0.03


Tree=75
num_leaves=10
num_cat=0
split_feature=1 2 0 2 1 1 0 0 1
split_gain=1.56254 0.822258 0.420428 0.145302 0.432958 0.103656 0.0682716 0.039986 0.00101884
threshold=0.37186712853162124 1.301001671769199 1.0612510697279112 1.7249307768212183 0.77359445008287686 0.00017554414599960002 0.94926541252245089 0.67656525381936039 0.00023761515053535005
decision_type=2 2 2 2 2 2 2 2 2
left_child=1 2 -1 4 -2 6 -3 -6 -4
right_child=3 5 8 -5 7 -7 -8 -9 -10
leaf_value=-0.029198947723366682 0.0024237208504252913 -0.0093011776535013094 -0.019250062688433996 0.030270713756522516 0.010704592074142635 0.0024237208504252913 -0.0024362474517967622 0.020831777094386255 -0.0093011776535013094
leaf_weight=2.0041162344859917 0.53310640901327211 0.44123551307711784 0.2378114154562353 0.59567176923155774 1.232586754485965 1.2434387141256591 0.42825831955997273 1.0544417202472685 0.63703722413629293
leaf_count=1641 18 65 57 9 36 29 17 18 42
internal_value=0 -0.0106595 -0.0210261 0.0155069 0.0113928 0.00242372 -0.00729622 0.0186269 -0.00930118
internal_weight=8.4077 4.9919 2.87896 3.41581 2.82013 2.11293 0.869494 2.28703 0.874849
internal_count=1932 1851 1740 81 72 111 82 54 99
is_linear=0
shrinkage=0.03


Tree=76
num_leaves=9
num_cat=0
split_feature=1 2 0 0 2 1 0 1
split_gain=1.5146 0.798411 0.411589 0.14621 0.24235 0.101413 0.0672995 0.00158433
threshold=0.37186712853162124 1.301001671769199 1.0612510697279112 0.8007821470548625 1.7249307768212183 0.00017554414599960002 0.94926541252245089 0.00023761515053535005
decision_type=2 2 2 2 2 2 2 2
left_child=1 2 -1 4 -2 6 -3 -4
right_child=3 5 7 -5 -6 -7 -8 -9
leaf_value=-0.02908431911351515 0.0047450401584348554 -0.0092331180520675449 -0.019158718582791348 0.029669252496813348 0.020382815907982837 0.0024152339295850332 -0.0023916730475696036 -0.0092331180520675449
leaf_weight=1.9632016855757686 2.1620898218825468 0.43785008549457449 0.23530419706366945 0.62732070311903942 0.58143457211554039 1.2406682097935116 0.42817598849069327 0.63282197713851929
leaf_count=1641 63 65 57 9 9 29 17 42
internal_value=0 -0.010544 -0.0208815 0.0153744 0.0110964 0.00241523 -0.00719858 -0.00923312
internal_weight=8.30887 4.93802 2.83133 3.37085 2.74352 2.10669 0.866026 0.868126
internal_count=1932 1851 1740 81 72 111 82 99
is_linear=0
shrinkage=0.03


Tree=77
num_leaves=8
num_cat=0
split_feature=1 2 0 0 2 0 1
split_gain=1.48396 0.769037 0.402568 0.138232 0.233557 0.104902 0.0025859
threshold=0.37186712853162124 1.301001671769199 1.0612510697279112 0.8007821470548625 1.7249307768212183 0.69196726636906569 0.00023761515053535005
decision_type=2 2 2 2 2 2 2
left_child=1 2 -1 4 -2 -3 -4
right_child=3 5 6 -5 -6 -7 -8
leaf_value=-0.028973562696611822 0.0048248512812652626 -0.0089791330566154695 -0.01907089859333538 0.029484110460248809 0.020293638013767542 0.0024118412732668129 -0.0091682344900589335
leaf_weight=1.9239005084382372 2.1459387922659525 0.62464214314240996 0.23307541315443803 0.61238320916891087 0.57181928120553482 1.4743091151467522 0.62860244419425726
leaf_count=1641 63 54 57 9 9 57 42
internal_value=0 -0.0104895 -0.0207483 0.0153132 0.0111032 0.00241184 -0.00916823
internal_weight=8.21467 4.88453 2.78558 3.33014 2.71776 2.09895 0.861678
internal_count=1932 1851 1740 81 72 111 99
is_linear=0
shrinkage=0.03


Tree=78
num_leaves=10
num_cat=0
split_feature=1 2 0 2 1 1 0 0 1
split_gain=1.44913 0.739279 0.39365 0.131479 0.420548 0.105238 0.0633832 0.0281531 0.00243061
threshold=0.37186712853162124 1.301001671769199 1.0612510697279112 1.7249307768212183 0.77359445008287686 0.00017554414599960002 0.94926541252245089 0.67656525381936039 0.00023761515053535005
decision_type=2 2 2 2 2 2 2 2 2
left_child=1 2 -1 4 -2 6 -3 -6 -4
right_child=3 5 8 -5 7 -7 -8 -9 -10
leaf_value=-0.02885825701524734 0.0024135833393107223 -0.0091185487277994168 -0.018988402871523379 0.029844476302947686 0.010840765436003099 0.0024135833393107223 -0.0024825007085081553 0.020524221222552142 -0.0091185487277994168
leaf_weight=1.8829012296046133 0.52020177431404668 0.43702919495990533 0.23029184015467752 0.5616176202893256 1.1968353791162374 1.2315594310639424 0.42832855600863695 1.0084748975932596 0.624385702656582
leaf_count=1641 18 65 57 9 36 29 17 18 42
internal_value=0 -0.0104105 -0.0205984 0.0152377 0.011204 0.00236134 -0.00737858 0.018533 -0.00911855
internal_weight=8.12163 4.8345 2.73758 3.28713 2.72551 2.09692 0.865358 2.20531 0.854678
internal_count=1932 1851 1740 81 72 111 82 54 99
is_linear=0
shrinkage=0.03


Tree=79
num_leaves=9
num_cat=0
split_feature=1 2 0 0 2 0 1 1
split_gain=1.40438 0.7169 0.384055 0.133241 0.221088 0.103289 0.00737988 0.0016694
threshold=0.37186712853162124 1.301001671769199 1.0612510697279112 0.8007821470548625 1.7249307768212183 0.74269295122430934 0.0094134549732749016 0.00023761515053535005
decision_type=2 2 2 2 2 2 2 2
left_child=1 2 -1 4 -2 6 -3 -4
right_child=3 5 7 -5 -6 -7 -8 -9
leaf_value=-0.028740919192766765 0.0047309666101046678 -0.0091036067174341331 -0.018922262955100449 0.029258876069783772 0.020079345203074292 0.0024056715340118879 -0.002957525957112934 -0.0091036067174341331
leaf_weight=1.8435187978902834 2.101757215335966 0.53570533497259054 0.22769031696952868 0.59339392744004715 0.54832049645483483 1.3931707197916692 0.16251905157696456 0.61992637463845313
leaf_count=1641 63 55 57 9 9 51 5 42
internal_value=0 -0.0102959 -0.020453 0.0151073 0.0108998 0.00224579 -0.00832072 -0.00910361
internal_weight=8.026 4.78253 2.69114 3.24347 2.65008 2.0914 0.698224 0.847617
internal_count=1932 1851 1740 81 72 111 60 99
is_linear=0
shrinkage=0.03


Tree=80
num_leaves=9
num_cat=0
split_feature=1 2 1 2 0 0 1 0
split_gain=1.37278 0.523567 0.263628 0.487446 0.088359 0.056989 0.0197978 0.0129095
threshold=0.019383056740253403 1.5992324138040368 0.77359445008287686 1.5566341673218667 1.0770526162080123 0.8007821470548625 0.00023761515053535005 0.69196726636906569
decision_type=2 2 2 2 2 2 2 2
left_child=1 4 3 -2 -1 -4 -6 -3
right_child=2 7 5 -5 6 -7 -8 -9
leaf_value=-0.02758389246162736 -0.0017913123590850906 -0.0081023643166804986 0.012755513875079613 0.010691405327632122 -0.020103055785904184 0.029073249354102895 -0.012622219110181005 -0.0017913123590850906
leaf_weight=1.6357356063090271 1.2352604313055056 0.45083170756697633 1.5731330718845131 1.1540071479976175 0.19764635246247042 0.57944210804998864 0.26479033147916198 0.84406161028891802
leaf_count=1420 322 26 45 16 49 9 17 28
internal_value=0 -0.0143203 0.0107377 0.00299351 -0.0234531 0.0183893 -0.0126222 -0.00179131
internal_weight=7.93491 3.39307 4.54184 2.38927 2.09817 2.15258 0.462437 1.29489
internal_count=1932 1540 392 338 1486 54 66 54
is_linear=0
shrinkage=0.03


Tree=81
num_leaves=8
num_cat=0
split_feature=1 2 0 2 1 0 0
split_gain=1.34142 0.668471 0.368186 0.125665 0.387232 0.108086 0.0273878
threshold=0.37186712853162124 1.301001671769199 1.0612510697279112 1.7249307768212183 0.77359445008287686 0.69196726636906569 0.67656525381936039
decision_type=2 2 2 2 2 2 2
left_child=1 2 -1 4 -2 -3 -6
right_child=3 5 -4 -5 6 -7 -8
leaf_value=-0.028527190399345006 0.0024074912484722561 -0.0091350070790625192 -0.0091350070790625192 0.029562094701920963 0.010448088886763414 0.0024074912484722561 0.020237792459299575
leaf_weight=1.7761922984791456 0.50316304713487703 0.61519016331294585 0.83288506977260102 0.53787166811525811 1.157888353802264 1.4652019495842976 0.9652003552764653
leaf_count=1641 18 54 99 9 36 57 18
internal_value=0 -0.0101459 -0.0201701 0.0149608 0.0109135 0.00190013 0.0181011
internal_weight=7.85359 4.68947 2.60908 3.16412 2.62625 2.08039 2.12309
internal_count=1932 1851 1740 81 72 111 54
is_linear=0
shrinkage=0.03


Tree=82
num_leaves=8
num_cat=0
split_feature=1 2 0 0 2 0 1
split_gain=1.29416 0.648345 0.357938 0.124179 0.210759 0.108008 0.00683094
threshold=0.37186712853162124 1.301001671769199 1.0612510697279112 0.8007821470548625 1.7249307768212183 0.74269295122430934 0.0094134549732749016
decision_type=2 2 2 2 2 2 2
left_child=1 2 -1 4 -2 6 -3
right_child=3 5 -4 -5 -6 -7 -8
leaf_value=-0.028401600640033203 0.0044843268264995609 -0.0091090625527801474 -0.0091090625527801474 0.028888055123975107 0.019761319669949592 0.0024083686231956367 -0.0031277625268199376
leaf_weight=1.7342761554755273 2.0297342650592336 0.53253528825007412 0.82735076826065768 0.5643716063350438 0.52406357415020455 1.3898427150561472 0.16036356776021421
leaf_count=1641 63 55 99 9 9 51 5
internal_value=0 -0.00999886 -0.0200126 0.0148156 0.0106346 0.00179451 -0.00866389
internal_weight=7.76254 4.64437 2.56163 3.11817 2.5538 2.08274 0.692899
internal_count=1932 1851 1740 81 72 111 60
is_linear=0
shrinkage=0.03


Tree=83
num_leaves=9
num_cat=0
split_feature=1 2 0 0 2 0 1 1
split_gain=1.25719 0.63594 0.347658 0.118136 0.203493 0.109151 0.00754616 0.000801131
threshold=0.37186712853162124 1.301001671769199 1.0612510697279112 0.8007821470548625 1.7249307768212183 0.74269295122430934 0.0094134549732749016 0.00023761515053535005
decision_type=2 2 2 2 2 2 2 2
left_child=1 2 -1 4 -2 6 -3 -4
right_child=3 5 7 -5 -6 -7 -8 -9
leaf_value=-0.028336421554207528 0.0045012200247453588 -0.0091106605239240374 -0.018723541039065782 0.028700592032060001 0.019646866072753229 0.0024304899892071989 -0.0031374800481962909 -0.0091106605239240374
leaf_weight=1.6950534893258011 2.0086754979565749 0.53503658267436582 0.22060637641698111 0.55119147710502137 0.51368634961545456 1.4002523096278308 0.15967611537780613 0.60173157951794565
leaf_count=1641 63 55 57 9 9 51 5 42
internal_value=0 -0.0098671 -0.0199321 0.0147281 0.0105931 0.00171076 -0.00870545 -0.00911066
internal_weight=7.68591 4.61236 2.51739 3.07355 2.52236 2.09497 0.694713 0.822338
internal_count=1932 1851 1740 81 72 111 60 99
is_linear=0
shrinkage=0.03


Tree=84
num_leaves=9
num_cat=0
split_feature=1 2 0 2 1 1 0 0
split_gain=1.23711 0.60791 0.340524 0.112813 0.375106 0.108077 0.0595239 0.0172406
threshold=0.37186712853162124 1.301001671769199 1.0612510697279112 1.7249307768212183 0.77359445008287686 0.00017554414599960002 1.0113039390637699 0.67656525381936039
decision_type=2 2 2 2 2 2 2 2
left_child=1 2 -1 4 -2 6 -3 -6
right_child=3 5 -4 -5 7 -7 -8 -9
leaf_value=-0.028222662303862191 0.0024283109778331135 -0.0091500988857614544 -0.0091500988857614544 0.029118273179731261 0.01055115901720894 0.0024283109778331135 -0.0025448677127055622 0.019920755764698789
leaf_weight=1.6639507693180351 0.49028570577502328 0.64712244929978657 0.81653064885176707 0.50598933175206173 1.1202850537374618 1.20171236700844 0.23527137172641233 0.92271925508975972
leaf_count=1641 18 73 99 9 36 29 9 18
internal_value=0 -0.00983635 -0.0197694 0.014693 0.0107232 0.00146924 -0.00751805 0.018013
internal_weight=7.60387 4.56459 2.48048 3.03928 2.53329 2.08411 0.882394 2.043
internal_count=1932 1851 1740 81 72 111 82 54
is_linear=0
shrinkage=0.03


Tree=85
num_leaves=8
num_cat=0
split_feature=1 2 0 0 2 0 1
split_gain=1.20756 0.589876 0.326696 0.111637 0.19107 0.0947434 0.00208908
threshold=0.37186712853162124 1.5338912227704349 1.0612510697279112 0.8007821470548625 1.7249307768212183 0.69196726636906569 0.00023761515053535005
decision_type=2 2 2 2 2 2 2
left_child=1 2 -1 4 -2 -3 -4
right_child=3 5 6 -5 -6 -7 -8
leaf_value=-0.027684470809500126 0.004525963564876073 -0.0086588263341741169 -0.018311779004913938 0.028471114804708805 0.019483869922631247 0.0024155872391655995 -0.0089390872003277423
leaf_weight=1.6743829079205172 1.9743043528869755 0.60021843371214378 0.21950603392906476 0.53472202271223057 0.49542712792754162 1.4272009069391058 0.59365806798450649
leaf_count=1679 63 36 57 9 9 37 42
internal_value=0 -0.00976927 -0.019464 0.0146004 0.0104966 0.00158578 -0.00893909
internal_weight=7.51942 4.51497 2.48755 3.00445 2.46973 2.02742 0.813164
internal_count=1932 1851 1778 81 72 73 99
is_linear=0
shrinkage=0.03


Tree=86
num_leaves=9
num_cat=0
split_feature=1 2 0 0 2 1 0 1
split_gain=1.18535 0.565382 0.316786 0.104865 0.183808 0.103689 0.0752136 0.000498155
threshold=0.37186712853162124 1.5338912227704349 1.0612510697279112 0.8007821470548625 1.7249307768212183 0.00017554414599960002 1.0113039390637699 0.00023761515053535005
decision_type=2 2 2 2 2 2 2 2
left_child=1 2 -1 4 -2 6 -3 -4
right_child=3 5 7 -5 -6 -7 -8 -9
leaf_value=-0.027552424495646932 0.0046073923054588154 -0.0089816531863919514 -0.018267038841019441 0.028283605420427075 0.01939901355605499 0.0024143159279461346 -0.0025822452341603863 -0.0089816531863919514
leaf_weight=1.6408449797017968 1.958701046183706 0.59243484309990924 0.21719699422828842 0.52239119261503209 0.48758969642221917 1.1822996102273462 0.24550430849194527 0.58904860634356737
leaf_count=1679 63 48 57 9 9 19 6 42
internal_value=0 -0.00972618 -0.0193229 0.0145548 0.0105144 0.00135959 -0.00757881 -0.00898165
internal_weight=7.43601 4.46733 2.44709 2.96868 2.44629 2.02024 0.837939 0.806246
internal_count=1932 1851 1778 81 72 73 54 99
is_linear=0
shrinkage=0.03


Tree=87
num_leaves=9
num_cat=0
split_feature=1 2 0 2 1 1 0 0
split_gain=1.16415 0.543985 0.314792 0.100485 0.366891 0.0994004 0.0745663 0.00689108
threshold=0.37186712853162124 1.301001671769199 1.0612510697279112 1.7249307768212183 0.77359445008287686 0.00017554414599960002 1.0113039390637699 0.67656525381936039
decision_type=2 2 2 2 2 2 2 2
left_child=1 2 -1 4 -2 6 -3 -6
right_child=3 5 -4 -5 7 -7 -8 -9
leaf_value=-0.027870817335956703 0.0024113320988568211 -0.0091914420134235897 -0.0091914420134235897 0.028691451619415831 0.010767824505081932 0.0024113320988568211 -0.0024807308602744515 0.019655541701535197
leaf_weight=1.5702576737676284 0.47828074917197283 0.60974343313137103 0.79974881792440999 0.48002032376825798 1.0902649145573375 1.1925974999321622 0.24735904490808025 0.88555490598082554
leaf_count=1641 18 73 99 9 36 29 9 18
internal_value=0 -0.00968736 -0.01936 0.01451 0.0106196 0.000977111 -0.00737279 0.0179951
internal_weight=7.35383 4.41971 2.37001 2.93412 2.4541 2.0497 0.857102 1.97582
internal_count=1932 1851 1740 81 72 111 82 54
is_linear=0
shrinkage=0.03


Tree=88
num_leaves=8
num_cat=0
split_feature=1 2 0 0 2 1 0
split_gain=1.13468 0.526472 0.305488 0.0994904 0.173112 0.0967461 0.0717557
threshold=0.37186712853162124 1.2624640018123845 1.0612510697279112 0.8007821470548625 1.7249307768212183 0.00017554414599960002 1.0113039390637699
decision_type=2 2 2 2 2 2 2
left_child=1 2 -1 4 -2 6 -3
right_child=3 5 -4 -5 -6 -7 -8
leaf_value=-0.027748070183563345 0.0045863686813419433 -0.0091782898269296004 -0.0091782898269296004 0.028054446343589411 0.019222231972459425 0.0023962622905243447 -0.0024695423841654359
leaf_weight=1.5373240703193007 1.9221246847882874 0.60416125555639189 0.79544599691871543 0.50695452094078053 0.46997777931392182 1.1880152028752489 0.24353334662737325
leaf_count=1638 63 74 99 9 9 31 9
internal_value=0 -0.00961837 -0.0192286 0.0144109 0.01039 0.000872043 -0.00733535
internal_weight=7.26754 4.36848 2.33277 2.89906 2.3921 2.03571 0.847695
internal_count=1932 1851 1737 81 72 114 83
is_linear=0
shrinkage=0.03


Tree=89
num_leaves=8
num_cat=0
split_feature=1 2 0 0 0 2 1
split_gain=1.11724 0.508352 0.295672 0.0964381 0.0929463 0.16626 7.01152e-05
threshold=0.37186712853162124 1.2624640018123845 1.0612510697279112 0.74269295122430934 0.8007821470548625 1.7249307768212183 0.00023761515053535005
decision_type=2 2 2 2 2 2 2
left_child=1 2 -1 -3 5 -2 -4
right_child=4 3 6 -5 -6 -7 -8
leaf_value=-0.027630814106192544 0.0046833462518115583 -0.0084414314862725041 -0.018417410966618752 0.002391142506252926 0.027867528990944201 0.019145528043442103 -0.0092040078270449639
leaf_weight=1.5079895789385775 1.9084188146516687 0.68063945742324028 0.21576420415658493 1.3409073951770549 0.49545147269964207 0.46311667375266541 0.57539763022214174
leaf_count=1638 63 62 57 52 9 9 42
internal_value=0 -0.00959602 -0.0191216 0.000713561 0.0143783 0.0104235 -0.00920401
internal_weight=7.18769 4.3207 2.29915 2.02155 2.86699 2.37154 0.791162
internal_count=1932 1851 1737 114 81 72 99
is_linear=0
shrinkage=0.03


Tree=90
num_leaves=9
num_cat=0
split_feature=1 2 0 1 0 0 2 0
split_gain=1.0952 0.48727 0.287356 0.100069 0.0898387 0.0672947 0.0389005 0.105771
threshold=0.37186712853162124 1.2624640018123845 1.0612510697279112 0.00017554414599960002 0.63047152422883579 1.0113039390637699 1.7249307768212183 0.8007821470548625
decision_type=2 2 2 2 2 2 2 2
left_child=1 2 -1 5 -2 -3 7 -6
right_child=4 3 -4 -5 6 -7 -8 -9
leaf_value=-0.027493891069611327 0.0023924819001276921 -0.0092261561351511066 -0.0092261561351511066 0.0023924819001276921 0.0096323306009716229 -0.0026530088422045085 0.028264001847657181 0.020455451501991368
leaf_weight=1.4784247596689968 0.50874540489167008 0.6000676435651261 0.78389465156942595 1.1772549933521075 1.3836433505639436 0.23806981917005032 0.45564632117748249 0.4842995274811982
leaf_count=1638 18 74 99 31 45 9 9 9
internal_value=0 -0.00954205 -0.0189691 0.000516772 0.014327 -0.0076985 0.0168722 0.0126469
internal_weight=7.11005 4.27771 2.26232 2.01539 2.83233 0.838137 2.32359 1.86794
internal_count=1932 1851 1737 114 81 83 63 54
is_linear=0
shrinkage=0.03


Tree=91
num_leaves=9
num_cat=0
split_feature=1 2 1 2 0 1 0 0
split_gain=1.07136 0.4234 0.249362 0.357538 0.0678137 0.0222645 0.0186184 0.0104452
threshold=0.019383056740253403 1.5992324138040368 0.77359445008287686 1.5566341673218667 1.0770526162080123 0.00023761515053535005 0.8007821470548625 0.69196726636906569
decision_type=2 2 2 2 2 2 2 2
left_child=1 4 3 -2 -1 -6 -4 -3
right_child=2 7 6 -5 5 -7 -8 -9
leaf_value=-0.02697858166731119 -0.0016552617909185165 -0.0069521894636885894 0.012884975855284685 0.010053838908547082 -0.01956540243516168 -0.012152223203012172 0.027593220030241478 -0.0016552617909185165
leaf_weight=1.3403793881589083 1.0884749540418854 0.44103392772376515 1.4137571044266222 1.0390793867409227 0.18766399414744217 0.24397850409150124 0.47873834893107403 0.80131801962852478
leaf_count=1420 322 26 45 16 49 17 9 28
internal_value=0 -0.0133979 0.0100874 0.00211532 -0.0226492 -0.0121522 0.0179924 -0.00165526
internal_weight=7.03442 3.01437 4.02005 2.12755 1.77202 0.431642 1.8925 1.24235
internal_count=1932 1540 392 338 1486 66 54 54
is_linear=0
shrinkage=0.03


Tree=92
num_leaves=8
num_cat=0
split_feature=1 2 0 1 2 1 0
split_gain=1.04202 0.459406 0.272615 0.0924806 0.0865392 0.339443 0.0647449
threshold=0.37186712853162124 1.2624640018123845 1.0612510697279112 0.00017554414599960002 1.7249307768212183 0.77359445008287686 1.0113039390637699
decision_type=2 2 2 2 2 2 2
left_child=1 2 -1 6 5 -2 -3
right_child=4 3 -4 -5 -6 -7 -8
leaf_value=-0.027260432562372868 0.0023901321314505667 -0.0091968989409710513 -0.0091968989409710513 0.0023901321314505667 0.028075337546933803 0.017688811525061302 -0.0024850266952887046
leaf_weight=1.4238316321570894 0.45676074363291319 0.61109147366369176 0.77072733209934075 1.1601600860012693 0.44363279081881035 1.8642804576084018 0.23371914547169581
leaf_count=1638 18 74 99 31 9 54 9
internal_value=0 -0.00937717 -0.0187239 0.000330107 0.0141574 0.0103286 -0.00736019
internal_weight=6.9642 4.19953 2.19456 2.00497 2.76467 2.32104 0.844811
internal_count=1932 1851 1737 114 81 72 83
is_linear=0
shrinkage=0.03


Tree=93
num_leaves=8
num_cat=0
split_feature=1 2 0 0 0 2 1
split_gain=1.00631 0.4471 0.265885 0.0880299 0.0875468 0.156142 0.00869821
threshold=0.37186712853162124 1.2624640018123845 1.0612510697279112 0.74269295122430934 0.8007821470548625 1.7249307768212183 0.00023761515053535005
decision_type=2 2 2 2 2 2 2
left_child=1 2 -1 -3 5 -2 -5
right_child=4 3 -4 6 -6 -7 -8
leaf_value=-0.027129753132764577 0.0043226413628076818 -0.0082694493710083888 -0.0091329398380037823 -0.0029488827789221589 0.02745691639037549 0.018741272310286026 0.0023716838131640715
leaf_weight=1.3947452206048185 1.8250680388882763 0.66612922039348621 0.76589224522467692 0.55190745537402086 0.46961962804198254 0.43538027629256237 0.7754330660100095
leaf_count=1638 63 62 99 39 9 9 13
internal_value=0 -0.00926019 -0.0185746 0.000308696 0.0140036 0.0100256 0.00237168
internal_weight=6.88418 4.15411 2.16064 1.99347 2.73007 2.26045 1.32734
internal_count=1932 1851 1737 114 81 72 52
is_linear=0
shrinkage=0.03


Tree=94
num_leaves=9
num_cat=0
split_feature=1 2 0 1 0 2 0 1
split_gain=0.985827 0.43302 0.256371 0.0882431 0.0820796 0.150206 0.0624941 0.00168332
threshold=0.37186712853162124 1.2624640018123845 1.0612510697279112 0.00017554414599960002 0.8007821470548625 1.7249307768212183 1.0113039390637699 0.00023761515053535005
decision_type=2 2 2 2 2 2 2 2
left_child=1 2 -1 6 5 -2 -3 -4
right_child=4 3 7 -5 -6 -7 -8 -9
leaf_value=-0.02699445398938561 0.0043803960943380208 -0.009137629152149605 -0.018066041570767605 0.0023761057513471016 0.027267117701220804 0.018647945673704022 -0.0024448584181601743 -0.009137629152149605
leaf_weight=1.3664288340078203 1.8091392796486623 0.60473384798387986 0.20924334332812566 1.1519583091721868 0.45906131714582432 0.42831596732139576 0.23093888169387355 0.55185389472171664
leaf_count=1638 63 74 57 31 9 9 9 42
internal_value=0 -0.00920037 -0.0184622 0.000186923 0.0139526 0.0100288 -0.00726582 -0.00913763
internal_weight=6.81167 4.11516 2.12753 1.98763 2.69652 2.23746 0.835673 0.761097
internal_count=1932 1851 1737 114 81 72 83 99
is_linear=0
shrinkage=0.03


Tree=95
num_leaves=11
num_cat=0
split_feature=1 2 0 0 0 2 2 0 1 1
split_gain=0.969845 0.416358 0.248303 0.0860371 0.0802385 0.0462605 0.0328238 0.0931938 0.0134159 0.000782677
threshold=0.37186712853162124 1.2624640018123845 1.0612510697279112 0.74269295122430934 0.63047152422883579 1.7249307768212183 1.7249307768212183 0.8007821470548625 0.00023761515053535005 0.00023761515053535005
decision_type=2 2 2 2 2 2 2 2 2 2
left_child=1 2 -1 5 -2 -3 7 -6 -5 -4
right_child=4 3 9 8 6 -7 -8 -9 -10 -11
leaf_value=-0.026868264134072686 0.0023742860128883421 -0.0091631688465832993 -0.018015716490327991 -0.0029866422988662671 0.0093839877234385225 -0.0029866422988662671 0.027669535185997469 0.019927463486220841 0.0023742860128883421 -0.0091631688465832993
leaf_weight=1.3402217305847446 0.47830689791590009 0.49437985740951251 0.207107982947491 0.54813509405357741 1.3168785087764265 0.1679209116846323 0.42193406634032715 0.44885337352752674 0.76735239557456225 0.54722752957604825
leaf_count=1638 18 54 57 39 45 8 9 9 13 42
internal_value=0 -0.0091704 -0.0183408 1.44512e-05 0.013919 -0.00834757 0.0163937 0.0121854 0.00237429 -0.00916317
internal_weight=6.73832 4.07235 2.09456 1.97779 2.66597 0.662301 2.18767 1.76573 1.31549 0.754336
internal_count=1932 1851 1737 114 81 62 63 54 52 99
is_linear=0
shrinkage=0.03


Tree=96
num_leaves=11
num_cat=0
split_feature=1 2 0 1 0 2 1 0 1 0
split_gain=0.943789 0.403287 0.241003 0.0838402 0.0759604 0.13898 0.153663 0.0617596 0.00136434 0.00040121
threshold=0.37186712853162124 1.2624640018123845 1.0612510697279112 0.00017554414599960002 0.8007821470548625 1.7249307768212183 0.77359445008287686 1.0113039390637699 0.00023761515053535005 0.72416741351451097
decision_type=2 2 2 2 2 2 2 2 2 2
left_child=1 2 -1 7 5 6 -2 -3 -4 -5
right_child=4 3 8 9 -6 -7 -8 -9 -10 -11
leaf_value=-0.026731514771723103 0.0023694801863805037 -0.0091068634673366813 -0.017919189119529895 -0.0024210829701180681 0.02698928576442005 0.018464217087455836 0.01144477720770358 -0.0024210829701180681 -0.0091068634673366813 0.0023694801863805037
leaf_weight=1.3127771714644043 0.44083816651254948 0.60024619745672669 0.20452983514405776 0.37912322673946597 0.44384361617267121 0.41139603592455376 1.3371008699759841 0.22962461289716884 0.54214722686447203 0.76472226768964902
leaf_count=1638 18 74 57 17 9 9 45 9 42 14
internal_value=0 -0.00908255 -0.0182137 0 0.0138215 0.00993915 0.00442534 -0.00721165 -0.00910686 0.00236948
internal_weight=6.66635 4.03317 2.05945 1.97372 2.63318 2.18934 1.77794 0.829871 0.746677 1.14385
internal_count=1932 1851 1737 114 81 72 63 83 99 31
is_linear=0
shrinkage=0.03


Tree=97
num_leaves=11
num_cat=0
split_feature=1 2 0 1 0 0 2 0 0 1
split_gain=0.917744 0.390582 0.234834 0.0802099 0.0751037 0.0609408 0.0301615 0.0892672 0.010966 0.00171148
threshold=0.37186712853162124 1.2624640018123845 1.0612510697279112 0.00017554414599960002 0.63047152422883579 1.0113039390637699 1.7249307768212183 0.8007821470548625 0.69196726636906569 0.00023761515053535005
decision_type=2 2 2 2 2 2 2 2 2 2
left_child=1 2 -1 5 -2 -3 7 -6 -5 -4
right_child=4 3 9 8 6 -7 -8 -9 -10 -11
leaf_value=-0.026593181595596118 0.0023662061197375446 -0.0090370551584182182 -0.01781511837700717 -0.0023580034488064634 0.0092588097512467191 -0.0023580034488064634 0.02737477650780944 0.01967064360016 0.0023662061197375446 -0.0090370551584182182
leaf_weight=1.2872531131142757 0.465874029323459 0.59675944942864578 0.202261262689717 0.33971021440811433 1.2900552041828635 0.22882722842041403 0.4067446757107972 0.43627809919416893 0.80071626120479777 0.5374202923849225
leaf_count=1638 18 74 57 16 45 9 9 9 15 42
internal_value=0 -0.00899281 -0.0180741 0 0.0137252 -0.00708221 0.0161514 0.0119665 0.00236621 -0.00903706
internal_weight=6.5919 3.99295 2.02693 1.96601 2.59895 0.825587 2.13308 1.72633 1.14043 0.739682
internal_count=1932 1851 1737 114 81 83 63 54 31 99
is_linear=0
shrinkage=0.03


Tree=98
num_leaves=12
num_cat=0
split_feature=1 2 0 0 0 2 1 2 1 0 1
split_gain=0.894714 0.37761 0.227043 0.0784086 0.0731166 0.132653 0.147265 0.0458324 0.0302954 0.01851 0.00279232
threshold=0.37186712853162124 1.2624640018123845 1.0612510697279112 0.69196726636906569 0.8007821470548625 1.7249307768212183 0.77359445008287686 1.7249307768212183 0.00023761515053535005 1.0113039390637699 0.00023761515053535005
decision_type=2 2 2 2 2 2 2 2 2 2 2
left_child=1 2 -1 7 5 6 -2 -3 9 -5 -4
right_child=4 3 10 8 -6 -7 -8 -9 -10 -11 -12
leaf_value=-0.026435153938883758 0.0023584772801662681 -0.0089736388149103102 -0.017704396376897032 -0.0031608022986862653 0.02676217948855477 0.018255129178985283 0.011272393115227302 -0.0031608022986862653 0.0023584772801662681 -0.00040116250925999858 -0.0089736388149103102
leaf_weight=1.2614065666421086 0.43249621894210633 0.42853166136774223 0.19983125012367953 0.34728243877179898 0.43147865496575821 0.39687922038137902 1.307248299010098 0.15677017066627741 0.79810208373237401 0.22835812025004998 0.53241626522503793
leaf_count=1638 18 48 57 35 9 9 45 7 15 9 42
internal_value=0 -0.00891918 -0.0179473 0 0.0136361 0.00974808 0.00428966 -0.00868008 0.00235848 -0.0031608 -0.00897364
internal_weight=6.5208 3.9527 1.99365 1.95904 2.5681 2.13662 1.73974 0.585302 1.37374 0.575641 0.732248
internal_count=1932 1851 1737 114 81 72 63 55 59 44 99
is_linear=0
shrinkage=0.03


Tree=99
num_leaves=12
num_cat=0
split_feature=1 2 0 0 0 2 1 2 1 0 1
split_gain=0.869301 0.363436 0.22127 0.0864315 0.071027 0.13148 0.141422 0.0447279 0.0244321 0.022626 0.00263913
threshold=0.37186712853162124 1.2624640018123845 1.0612510697279112 0.69196726636906569 0.8007821470548625 1.7249307768212183 0.77359445008287686 1.7249307768212183 0.00023761515053535005 1.0113039390637699 0.00023761515053535005
decision_type=2 2 2 2 2 2 2 2 2 2 2
left_child=1 2 -1 7 5 6 -2 -3 9 -5 -4
right_child=4 3 10 8 -6 -7 -8 -9 -10 -11 -12
leaf_value=-0.02629015036207881 0.002355995944440675 -0.0088947883662198381 -0.017592469364149325 -0.0032693962108895818 0.026622911005507111 0.018140340230421586 0.01115890684907783 -0.0032693962108895818 0.002355995944440675 -0.00045670013322445327 -0.0088947883662198381
leaf_weight=1.2346986293559896 0.42714595608413275 0.41887722196406674 0.19713148078881193 0.34796239814022534 0.42415776848793019 0.39224852621555317 1.29047014657408 0.15589539892971516 0.79623249790165573 0.2353491626563482 0.52739578695036471
leaf_count=1638 18 48 57 35 9 9 45 7 15 9 42
internal_value=0 -0.00882618 -0.0177896 0 0.0135382 0.00965777 0.00417747 -0.00889479 0.002356 -0.0032694 -0.00889479
internal_weight=6.44756 3.91354 1.95923 1.95432 2.53402 2.10986 1.71762 0.574773 1.37954 0.583312 0.724527
internal_count=1932 1851 1737 114 81 72 63 55 59 44 99
is_linear=0
shrinkage=0.03


Tree=100
num_leaves=12
num_cat=0
split_feature=1 2 0 0 0 2 2 0 1 0 1
split_gain=0.846032 0.349595 0.215507 0.0848692 0.0696221 0.0457305 0.0274933 0.0830818 0.0260005 0.021747 0.00263495
threshold=0.37186712853162124 1.2624640018123845 1.0612510697279112 0.69196726636906569 0.63047152422883579 1.7249307768212183 1.7249307768212183 0.8007821470548625 0.00023761515053535005 1.0113039390637699 0.00023761515053535005
decision_type=2 2 2 2 2 2 2 2 2 2 2
left_child=1 2 -1 5 -2 -3 7 -6 9 -5 -4
right_child=4 3 10 8 6 -7 -8 -9 -10 -11 -12
leaf_value=-0.026142903813319712 0.0023517077333471939 -0.0088177881250296776 -0.017480345969174693 -0.0032330401958412421 0.0090878265208106188 -0.0032330401958412421 0.026996664309613994 0.019317173430910797 0.0023517077333471939 -0.00044066623124702406 -0.0088177881250296776
leaf_weight=1.2092035677924289 0.4475338859483603 0.41563133432646271 0.19465124316047866 0.34911296164500505 1.249048423022032 0.1563330041244626 0.38789859972894181 0.41697268933057774 0.79319693974684924 0.2332570287398994 0.52245960175059736
leaf_count=1638 18 48 57 35 45 7 9 9 15 9 42
internal_value=0 -0.00874425 -0.0176356 0 0.0134477 -0.00881779 0.0158239 0.0116377 0.00235171 -0.00323304 -0.00881779
internal_weight=6.3753 3.87385 1.92631 1.94753 2.50145 0.571964 2.05392 1.66602 1.37557 0.58237 0.717111
internal_count=1932 1851 1737 114 81 55 63 54 59 44 99
is_linear=0
shrinkage=0.03


Tree=101
num_leaves=12
num_cat=0
split_feature=1 2 0 0 0 2 1 1 0 2 1
split_gain=0.822745 0.332076 0.209916 0.0830285 0.0684987 0.12558 0.135315 0.0520482 0.0104677 0.0040396 0.00171135
threshold=0.37186712853162124 1.2624640018123845 1.0612510697279112 1.0113039390637699 0.8007821470548625 1.7249307768212183 0.77359445008287686 0.00017554414599960002 0.69196726636906569 1.7557170215206606 0.00023761515053535005
decision_type=2 2 2 2 2 2 2 2 2 2 2
left_child=1 2 -1 7 5 6 -2 9 -9 -3 -4
right_child=4 3 10 -5 -6 -7 -8 8 -10 -11 -12
leaf_value=-0.025980147782636482 0.0023424105903161003 -0.0087242721218934761 -0.017352209952264979 0.0023424105903161003 0.026393550218788774 0.017925642694493062 0.010977076533595365 -0.0050341012056421847 -0.0013439302893908942 -0.0050341012056421847 -0.0087242721218934761
leaf_weight=1.1807691748690561 0.41890028119087275 0.48637915623839922 0.19109188637230534 0.42928641283651803 0.41246844269335259 0.37818913161754597 1.260426277294755 0.32726909650955349 0.5941752590588294 0.10658380901440978 0.51706329709850252
leaf_count=1638 18 66 57 12 9 9 45 16 12 8 42
internal_value=0 -0.00866388 -0.0174485 0 0.0133487 0.00945774 0.00402851 -0.00503027 -0.00134393 -0.00872427 -0.00872427
internal_weight=6.3026 3.83262 1.88892 1.94369 2.46998 2.05752 1.67933 1.51441 0.921444 0.592963 0.708155
internal_count=1932 1851 1737 114 81 72 63 102 28 74 99
is_linear=0
shrinkage=0.03


Tree=102
num_leaves=12
num_cat=0
split_feature=1 2 0 0 0 2 1 2 1 0 1
split_gain=0.803319 0.325314 0.20442 0.0810904 0.0660458 0.124045 0.130933 0.0452108 0.0293422 0.0202591 0.00307194
threshold=0.37186712853162124 1.2624640018123845 1.0612510697279112 0.69196726636906569 0.8007821470548625 1.7249307768212183 0.77359445008287686 1.7249307768212183 0.00023761515053535005 1.0113039390637699 0.00023761515053535005
decision_type=2 2 2 2 2 2 2 2 2 2 2
left_child=1 2 -1 7 5 6 -2 -3 9 -5 -4
right_child=4 3 10 8 -6 -7 -8 -9 -10 -11 -12
leaf_value=-0.025856293832650049 0.0023406379091371397 -0.0086741568550317213 -0.017265225343840885 -0.003166759472947291 0.026254098446367734 0.017826901381451103 0.010892134016501168 -0.003166759472947291 0.0023406379091371397 -0.00041306078190507582 -0.0086741568550317213
leaf_weight=1.1625764248747148 0.41410104278475102 0.41638274223078031 0.19006240810267616 0.34780927703832254 0.40568311326205719 0.37436052225530136 1.2466825917363167 0.15567560354247689 0.78027943120105192 0.23087238293373957 0.51415711152367294
leaf_count=1638 18 48 57 35 9 9 45 7 15 9 42
internal_value=0 -0.00859274 -0.0173483 0 0.013274 0.0093997 0.00395737 -0.00867416 0.00234064 -0.00316676 -0.00867416
internal_weight=6.23864 3.79782 1.8668 1.93102 2.44083 2.03514 1.66078 0.572058 1.35896 0.578682 0.70422
internal_count=1932 1851 1737 114 81 72 63 55 59 44 99
is_linear=0
shrinkage=0.03


Tree=103
num_leaves=11
num_cat=0
split_feature=1 2 0 0 0 1 0 2 0 1
split_gain=0.777633 0.313013 0.198425 0.0825903 0.0644647 0.0573394 0.0250887 0.0730017 0.00973196 0.00286435
threshold=0.37186712853162124 1.2624640018123845 1.0612510697279112 1.0113039390637699 0.63047152422883579 0.00017554414599960002 0.8007821470548625 1.7249307768212183 0.69196726636906569 0.00023761515053535005
decision_type=2 2 2 2 2 2 2 2 2 2
left_child=1 2 -1 5 -2 -3 7 -6 -7 -4
right_child=4 3 9 -5 6 8 -8 -9 -10 -11
leaf_value=-0.025699912462996712 0.0023437263841409365 -0.0085942914170145674 -0.017147101940005641 0.0023437263841409365 0.0089183988207100443 -0.0049778843394834345 0.026111921700382495 0.018639599984823427 -0.0013614772619523019 -0.0085942914170145674
leaf_weight=1.1359830684814372 0.43029080703854594 0.58642687054816611 0.18708993610925961 0.42651858268072818 1.2078730566427109 0.33467933285282925 0.39879251085221756 0.36964683048427094 0.58601159963291138 0.50831517577171326
leaf_count=1638 18 74 57 12 45 16 9 9 12 42
internal_value=0 -0.0084769 -0.0171886 0 0.0131644 -0.00506668 0.0154931 0.0111673 -0.00136148 -0.00859429
internal_weight=6.17163 3.76502 1.83139 1.93364 2.4066 1.50712 1.97631 1.57752 0.920691 0.695405
internal_count=1932 1851 1737 114 81 102 63 54 28 99
is_linear=0
shrinkage=0.03


Tree=104
num_leaves=12
num_cat=0
split_feature=1 2 0 0 1 2 2 0 1 0 1
split_gain=0.759844 0.312752 0.192206 0.0943521 0.0622911 0.149134 0.0437524 0.0136005 0.00698785 0.0261732 0.00449234
threshold=0.37186712853162124 1.2624640018123845 1.0612510697279112 0.74269295122430934 0.77359445008287686 1.7249307768212183 1.7249307768212183 0.67656525381936039 0.00023761515053535005 1.0113039390637699 0.00023761515053535005
decision_type=2 2 2 2 2 2 2 2 2 2 2
left_child=1 2 -1 6 5 -2 -3 -6 9 -5 -4
right_child=4 3 10 8 7 -7 -8 -9 -10 -11 -12
leaf_value=-0.025668046012296324 0.0023466974647229949 -0.0085990601427496371 -0.01713355307752298 -0.0031261813390133213 0.0099245855592977588 0.0099245855592977588 -0.0031261813390133213 0.022693033533339662 0.0023466974647229949 0.00046930285412787222 -0.0085990601427496371
leaf_weight=1.115849103589426 0.4061525408178569 0.47770756448153395 0.18510563008021552 0.31418471806682624 0.8975219652056694 0.36466476321220398 0.16251272708177567 0.71051102131605148 0.73217621410731226 0.24356748396530747 0.50437678536400199
leaf_count=1638 18 54 57 30 36 9 8 18 13 9 42
internal_value=0 -0.00840284 -0.0171981 0 0.0130962 0.00310766 -0.00859906 0.0167415 0.0023467 -0.00140809 -0.00859906
internal_weight=6.11433 3.73548 1.80533 1.93015 2.37885 0.770817 0.64022 1.60803 1.28993 0.557752 0.689482
internal_count=1932 1851 1737 114 81 27 62 54 52 39 99
is_linear=0
shrinkage=0.03


Tree=105
num_leaves=11
num_cat=0
split_feature=1 2 0 0 2 1 2 1 0 1
split_gain=0.739795 0.299605 0.188364 0.0881211 0.0640873 0.264827 0.0434733 0.0236257 0.0216514 0.00387162
threshold=0.37186712853162124 1.2624640018123845 1.0612510697279112 0.69196726636906569 1.7249307768212183 0.77359445008287686 1.7249307768212183 0.00023761515053535005 1.0113039390637699 0.00023761515053535005
decision_type=2 2 2 2 2 2 2 2 2 2
left_child=1 2 -1 6 5 -2 -3 8 -5 -4
right_child=4 3 9 7 -6 -7 -8 -9 -10 -11
leaf_value=-0.025519430764410534 0.0023270131294698205 -0.0085110163114468819 -0.017015223537928708 -0.0030920015909885303 0.026508919265207452 0.016470598424025058 -0.0030920015909885303 0.0023270131294698205 -0.00038249423075935492 -0.0085110163114468819
leaf_weight=1.0947422941535481 0.40094396937638532 0.41084611119003955 0.18261251447256643 0.34699453911161959 0.36401567608118046 1.5883397543802857 0.15402073599398136 0.76895109936594963 0.23537218070123345 0.50147672742605209
leaf_count=1638 18 48 57 35 9 54 7 15 9 42
internal_value=0 -0.00833635 -0.017022 0 0.0129904 0.00919178 -0.00851102 0.00232701 -0.003092 -0.00851102
internal_weight=6.04832 3.69502 1.77883 1.91618 2.3533 1.98928 0.564867 1.35132 0.582367 0.684089
internal_count=1932 1851 1737 114 81 72 55 59 44 99
is_linear=0
shrinkage=0.03


Tree=106
num_leaves=11
num_cat=0
split_feature=1 2 0 0 0 2 2 1 0 1
split_gain=0.70809 0.284585 0.184829 0.0831834 0.0650555 0.123524 0.0416948 0.0229263 0.0202146 0.00164431
threshold=0.37186712853162124 1.2624640018123845 1.0612510697279112 0.69196726636906569 0.8007821470548625 1.7249307768212183 1.7249307768212183 0.00023761515053535005 1.0113039390637699 0.00023761515053535005
decision_type=2 2 2 2 2 2 2 2 2 2
left_child=1 2 -1 6 5 -2 -3 8 -5 -4
right_child=4 3 9 7 -6 -7 -8 -9 -10 -11
leaf_value=-0.025340405337066125 0.0032993977793294017 -0.0083886103805496937 -0.016864507858807908 -0.0030394642101645923 0.025855003840458027 0.017357328542158778 -0.0030394642101645923 0.0023096819602205091 -0.00036489112497204178 -0.0083886103805496937
leaf_weight=1.0677433134551395 1.5768601847812536 0.41160593624226738 0.17849964799825091 0.34712350278277859 0.38625172711908806 0.35624613240361203 0.15099847596138716 0.77400142565602437 0.22912678099237382 0.4967079283669591
leaf_count=1638 63 48 57 35 9 9 7 15 9 42
internal_value=0 -0.00818956 -0.0167772 0 0.0128089 0.00885965 -0.00838861 0.00230968 -0.00303946 -0.00838861
internal_weight=5.97517 3.65581 1.74295 1.91286 2.31936 1.93311 0.562604 1.35025 0.57625 0.675208
internal_count=1932 1851 1737 114 81 72 55 59 44 99
is_linear=0
shrinkage=0.03


Tree=107
num_leaves=12
num_cat=0
split_feature=1 2 0 0 0 2 1 2 1 0 1
split_gain=0.693762 0.2713 0.179644 0.0916487 0.0605323 0.118441 0.107516 0.0397206 0.0257956 0.0179156 0.00149205
threshold=0.37186712853162124 1.2624640018123845 1.0612510697279112 0.69196726636906569 0.8007821470548625 1.7249307768212183 0.77359445008287686 1.7249307768212183 0.00023761515053535005 1.0113039390637699 0.00023761515053535005
decision_type=2 2 2 2 2 2 2 2 2 2 2
left_child=1 2 -1 7 5 6 -2 -3 9 -5 -4
right_child=4 3 10 8 -6 -7 -8 -9 -10 -11 -12
leaf_value=-0.025188589216608801 0.0023176661826253726 -0.0083116478651857426 -0.016750118540897273 -0.002996990841280185 0.025657327810934223 0.017262234571844334 0.010310777354667412 -0.002996990841280185 0.0023176661826253726 -0.00033966232932740613 -0.0083116478651857426
leaf_weight=1.0448568711581177 0.39217654429376136 0.41641951614292327 0.17575895530171681 0.34684118398581609 0.37782058492302883 0.35026079416275013 1.1697661131620407 0.1504282453097403 0.7738812118768692 0.22349581663729623 0.49218226713128388
leaf_count=1638 18 48 57 35 9 9 45 7 15 9 42
internal_value=0 -0.008132 -0.0166233 0 0.0127673 0.00886714 0.00335932 -0.00831165 0.00231767 -0.00299699 -0.00831165
internal_weight=5.91389 3.62386 1.7128 1.91107 2.29002 1.9122 1.56194 0.566848 1.34422 0.570337 0.667941
internal_count=1932 1851 1737 114 81 72 63 55 59 44 99
is_linear=0
shrinkage=0.03


Tree=108
num_leaves=8
num_cat=0
split_feature=1 1 2 2 0 0 0
split_gain=0.66542 0.280048 0.339709 0.188455 0.0411915 0.0216857 0.0157676
threshold=0.00017554414599960002 0.77359445008287686 1.578387011569274 1.5992324138040368 1.0612510697279112 0.94926541252245089 0.67656525381936039
decision_type=2 2 2 2 2 2 2
left_child=3 2 4 -1 -2 -5 -3
right_child=1 6 -4 5 -6 -7 -8
leaf_value=-0.027666194014472543 -0.0056792605230315124 0.0086445041538525513 0.008016137616482873 -0.010503410129760877 0.0011684385467256807 -0.0056792605230315124 0.02204233192231949
leaf_weight=0.7542224504140902 1.0545119743183025 0.84888959210365988 1.3409255053848026 0.36363173462450504 0.49230071855708946 0.3450174368917942 0.67198599688708782
leaf_count=983 781 36 26 34 44 10 18
internal_value=0 0.0058335 0 -0.017192 -0.00567926 -0.00567926 0.0160323
internal_weight=5.87149 4.40861 2.88774 1.46287 1.54681 0.708649 1.52088
internal_count=1932 905 851 1027 825 44 54
is_linear=0
shrinkage=0.03


Tree=109
num_leaves=9
num_cat=0
split_feature=1 2 0 0 2 1 2 1
split_gain=0.665013 0.301638 0.170849 0.137091 0.0604121 0.229901 0.0312105 0.00579838
threshold=0.37186712853162124 1.301001671769199 1.0612510697279112 0.75983769627922582 1.7249307768212183 0.77359445008287686 1.7249307768212183 0.00023761515053535005
decision_type=2 2 2 2 2 2 2 2
left_child=1 2 -1 6 5 -2 -3 -4
right_child=4 3 7 -5 -6 -7 -8 -9
leaf_value=-0.025402138642788862 0.0023808114829808116 -0.0084958844043633054 -0.016949011523576085 0.0023808114829808116 0.026135354378256915 0.015801718963506371 -0.0030575364606912469 -0.0084958844043633054
leaf_weight=1.028497604565928 0.38210030086338531 0.51814240968087677 0.17396354628726829 1.2544275021355131 0.34663750790059555 1.5107541317120194 0.15553746884688735 0.48481349227949977
leaf_count=1641 18 54 57 49 9 54 8 42
internal_value=0 -0.00792337 -0.0169918 0 0.012685 0.00884056 -0.00849588 -0.00849588
internal_weight=5.85487 3.61538 1.68727 1.92811 2.23949 1.89285 0.67368 0.658777
internal_count=1932 1851 1740 111 81 72 62 99
is_linear=0
shrinkage=0.03


Tree=110
num_leaves=9
num_cat=0
split_feature=1 2 0 0 0 2 2 1
split_gain=0.650017 0.297975 0.173376 0.115943 0.0671277 0.121637 0.0366515 0.00526999
threshold=0.2527188684706046 1.2207004806465929 1.0612510697279112 0.75983769627922582 0.8007821470548625 1.7249307768212183 1.7249307768212183 0.00023761515053535005
decision_type=2 2 2 2 2 2 2 2
left_child=1 2 -1 6 5 -2 -3 -4
right_child=4 3 7 -5 -6 -7 -8 -9
leaf_value=-0.025778360978179569 0.0029055501761065302 -0.0085447541039501574 -0.017161557541064864 0.0022992823262116308 0.025860920598514053 0.017175077969438447 -0.0031227358888692635 -0.0085447541039501574
leaf_weight=0.99059297841449756 1.522142564353999 0.51053907381719899 0.17286591447191313 1.2467847121588418 0.36983223760034878 0.34147829003632058 0.15609197970479727 0.48117633350193501
leaf_count=1573 108 62 57 55 18 9 8 42
internal_value=0 -0.00792739 -0.0170895 0 0.012526 0.00848924 -0.00854475 -0.00854475
internal_weight=5.7915 3.55805 1.64464 1.91342 2.23345 1.86362 0.666631 0.654042
internal_count=1932 1797 1672 125 135 117 70 99
is_linear=0
shrinkage=0.03


Tree=111
num_leaves=9
num_cat=0
split_feature=1 2 0 0 0 2 2 1
split_gain=0.642886 0.288584 0.167941 0.105769 0.0620402 0.116101 0.0382566 0.00618676
threshold=0.2527188684706046 1.2207004806465929 1.0612510697279112 0.75983769627922582 0.8007821470548625 1.7249307768212183 1.7249307768212183 0.00023761515053535005
decision_type=2 2 2 2 2 2 2 2
left_child=1 2 -1 6 5 -2 -3 -4
right_child=4 3 7 -5 -6 -7 -8 -9
leaf_value=-0.025674417549981239 0.0030327976899177894 -0.0085082252169252463 -0.017091321383453241 0.0023083415370528104 0.025686959640682929 0.01712013822829837 -0.003099941839936218 -0.0085082252169252463
leaf_weight=0.97217453795019559 1.5109161447617228 0.50618648939416733 0.17121294676326215 1.2442279294191392 0.36170438637782343 0.3366379290819167 0.15669226692989469 0.4770279397489503
leaf_count=1573 108 62 57 55 18 9 8 42
internal_value=0 -0.00791212 -0.0170165 0 0.0125288 0.00855332 -0.00850823 -0.00850823
internal_weight=5.73678 3.52752 1.62042 1.90711 2.20926 1.84755 0.662879 0.648241
internal_count=1932 1797 1672 125 135 117 70 99
is_linear=0
shrinkage=0.03


Tree=112
num_leaves=10
num_cat=0
split_feature=1 2 0 0 0 2 2 1 1
split_gain=0.634865 0.274827 0.162932 0.0947287 0.0572148 0.11085 0.0373189 0.00615568 0.0041949
threshold=0.2527188684706046 1.2207004806465929 1.0612510697279112 0.75983769627922582 0.8007821470548625 1.7249307768212183 1.7249307768212183 0.00023761515053535005 0.00023761515053535005
decision_type=2 2 2 2 2 2 2 2 2
left_child=1 2 -1 6 5 -2 -3 -4 -5
right_child=4 3 7 8 -6 -7 -8 -9 -10
leaf_value=-0.025529707268813821 0.0031423314401815734 -0.0084407600888910025 -0.016985233678852411 -0.00095404814791756436 0.02550000069182454 0.017052052385875777 -0.0030643988528672888 -0.0084407600888910025 0.002311962383156424
leaf_weight=0.95197541598463453 1.4988348004262664 0.49990999355213706 0.16880355187458917 0.53507770414580569 0.35393065086100239 0.33169234730303276 0.15435429429635406 0.47261451126541942 0.70984089086414315
leaf_count=1573 108 62 57 42 18 9 8 42 13
internal_value=0 -0.00789834 -0.0168815 0 0.0125223 0.0086041 -0.00844076 -0.00844076 0.00231196
internal_weight=5.67703 3.49258 1.59339 1.89918 2.18446 1.83053 0.654264 0.641418 1.24492
internal_count=1932 1797 1672 125 135 117 70 99 55
is_linear=0
shrinkage=0.03


Tree=113
num_leaves=12
num_cat=0
split_feature=1 2 0 0 0 2 0 2 1 1 1
split_gain=0.628203 0.263576 0.157672 0.0909436 0.055119 0.0331852 0.0180589 0.0580093 0.00834531 0.00675326 5.29929e-05
threshold=0.2527188684706046 1.2207004806465929 1.0612510697279112 0.75983769627922582 0.63047152422883579 1.7249307768212183 0.8007821470548625 1.7249307768212183 0.00023761515053535005 0.00023761515053535005 0.77359445008287686
decision_type=2 2 2 2 2 2 2 2 2 2 2
left_child=1 2 -1 5 10 -3 7 -6 -5 -4 -2
right_child=4 3 9 8 6 -7 -8 -9 -10 -11 -12
leaf_value=-0.025391808052969481 0.0023141305616749303 -0.0083879525957656909 -0.016889880324367588 -0.0013960170046673987 0.0085599423389360555 -0.0030369110170453801 0.025313917143568832 0.017885011499402602 0.0023141305616749303 -0.0083879525957656909 0.0023141305616749303
leaf_weight=0.9341309743904278 0.18914692863472771 0.49817825845093455 0.16705874801846221 0.53619760315632425 1.0955192653345873 0.15102554718032479 0.34638128319056694 0.32713472098112095 0.70288304288988002 0.46848215349018574 0.20324037689715624
leaf_count=1573 36 62 57 42 63 8 18 9 13 42 9
internal_value=0 -0.00789416 -0.0167759 0 0.0125224 -0.00838795 0.0148058 0.0104561 0.00231413 -0.00838795 0.00231413
internal_weight=5.61938 3.45796 1.56967 1.88828 2.16142 0.649204 1.76904 1.42265 1.23908 0.635541 0.392387
internal_count=1932 1797 1672 125 135 70 90 72 55 99 45
is_linear=0
shrinkage=0.03


Tree=114
num_leaves=12
num_cat=0
split_feature=1 2 0 0 0 2 0 2 1 1 1
split_gain=0.619218 0.253547 0.15229 0.0944049 0.0529026 0.0310767 0.0160498 0.0563165 0.00795372 0.00746752 0.00017262
threshold=0.2527188684706046 1.2207004806465929 1.0612510697279112 0.75983769627922582 0.63047152422883579 1.7249307768212183 0.8007821470548625 1.7249307768212183 0.00023761515053535005 0.00023761515053535005 0.77359445008287686
decision_type=2 2 2 2 2 2 2 2 2 2 2
left_child=1 2 -1 5 10 -3 7 -6 -5 -4 -2
right_child=4 3 9 8 6 -7 -8 -9 -10 -11 -12
leaf_value=-0.025241941502328457 0.0023058894333679381 -0.0083345783895498338 -0.016788259945939146 -0.0013098302403315163 0.0085245056046672103 -0.0030143444780909479 0.025163039437783082 0.017797136341207494 0.0023058894333679381 -0.0083345783895498338 0.0023768145167386953
leaf_weight=0.91718328351271361 0.18720120778016314 0.49053832460776892 0.16548532387241721 0.53605949811753795 1.088239499076735 0.14990557078272104 0.34019012108910818 0.32351095601916302 0.69795568007975817 0.46439183515030891 0.20075675193220377
leaf_count=1573 36 62 57 42 63 8 18 9 13 42 9
internal_value=0 -0.00788012 -0.0166692 0 0.0124919 -0.00833458 0.0147431 0.0104312 0.00230589 -0.00833458 0.00230589
internal_weight=5.56142 3.42152 1.54706 1.87446 2.1399 0.640444 1.75194 1.41175 1.23402 0.629877 0.387958
internal_count=1932 1797 1672 125 135 70 90 72 55 99 45
is_linear=0
shrinkage=0.03


Tree=115
num_leaves=13
num_cat=0
split_feature=1 2 0 0 0 2 2 0 1 0 1 1
split_gain=0.608519 0.244455 0.147093 0.0909202 0.0504791 0.0292223 0.0150383 0.0564705 0.0131694 0.014122 0.00801657 0.00028472
threshold=0.2527188684706046 1.2207004806465929 1.0612510697279112 0.74269295122430934 0.63047152422883579 1.7249307768212183 1.7249307768212183 0.8007821470548625 0.00023761515053535005 1.0113039390637699 0.00023761515053535005 0.77359445008287686
decision_type=2 2 2 2 2 2 2 2 2 2 2 2
left_child=1 2 -1 5 11 -3 7 -6 9 -5 -4 -2
right_child=4 3 10 8 6 -7 -8 -9 -10 -11 -12 -13
leaf_value=-0.025098994053720142 0.0023014750787247787 -0.0082820673959750121 -0.016690530724847576 -0.0029902961586251169 0.0084834915500004125 -0.0029902961586251169 0.025348231313734818 0.017895795947190905 0.0023014750787247787 0.00024971741603943391 -0.0082820673959750121 0.0024592664415152188
leaf_weight=0.899741137181991 0.18515103013487566 0.44373011263087381 0.16368329140823334 0.32656817222596124 1.0800400416919727 0.14883051998913288 0.31963900290429581 0.3341500829119467 0.72835600352846086 0.2175380032567773 0.46015233150683343 0.19831271469593048
leaf_count=1573 36 60 57 33 63 8 9 18 14 10 42 9
internal_value=0 -0.00784701 -0.0165641 0 0.01245 -0.00828207 0.0146655 0.0104434 0.00230148 -0.00180204 -0.00828207 0.00230148
internal_weight=5.50589 3.3886 1.52358 1.86502 2.11729 0.592561 1.73383 1.41419 1.27246 0.544106 0.623836 0.383464
internal_count=1932 1797 1672 125 135 68 90 81 57 43 99 45
is_linear=0
shrinkage=0.03


Tree=116
num_leaves=11
num_cat=0
split_feature=1 2 0 0 1 2 2 1 0 1
split_gain=0.597165 0.235481 0.14197 0.0879787 0.0509875 0.115855 0.0292562 0.0128534 0.0134953 0.0084757
threshold=0.2527188684706046 1.2207004806465929 1.0612510697279112 0.75983769627922582 0.77359445008287686 1.7249307768212183 1.7249307768212183 0.00023761515053535005 1.0113039390637699 0.00023761515053535005
decision_type=2 2 2 2 2 2 2 2 2 2
left_child=1 2 -1 6 5 -2 -3 8 -5 -4
right_child=4 3 9 7 -6 -7 -8 -9 -10 -11
leaf_value=-0.024951751703945285 0.0022948761857323886 -0.0082273778304989467 -0.016589564767222117 -0.0029662508223832792 0.015971126113138064 0.0092494551798053999 -0.0029662508223832792 0.0022948761857323886 0.00023787850390559758 -0.0082273778304989467
leaf_weight=0.8822128904212152 0.37839366508706018 0.48617656339774828 0.16180783143499866 0.3175965828268088 1.40413180552423 0.3127494603395462 0.14773021545261145 0.68932845623930916 0.21563115049502812 0.45576567389070988
leaf_count=1573 72 62 57 32 54 9 8 13 10 42
internal_value=0 -0.00780846 -0.0164548 0 0.0123982 0.00252778 -0.00822738 0.00229488 -0.00181912 -0.00822738
internal_weight=5.45152 3.35625 1.49979 1.85646 2.09527 0.691143 0.633907 1.22256 0.533228 0.617574
internal_count=1932 1797 1672 125 135 81 70 55 42 99
is_linear=0
shrinkage=0.03


Tree=117
num_leaves=12
num_cat=0
split_feature=1 2 0 0 0 2 0 2 1 0 1
split_gain=0.57857 0.228109 0.137592 0.0842916 0.0484551 0.0279489 0.0168985 0.0540716 0.0163024 0.0132861 0.00848903
threshold=0.2527188684706046 1.2207004806465929 1.0612510697279112 0.74269295122430934 0.63047152422883579 1.7249307768212183 0.8007821470548625 1.7249307768212183 0.00023761515053535005 1.0113039390637699 0.00023761515053535005
decision_type=2 2 2 2 2 2 2 2 2 2 2
left_child=1 2 -1 5 -2 -3 7 -6 9 -5 -4
right_child=4 3 10 8 6 -7 -8 -9 -10 -11 -12
leaf_value=-0.02480002539883051 0.0022655343576800488 -0.0081612646466731349 -0.016480645022751823 -0.0029478651444965428 0.0083506859830481256 -0.0029478651444965428 0.024929702014795593 0.017500455892233084 0.0022655343576800488 5.2990232167862693e-05 -0.0081612646466731349
leaf_weight=0.8649368248152316 0.37432648394315071 0.44037839042721305 0.15983440238051116 0.32704837284109067 1.0593657566932959 0.14673689985647798 0.3299215965962502 0.31312381848692883 0.72015921384445392 0.21385925123468041 0.45138977072201669
leaf_count=1573 45 60 57 33 63 8 18 9 14 10 42
internal_value=0 -0.00772392 -0.0163225 0 0.012255 -0.00816126 0.0144358 0.0100712 0.00226553 -0.00215955 -0.00816126
internal_weight=5.40108 3.32434 1.47616 1.84818 2.07674 0.587115 1.70241 1.37249 1.26107 0.540908 0.611224
internal_count=1932 1797 1672 125 135 68 90 72 57 43 99
is_linear=0
shrinkage=0.03


Tree=118
num_leaves=12
num_cat=0
split_feature=1 2 0 0 0 1 2 0 2 0 1
split_gain=0.568222 0.219253 0.132709 0.0813897 0.0459075 0.0287549 0.0270431 0.0153746 0.0524952 0.0125303 0.00883895
threshold=0.2527188684706046 1.2207004806465929 1.0612510697279112 0.69196726636906569 0.63047152422883579 0.00023761515053535005 1.7249307768212183 0.8007821470548625 1.7249307768212183 1.0113039390637699 0.00023761515053535005
decision_type=2 2 2 2 2 2 2 2 2 2 2
left_child=1 2 -1 6 -2 9 -3 8 -6 -5 -4
right_child=4 3 10 5 7 -7 -8 -9 -10 -11 -12
leaf_value=-0.024649183142238375 0.0022630559433468897 -0.0081048643736523814 -0.016377023757945378 -0.0029209042151527461 0.0083086879650142234 0.0022630559433468897 -0.0029209042151527461 0.024779119180136998 0.017397383943479096 -0.00032892413590292831 -0.0081048643736523814
leaf_weight=0.84784818607295187 0.37021364166867021 0.38029158089193504 0.1579149552853778 0.35854221813497111 1.0508042182482311 0.75207318348111585 0.13779884669929743 0.32412733785167791 0.30928610078990448 0.21213917661225423 0.44702854193747044
leaf_count=1573 45 54 57 38 63 16 7 18 9 10 42
internal_value=0 -0.00768629 -0.0162097 0 0.0122124 0.00226306 -0.00810486 0.0143543 0.0100156 -0.0029209 -0.00810486
internal_weight=5.34807 3.29364 1.45279 1.84085 2.05443 1.32275 0.51809 1.68422 1.36009 0.570681 0.604943
internal_count=1932 1797 1672 125 135 64 61 90 72 48 99
is_linear=0
shrinkage=0.03


Tree=119
num_leaves=12
num_cat=0
split_feature=1 2 0 0 1 2 2 1 0 1 0
split_gain=0.557826 0.210152 0.128074 0.0787598 0.0448171 0.111013 0.0276338 0.0183369 0.0122754 0.00887468 0.000321409
threshold=0.2527188684706046 1.2207004806465929 1.0612510697279112 0.75983769627922582 0.77359445008287686 1.7249307768212183 1.7249307768212183 0.00023761515053535005 1.0113039390637699 0.00023761515053535005 0.67656525381936039
decision_type=2 2 2 2 2 2 2 2 2 2 2
left_child=1 2 -1 6 5 -2 -3 8 -5 -4 -6
right_child=4 3 9 7 10 -7 -8 -9 -10 -11 -12
leaf_value=-0.024495531362396274 0.0022602805812193044 -0.008053176869196493 -0.016274354115796381 -0.0028964481439885939 0.0090776314521620431 0.0090776314521620431 -0.0028964481439885939 0.0022602805812193044 -7.5854540531006614e-05 -0.008053176869196493 0.021067265920924425
leaf_weight=0.8309212674139419 0.36888563151296705 0.48126265755854536 0.15593281184555963 0.3187477580795528 0.76736952550709248 0.30550822429358959 0.14500341331586242 0.67858178229653277 0.21046670852228999 0.44269305851776153 0.59071985073387623
leaf_count=1573 72 62 57 32 36 9 8 13 10 42 18
internal_value=0 -0.00764665 -0.0160868 -1.95183e-05 0.0121672 0.00252484 -0.00805318 0.00226028 -0.00241199 -0.00805318 0.0156304
internal_weight=5.29609 3.26361 1.42955 1.83406 2.03248 0.674394 0.626266 1.2078 0.529214 0.598626 1.35809
internal_count=1932 1797 1672 125 135 81 70 55 42 99 54
is_linear=0
shrinkage=0.03


Tree=120
num_leaves=11
num_cat=0
split_feature=1 2 0 0 2 1 1 2 0 1
split_gain=0.543719 0.202646 0.123467 0.0751395 0.0454313 0.203379 0.0320924 0.0266752 0.0110984 0.0086054
threshold=0.2527188684706046 1.2207004806465929 1.0612510697279112 0.69196726636906569 1.7249307768212183 0.77359445008287686 0.00023761515053535005 1.7249307768212183 1.0113039390637699 0.00023761515053535005
decision_type=2 2 2 2 2 2 2 2 2 2
left_child=1 2 -1 7 5 -2 8 -3 -5 -4
right_child=4 3 9 6 -6 -7 -8 -9 -10 -11
leaf_value=-0.024340063406109128 0.0022472741909724532 -0.0080190589779494045 -0.016179561192029266 -0.0028858923934884759 0.02496146524315777 0.01538440737689685 0.0022472741909724532 -0.0028858923934884759 -0.0003193091012580113 -0.0080190589779494045
leaf_weight=0.81444223138532856 0.36427376969368208 0.37896687624743197 0.15393907058751211 0.35961437695368637 0.3052240666002034 1.3423571772873402 0.74405107466736808 0.13611987978219986 0.20885148376692086 0.43839409912470728
leaf_count=1573 72 54 57 38 9 54 16 7 10 42
internal_value=0 -0.00758031 -0.0159605 -7.76508e-05 0.0120749 0.00827134 0.00224727 -0.00801906 -0.00288589 -0.00801906
internal_weight=5.24623 3.23438 1.40678 1.8276 2.01186 1.70663 1.31252 0.515087 0.568466 0.592333
internal_count=1932 1797 1672 125 135 126 64 61 48 99
is_linear=0
shrinkage=0.03


Tree=121
num_leaves=11
num_cat=0
split_feature=1 2 0 0 0 2 1 2 0 1
split_gain=0.526794 0.195029 0.119261 0.0776634 0.0451419 0.0972036 0.02996 0.0253086 0.0109714 0.00817125
threshold=0.2527188684706046 1.2207004806465929 1.0612510697279112 0.69196726636906569 0.8007821470548625 1.7249307768212183 0.00023761515053535005 1.7249307768212183 1.0113039390637699 0.00023761515053535005
decision_type=2 2 2 2 2 2 2 2 2 2
left_child=1 2 -1 7 5 -2 8 -3 -5 -4
right_child=4 3 9 6 -6 -7 -8 -9 -10 -11
leaf_value=-0.02416286791834318 0.0026287175039076197 -0.007959750755614628 -0.016061309336978906 -0.0028640902217596065 0.024539286901398449 0.016309172917902657 0.0022315703120954155 -0.0028640902217596065 -0.00031625995483209566 -0.007959750755614628
leaf_weight=0.79799269359500635 1.3738491774420252 0.37377834841026913 0.15184585971292108 0.36167020698485408 0.31460441336093925 0.30008125491440285 0.74082409261609428 0.13532500853762031 0.2072403343336191 0.43394536955747753
leaf_count=1573 108 54 57 38 18 9 16 7 10 42
internal_value=0 -0.00749391 -0.0158052 -0.000114322 0.0119571 0.00807906 0.00223157 -0.00795975 -0.00286409 -0.00795975
internal_weight=5.19116 3.20262 1.38378 1.81884 1.98853 1.67393 1.30973 0.509103 0.568911 0.585791
internal_count=1932 1797 1672 125 135 117 64 61 48 99
is_linear=0
shrinkage=0.03


Tree=122
num_leaves=11
num_cat=0
split_feature=1 2 0 0 2 1 2 1 0 1
split_gain=0.520112 0.185492 0.114815 0.0758967 0.0415339 0.196397 0.0266068 0.0202176 0.0110133 0.00738779
threshold=0.2527188684706046 1.2207004806465929 1.0612510697279112 0.75983769627922582 1.7249307768212183 0.77359445008287686 1.7249307768212183 0.00023761515053535005 1.0113039390637699 0.00023761515053535005
decision_type=2 2 2 2 2 2 2 2 2 2
left_child=1 2 -1 6 5 -2 -3 8 -5 -4
right_child=4 3 9 7 -6 -7 -8 -9 -10 -11
leaf_value=-0.02400835978862359 0.0022373835303049396 -0.0079614449106319221 -0.015984902349627756 -0.0028620306901634908 0.024659281561472516 0.015250260454271025 -0.0028620306901634908 0.0022373835303049396 -0.00016394700872413126 -0.0079614449106319221
leaf_weight=0.78253930366918234 0.35718970588641208 0.47313253508764308 0.150034045916982 0.32169242121744879 0.29580428078770626 1.3142240000888705 0.14279197296127677 0.66922156978398561 0.20579730372992344 0.42983422882389277
leaf_count=1573 72 62 57 32 9 54 8 13 10 42
internal_value=0 -0.00747341 -0.0156731 -0.000249819 0.0119482 0.0081763 -0.00796144 0.00223738 -0.00256528 -0.00796144
internal_weight=5.14226 3.17504 1.36241 1.81264 1.96722 1.67141 0.615925 1.19671 0.52749 0.579868
internal_count=1932 1797 1672 125 135 126 70 55 42 99
is_linear=0
shrinkage=0.03


Tree=123
num_leaves=12
num_cat=0
split_feature=1 2 0 0 0 2 1 1 2 0 1
split_gain=0.502888 0.183001 0.115049 0.073246 0.0465808 0.0945997 0.0762262 0.0313279 0.0258299 0.0101669 0.00651895
threshold=0.10847587202392477 1.2207004806465929 1.0612510697279112 0.69196726636906569 0.74811773779688162 1.7249307768212183 0.77359445008287686 0.00023761515053535005 1.7249307768212183 1.0113039390637699 0.00023761515053535005
decision_type=2 2 2 2 2 2 2 2 2 2 2
left_child=1 2 -1 8 5 6 -2 9 -3 -5 -4
right_child=4 3 10 7 -6 -7 -8 -9 -10 -11 -12
leaf_value=-0.024210123117132911 0.0021810890293399851 -0.0079647802859282874 -0.0160874517015306 -0.0028918456282941512 0.024399455432017696 0.01611391937639103 0.0092691877080346898 0.0021810890293399851 -0.0028918456282941512 -0.000355378299477083 -0.0079647802859282874
leaf_weight=0.75640185995871456 0.35413346751010955 0.37143378279870365 0.14802341227186844 0.36190657934639581 0.31280561913445115 0.29075255896896113 0.99732177006080747 0.7338560969219543 0.13404657877981663 0.20443779695779085 0.42554087680764496
leaf_count=1552 72 53 57 38 31 9 45 16 7 10 42
internal_value=0 -0.00740807 -0.0156831 -0.000246472 0.0117703 0.00782838 0.00242446 0.00218109 -0.00796478 -0.00289185 -0.00796478
internal_weight=5.09066 3.13565 1.32997 1.80568 1.95501 1.64221 1.35146 1.3002 0.50548 0.566344 0.573564
internal_count=1932 1775 1651 124 157 126 117 64 60 48 99
is_linear=0
shrinkage=0.03


Tree=124
num_leaves=12
num_cat=0
split_feature=1 2 0 0 0 2 1 1 2 0 1
split_gain=0.491932 0.17571 0.111119 0.0703441 0.0442969 0.0929656 0.0739884 0.0323561 0.0261949 0.00958746 0.00595033
threshold=0.10847587202392477 1.2207004806465929 1.0612510697279112 0.69196726636906569 0.74811773779688162 1.7249307768212183 0.77359445008287686 0.00023761515053535005 1.7249307768212183 1.0113039390637699 0.00023761515053535005
decision_type=2 2 2 2 2 2 2 2 2 2 2
left_child=1 2 -1 8 5 6 -2 9 -3 -5 -4
right_child=4 3 10 7 -6 -7 -8 -9 -10 -11 -12
leaf_value=-0.024054161564607705 0.0021828126426160941 -0.0079325831196578201 -0.015993372342132762 -0.0028748852385208634 0.024234917410576411 0.016013727570143247 0.0091970248061098835 0.0021828126426160941 -0.0028748852385208634 -0.00034603629795238459 -0.0079325831196578201
leaf_weight=0.74180831484409304 0.35026386741083093 0.37095268594566722 0.14601400314131752 0.36234023160068296 0.30799734880565655 0.28781010024249543 0.98612645966932178 0.73033480453887023 0.13353954674676061 0.20303110999520868 0.42155907570850104
leaf_count=1552 72 53 57 38 31 9 45 16 7 10 42
internal_value=0 -0.00734981 -0.0155484 -0.000316805 0.0117154 0.00779254 0.00238032 0.00218281 -0.00793258 -0.00287489 -0.00793258
internal_weight=5.04178 3.10958 1.30938 1.8002 1.9322 1.6242 1.33639 1.29571 0.504492 0.565371 0.567573
internal_count=1932 1775 1651 124 157 126 117 64 60 48 99
is_linear=0
shrinkage=0.03


Tree=125
num_leaves=12
num_cat=0
split_feature=1 2 0 0 0 2 1 1 2 0 1
split_gain=0.48143 0.16861 0.106881 0.0668013 0.0423347 0.0914371 0.0717458 0.0334375 0.0270252 0.00898839 0.00551395
threshold=0.10847587202392477 1.2207004806465929 1.0612510697279112 0.69196726636906569 0.74811773779688162 1.7249307768212183 0.77359445008287686 0.00023761515053535005 1.7249307768212183 1.0113039390637699 0.00023761515053535005
decision_type=2 2 2 2 2 2 2 2 2 2 2
left_child=1 2 -1 8 5 6 -2 9 -3 -5 -4
right_child=4 3 10 7 -6 -7 -8 -9 -10 -11 -12
leaf_value=-0.02389476264456512 0.0021847791106917548 -0.0079059126573104398 -0.01590033765093778 -0.0028605667733093421 0.024089934026263894 0.015921834103810761 0.0091273471960831576 0.0021847791106917548 -0.0028605667733093421 -0.0003378938313087938 -0.0079059126573104398
leaf_weight=0.72683264328225072 0.34644542392925337 0.37074074652628031 0.14400278823450208 0.36291906624683157 0.30343872815137718 0.28484799899160851 0.9748907727189362 0.72699965332867578 0.13325945241376758 0.20159427987528034 0.41723095718771219
leaf_count=1552 72 53 57 38 31 9 45 16 7 10 42
internal_value=0 -0.00729387 -0.0154203 -0.00039149 0.0116634 0.00775373 0.00233286 0.00218478 -0.00790591 -0.00286057 -0.00790591
internal_weight=4.9932 3.08358 1.28807 1.79551 1.90962 1.60618 1.32134 1.29151 0.504 0.564513 0.561234
internal_count=1932 1775 1651 124 157 126 117 64 60 48 99
is_linear=0
shrinkage=0.03


Tree=126
num_leaves=10
num_cat=0
split_feature=1 2 0 0 0 2 2 1 0
split_gain=0.469951 0.160498 0.102973 0.0677034 0.0407075 0.0901552 0.0312357 0.00455691 0.00257948
threshold=0.10847587202392477 1.2207004806465929 1.0612510697279112 1.0113039390637699 0.74811773779688162 1.7249307768212183 1.7249307768212183 0.00023761515053535005 0.69196726636906569
decision_type=2 2 2 2 2 2 2 2 2
left_child=1 2 -1 6 5 -2 8 -4 -3
right_child=4 3 7 -5 -6 -7 -8 -9 -10
leaf_value=-0.023726091891744277 0.0022646362395264616 -0.0078726977218276165 -0.015799394806785948 0.0021834233640280706 0.023947560285705469 0.015822027223016531 -0.0015135336181922201 -0.0078726977218276165 -0.0044332361168623515
leaf_weight=0.71094228058791509 1.3061541757488155 0.37102805118774973 0.14159679436124861 0.36337743327021588 0.29898597099236202 0.28176438994705666 0.1909136683680116 0.41278495371807367 0.86599630146520212
leaf_count=1552 117 53 57 13 31 9 11 42 47
internal_value=0 -0.00723083 -0.0152639 -0.00048154 0.0115977 0.00769649 -0.00521049 -0.0078727 -0.00735294
internal_weight=4.94354 3.05664 1.26532 1.79132 1.8869 1.58792 1.42794 0.554382 1.23702
internal_count=1932 1775 1651 124 157 126 111 99 100
is_linear=0
shrinkage=0.03


Tree=127
num_leaves=12
num_cat=0
split_feature=1 2 0 0 0 1 2 0 2 0 1
split_gain=0.463581 0.153314 0.0997564 0.0869238 0.0391463 0.0213338 0.016831 0.0107002 0.0416214 0.0101135 0.00399606
threshold=0.10847587202392477 1.2207004806465929 1.0612510697279112 0.69196726636906569 0.63047152422883579 0.00023761515053535005 1.7249307768212183 0.74811773779688162 1.7249307768212183 1.0113039390637699 0.00023761515053535005
decision_type=2 2 2 2 2 2 2 2 2 2 2
left_child=1 2 -1 6 -2 9 -3 8 -6 -5 -4
right_child=4 3 10 5 7 -7 -8 -9 -10 -11 -12
leaf_value=-0.023581447104423291 0.0021876156229255878 -0.007850121869157763 -0.015715784486790528 -0.0028312531231160878 0.0079160162958482657 0.0021876156229255878 -0.0028312531231160878 0.023750962507050347 0.016502635729453274 -0.00011367594102716067 -0.007850121869157763
leaf_weight=0.69867674815031955 0.33579370312509116 0.34737569277058344 0.13981144473655149 0.38688392893527612 0.95982831278524805 0.71401966526173055 0.13103479938581586 0.29326219056383696 0.27747846581041813 0.20087676119874232 0.41070579760707915
leaf_count=1552 48 53 57 38 69 16 7 31 9 10 42
internal_value=0 -0.00720926 -0.0151307 -0.000569543 0.0115845 0.00218762 -0.00785012 0.0136444 0.00925431 -0.00241497 -0.00785012
internal_weight=4.89575 3.02938 1.24919 1.78019 1.86636 1.30178 0.47841 1.53057 1.23731 0.587761 0.550517
internal_count=1932 1775 1651 124 157 64 60 109 78 48 99
is_linear=0
shrinkage=0.03


Tree=128
num_leaves=12
num_cat=0
split_feature=1 2 0 0 0 1 2 0 2 0 1
split_gain=0.455578 0.146565 0.0955032 0.0864315 0.0370608 0.0217939 0.0157197 0.00982635 0.00979306 0.0420598 0.00369786
threshold=0.10847587202392477 1.2207004806465929 1.0612510697279112 0.69196726636906569 0.63047152422883579 0.00023761515053535005 1.7249307768212183 1.0113039390637699 1.7249307768212183 0.74811773779688162 0.00023761515053535005
decision_type=2 2 2 2 2 2 2 2 2 2 2
left_child=1 2 -1 6 -2 7 -3 -5 9 -6 -4
right_child=4 3 10 5 8 -7 -8 -9 -10 -11 -12
leaf_value=-0.023417169495868174 0.0021853102872300052 -0.0078347484773286322 -0.015625958986598402 -0.0028247190950493133 0.0078758811517111987 0.0021853102872300052 -0.0028247190950493133 -0.00014001263510940144 0.023943242279877118 0.016607883244249923 -0.0078347484773286322
leaf_weight=0.68473642914614197 0.33240524234133761 0.34736007728497487 0.13794818363385275 0.38706553759402573 0.95223523145250488 0.7102770732017234 0.12988761719316244 0.19974199563148431 0.27424862701445807 0.28865340129414108 0.40664249658584595
leaf_count=1552 48 53 57 38 69 16 7 10 9 31 42
internal_value=0 -0.00717353 -0.0150106 -0.000658882 0.0115441 0.00218531 -0.00783475 -0.00246534 0.0135665 0.00927252 -0.00783475
internal_weight=4.8512 3.00366 1.22933 1.77433 1.84754 1.29708 0.477248 0.586808 1.51514 1.24089 0.544591
internal_count=1932 1775 1651 124 157 64 60 48 109 100 99
is_linear=0
shrinkage=0.03


Tree=129
num_leaves=11
num_cat=0
split_feature=1 0 1 2 2 1 2 1 2 0
split_gain=0.448006 0.142065 0.12845 0.085132 0.0490972 0.0365298 0.0894915 0.0251727 0.0123193 0.0191589
threshold=0.10847587202392477 0.74269295122430934 0.00023761515053535005 1.7249307768212183 1.7087961465368255 0.77359445008287686 1.7249307768212183 0.034925949729669011 1.578387011569274 1.0612510697279112
decision_type=2 2 2 2 2 2 2 2 2 2
left_child=1 3 4 7 -3 6 -2 -1 9 -4
right_child=5 2 8 -5 -6 -7 -8 -9 -10 -11
leaf_value=-0.024577946886896688 0.0021792522022465121 -0.0098324560758445111 -0.0038266019367990001 -0.0098324560758445111 -0.0038266019367990001 0.014859047712085542 0.0085191499571660272 -0.016008803088747373 0.0021792522022465121 0.00080721227828623138
leaf_weight=0.64061141257116139 0.34827928205777392 0.64901174545957507 0.32908286780002505 0.13715313747525215 0.20653247088193893 1.2129842033609748 0.26867476478219032 0.055856026207038667 0.55590648204088211 0.40273552376311272
leaf_count=789 94 510 373 8 8 54 9 38 7 42
internal_value=0 -0.00714392 -0.00209792 -0.017567 -0.00983246 0.0115024 0.00217925 -0.0221852 0.00217925 -0.000564828
internal_weight=4.80683 2.97689 2.14327 0.833621 0.855544 1.82994 0.616954 0.696467 1.28772 0.731818
internal_count=1932 1775 940 835 518 157 103 827 422 415
is_linear=0
shrinkage=0.03


Tree=130
num_leaves=12
num_cat=0
split_feature=1 2 0 0 0 2 1 1 2 0 1
split_gain=0.431263 0.142096 0.0888253 0.0844883 0.0364848 0.0842468 0.0644659 0.0187602 0.0161746 0.00875298 0.00527006
threshold=0.10847587202392477 1.2207004806465929 1.0612510697279112 0.69196726636906569 0.74811773779688162 1.7249307768212183 0.77359445008287686 0.00023761515053535005 1.7249307768212183 1.0113039390637699 0.00023761515053535005
decision_type=2 2 2 2 2 2 2 2 2 2 2
left_child=1 2 -1 8 5 6 -2 9 -3 -5 -4
right_child=4 3 10 7 -6 -7 -8 -9 -10 -11 -12
leaf_value=-0.023123952005593671 0.0021562752984035549 -0.0077151878456261569 -0.015419569925609913 -0.0027794562736113007 0.023472333555468555 0.015460847261513873 0.0088085612799587137 0.0021562752984035549 -0.0027794562736113007 0 -0.0077151878456261569
leaf_weight=0.66464778551744552 0.33349611957964931 0.34859750434407022 0.13575667946133763 0.3746602120954774 0.2856058039178605 0.26862017903476942 0.92593815876170993 0.70381705989711918 0.12880011228844523 0.20022565915132873 0.40091488254256546
leaf_count=1552 72 53 57 38 31 9 45 16 7 10 42
internal_value=0 -0.00702693 -0.0148453 -0.000585125 0.0113395 0.00744936 0.00215628 0.00215628 -0.00771519 -0.00209396 -0.00771519
internal_weight=4.77108 2.95742 1.20132 1.7561 1.81366 1.52805 1.25943 1.2787 0.477398 0.574886 0.536672
internal_count=1932 1775 1651 124 157 126 117 64 60 48 99
is_linear=0
shrinkage=0.03


Tree=131
num_leaves=12
num_cat=0
split_feature=1 0 1 2 2 0 2 1 1 2 0
split_gain=0.421148 0.135818 0.116905 0.0859567 0.0490387 0.0349225 0.0829801 0.0624038 0.0241136 0.0120476 0.0173933
threshold=0.10847587202392477 0.74269295122430934 0.00023761515053535005 1.7249307768212183 1.7087961465368255 0.74811773779688162 1.7249307768212183 0.77359445008287686 0.034925949729669011 1.578387011569274 1.0612510697279112
decision_type=2 2 2 2 2 2 2 2 2 2 2
left_child=1 3 4 8 -3 6 7 -2 -1 10 -4
right_child=5 2 9 -5 -6 -7 -8 -9 -10 -11 -12
leaf_value=-0.024207738096909948 0.0021575397189820839 -0.0095865008553617445 -0.0037144805681898303 -0.0095865008553617445 -0.0037144805681898303 0.023323214635144775 0.015360018136653036 0.0087587789278175607 -0.01573268433893505 0.0021575397189820839 0.0008292511330013129
leaf_weight=0.63336287416314041 0.33030068840889704 0.63361510138929622 0.32299154696374877 0.13599552400410175 0.20875400863587856 0.28157008314155962 0.26579855009913433 0.91510982811450958 0.054071785743872169 0.54939462058246136 0.3967467718757689
leaf_count=789 72 510 373 8 8 31 9 45 38 7 42
internal_value=0 -0.00696205 -0.00196804 -0.017205 -0.0095865 0.0112771 0.00739682 0.00215754 -0.0218789 0.00215754 -0.000499037
internal_weight=4.72771 2.93493 2.1115 0.82343 0.842369 1.79278 1.51121 1.24541 0.687435 1.26913 0.719738
internal_count=1932 1775 940 835 518 157 126 117 827 422 415
is_linear=0
shrinkage=0.03


Tree=132
num_leaves=11
num_cat=0
split_feature=1 2 0 0 2 1 2 1 1 0
split_gain=0.413217 0.167972 0.0815101 0.064209 0.0328118 0.158343 0.0231101 0.0196881 0.0133441 0.00885569
threshold=0.2527188684706046 1.301001671769199 1.0612510697279112 0.69196726636906569 1.7249307768212183 0.77359445008287686 1.7249307768212183 0.00023761515053535005 0.00023761515053535005 1.0113039390637699
decision_type=2 2 2 2 2 2 2 2 2 2
left_child=1 2 -1 6 5 -2 -3 9 -4 -5
right_child=4 3 8 7 -6 -7 -8 -9 -10 -11
leaf_value=-0.022991056490715769 0.0022474156727733171 -0.0076007417378503896 -0.015295899114283079 -0.0026766630325385358 0.023580370222647879 0.014329863520295338 -0.0026766630325385358 0.0022474156727733171 -0.0076007417378503896 0
leaf_weight=0.67531597109336894 0.32697841874323752 0.33235971172689449 0.13765919313300401 0.39260480925440766 0.26386917009949673 1.1740614688023925 0.12819584598764777 0.70131055219098926 0.39629621885251254 0.19852327340049669
leaf_count=1587 72 47 57 34 9 54 7 14 42 9
internal_value=0 -0.00681309 -0.0152015 0 0.0113079 0.00749285 -0.00760074 0.00224742 -0.00760074 -0.00200396
internal_weight=4.72717 2.96227 1.20927 1.75299 1.76491 1.50104 0.460556 1.29244 0.533955 0.591128
internal_count=1932 1797 1686 111 135 126 54 57 99 43
is_linear=0
shrinkage=0.03


Tree=133
num_leaves=11
num_cat=0
split_feature=1 2 0 0 0 2 2 1 1 0
split_gain=0.399748 0.164956 0.0784793 0.0642299 0.0322826 0.0798354 0.0221037 0.0184519 0.013267 0.00800476
threshold=0.2527188684706046 1.301001671769199 1.0612510697279112 0.69196726636906569 0.8007821470548625 1.7249307768212183 1.7249307768212183 0.00023761515053535005 0.00023761515053535005 1.0113039390637699
decision_type=2 2 2 2 2 2 2 2 2 2
left_child=1 2 -1 6 5 -2 -3 9 -4 -5
right_child=4 3 8 7 -6 -7 -8 -9 -10 -11
leaf_value=-0.022872645346860117 0.0022409395066255383 -0.0075577993266347405 -0.015215222336747429 -0.0026584299100046011 0.023170398699951539 0.015245336691933653 -0.0026584299100046011 0.0022409395066255383 -0.0075577993266347405 0
leaf_weight=0.66198201139923207 1.2143721348402321 0.33924854491488066 0.13588389649521559 0.38929799968900602 0.27094765822403122 0.25949383061379183 0.1266574296168983 0.70138427650090307 0.39215960842557251 0.19660508877132088
leaf_count=1587 108 47 57 34 18 9 7 14 42 9
internal_value=0 -0.00671238 -0.0151156 0 0.0111943 0.00732027 -0.0075578 0.00224094 -0.0075578 -0.0018354
internal_weight=4.68803 2.94322 1.19003 1.75319 1.74481 1.47387 0.465906 1.28729 0.528044 0.585903
internal_count=1932 1797 1686 111 135 117 54 57 99 43
is_linear=0
shrinkage=0.03


Tree=134
num_leaves=12
num_cat=0
split_feature=1 2 0 0 0 2 1 1 0 2 0
split_gain=0.396507 0.15926 0.0750348 0.0675233 0.031587 0.0200471 0.0178256 0.0136676 0.00755639 0.00673242 0.03435
threshold=0.2527188684706046 1.301001671769199 1.0612510697279112 0.69196726636906569 0.63047152422883579 1.7249307768212183 0.00023761515053535005 0.00023761515053535005 1.0113039390637699 1.7249307768212183 0.8007821470548625
decision_type=2 2 2 2 2 2 2 2 2 2 2
left_child=1 2 -1 5 -2 -3 8 -4 -5 10 -6
right_child=4 3 7 6 9 -7 -8 -9 -10 -11 -12
leaf_value=-0.022751914354321792 0.002251596969726097 -0.0075298850084329644 -0.015140899681377377 -0.0026391440193534337 0.0077010246896198811 -0.0026391440193534337 0.002251596969726097 -0.0075298850084329644 0 0.023270276151668063 0.016039236427026204
leaf_weight=0.64949314947443804 0.31123533808568016 0.32894975494127709 0.13479695710702799 0.39377358093042836 0.8945383508398661 0.12602359149605036 0.70345638471189886 0.38848213921301067 0.19605408707866445 0.25603083707392205 0.26554716823739
leaf_count=1587 45 47 57 34 63 7 14 42 9 9 18
internal_value=0 -0.00670513 -0.0150486 -1.12193e-05 0.0112083 -0.00752989 0.0022516 -0.00752989 -0.00168816 0.0131505 0.0088082
internal_weight=4.64838 2.92103 1.17277 1.74826 1.72735 0.454973 1.29328 0.523279 0.589828 1.41612 1.16009
internal_count=1932 1797 1686 111 135 54 57 99 43 90 81
is_linear=0
shrinkage=0.03


Tree=135
num_leaves=12
num_cat=0
split_feature=1 2 1 0 0 0 2 1 0 0 2
split_gain=0.389241 0.152841 0.0737549 0.0627873 0.0387635 0.0298242 0.0211909 0.0188962 0.00777364 0.00631718 0.0314213
threshold=0.2527188684706046 1.2207004806465929 0.00023761515053535005 0.69196726636906569 1.0612510697279112 0.63047152422883579 1.7249307768212183 0.00023761515053535005 1.0113039390637699 0.8007821470548625 1.7249307768212183
decision_type=2 2 2 2 2 2 2 2 2 2 2
left_child=1 2 -1 6 -4 -2 -3 8 -5 10 -7
right_child=5 3 4 7 -6 9 -8 -9 -10 -11 -12
leaf_value=-0.024923805087951074 0.002248805948789896 -0.0075405453895178911 -0.015375056085289964 -0.0026458697203639975 -0.0075405453895178911 0.0076590548806837813 -0.0026458697203639975 0.002248805948789896 0 0.022910299823350175 0.01578634658263544
leaf_weight=0.47267249278957046 0.30819723964668799 0.33185541260172602 0.29147488687522127 0.3943821316497631 0.3846729671349749 0.88768771619652376 0.12536739464849234 0.70122988836374134 0.19608580245403573 0.26340456759498909 0.25082707777619362
leaf_count=1037 45 54 593 38 42 63 7 16 10 18 9
internal_value=0 -0.00666569 -0.0149658 -0.000115307 -0.00754055 0.0111633 -0.00754055 0.00224881 -0.00182279 0.0130693 0.00866239
internal_weight=4.60786 2.89774 1.14882 1.74892 0.676148 1.71012 0.457223 1.2917 0.590468 1.40192 1.13851
internal_count=1932 1797 1672 125 635 135 61 64 48 90 72
is_linear=0
shrinkage=0.03


Tree=136
num_leaves=11
num_cat=0
split_feature=1 2 1 0 0 1 2 2 1 0
split_gain=0.38265 0.144371 0.0711327 0.0619336 0.0371321 0.0283995 0.0774355 0.021725 0.0176031 0.00820028
threshold=0.2527188684706046 1.2207004806465929 0.00023761515053535005 0.69196726636906569 1.0612510697279112 0.77359445008287686 1.7249307768212183 1.7249307768212183 0.00023761515053535005 1.0113039390637699
decision_type=2 2 2 2 2 2 2 2 2 2
left_child=1 2 -1 7 -4 6 -2 -3 9 -5
right_child=5 3 4 8 -6 -7 -8 -9 -10 -11
leaf_value=-0.024754773007438426 0.0022453829862283561 -0.0075159805241360031 -0.015172326875931263 -0.0026352987689538237 -0.0075159805241360031 0.014264139447286682 0.0082547612167575193 -0.0026352987689538237 0.0022453829862283561 0
leaf_weight=0.46140547017057565 0.31801429858023733 0.32861712132580567 0.28784080011610058 0.39357949024997629 0.38134270207956433 1.1267957296222448 0.24801343586295843 0.12554596969857812 0.69662654623971321 0.1974610380420927
leaf_count=1037 72 54 593 38 42 54 9 7 16 10
internal_value=0 -0.00663499 -0.0147969 -0.000235039 -0.00751598 0.0111258 0.00224538 -0.00751598 0.00224538 -0.00158054
internal_weight=4.56524 2.87242 1.13059 1.74183 0.669184 1.69282 0.566028 0.454163 1.28767 0.591041
internal_count=1932 1797 1672 125 635 135 81 61 64 48
is_linear=0
shrinkage=0.03


Tree=137
num_leaves=11
num_cat=0
split_feature=1 2 1 0 0 0 2 2 1 0
split_gain=0.370827 0.138095 0.0687873 0.0591397 0.0359111 0.0284168 0.0741941 0.022085 0.0181599 0.00864029
threshold=0.2527188684706046 1.2207004806465929 0.00023761515053535005 0.69196726636906569 1.0612510697279112 0.8007821470548625 1.7249307768212183 1.7249307768212183 0.00023761515053535005 1.0113039390637699
decision_type=2 2 2 2 2 2 2 2 2 2
left_child=1 2 -1 7 -4 6 -2 -3 9 -5
right_child=5 3 4 8 -6 -7 -8 -9 -10 -11
leaf_value=-0.024587131228718584 0.0022207033837587328 -0.0074551553590201007 -0.014983202427724777 -0.0026172259876306842 -0.0074551553590201007 0.022758011262478142 0.014946518022085312 -0.0026172259876306842 0.0022207033837587328 0
leaf_weight=0.45039050104969669 1.1723042848752809 0.32952481348183926 0.2845172697561793 0.39341726049315162 0.3778815307887271 0.25855700898682688 0.24822662398219097 0.12498274445533752 0.69184542572475038 0.19802024692762643
leaf_count=1037 108 54 593 38 42 18 9 7 16 10
internal_value=0 -0.00655538 -0.0146273 -0.000282984 -0.00745516 0.0109968 0.00713502 -0.00745516 0.0022207 -0.00171379
internal_weight=4.52967 2.85058 1.11279 1.73779 0.662399 1.67909 1.42053 0.454508 1.28328 0.591438
internal_count=1932 1797 1672 125 635 135 117 61 64 48
is_linear=0
shrinkage=0.03


Tree=138
num_leaves=12
num_cat=0
split_feature=1 0 2 2 0 2 1 0 1 0 0
split_gain=0.363392 0.110486 0.105064 0.0346508 0.0298676 0.0729833 0.0526634 0.0227284 0.022715 0.0119049 0.0272551
threshold=0.10847587202392477 1.0113039390637699 1.7249307768212183 1.578387011569274 0.74811773779688162 1.7249307768212183 0.77359445008287686 0.69196726636906569 0.012030598410506252 0.69320439165226522 0.78376378816657
decision_type=2 2 2 2 2 2 2 2 2 2 2
left_child=1 2 7 8 5 6 -2 -1 -3 -9 -11
right_child=4 3 -4 -5 -6 -7 -8 9 -10 10 -12
leaf_value=-0.022418573682081815 0.0021619493101572261 -0.0052245583990247818 -0.0052245583990247818 0.0021619493101572261 0.02272360602088995 0.014856193176815991 0.0085090712434866093 -0.0097821595116598156 -0.0011158515141148522 -0.0097821595116598156 -0.0097821595116598156
leaf_weight=0.51048150144924909 0.31210962575278223 0.2778562048151797 0.22162920283153642 0.33651619218289852 0.25929549340071378 0.24354080203920592 0.8509504608809948 0.034847887531213817 0.32696166943060234 0.2507615418435305 0.83458398488073726
leaf_count=725 72 214 11 8 31 9 45 2 99 153 563
internal_value=0 -0.00657896 -0.0108122 0.000363106 0.0109029 0.00698878 0.00216195 -0.0143398 -0.00439365 -0.00978216 -0.00978216
internal_weight=4.45953 2.79364 1.8523 0.941334 1.6659 1.4066 1.16306 1.63067 0.604818 1.12019 1.08535
internal_count=1932 1775 1454 321 157 126 117 1443 313 718 716
is_linear=0
shrinkage=0.03


Tree=139
num_leaves=10
num_cat=0
split_feature=1 2 0 0 2 0 2 1 1
split_gain=0.353796 0.114937 0.0657823 0.0555417 0.0512725 0.0284946 0.0719968 0.0510645 0.0042448
threshold=0.10847587202392477 1.2207004806465929 1.0612510697279112 1.0113039390637699 1.7249307768212183 0.74811773779688162 1.7249307768212183 0.77359445008287686 0.00023761515053535005
decision_type=2 2 2 2 2 2 2 2 2
left_child=1 2 -1 4 -3 6 7 -2 -4
right_child=5 3 8 -5 -6 -7 -8 -9 -10
leaf_value=-0.022045421949877447 0.0021718446675463815 -0.0073647111523670603 -0.013835975860383284 0.0021718446675463815 -0.0013527541990549252 0.022548000207827178 0.014737449398267289 0.0084546470329068361 -0.0073647111523670603
leaf_weight=0.5742815846388114 0.30928236404724863 1.1555553590005727 0.12004998532938771 0.34511622056015756 0.21846396382898081 0.25596465028502269 0.24132158420979966 0.84266812307760119 0.37436500785406679
leaf_count=1552 72 100 57 13 11 31 9 45 42
internal_value=0 -0.00648252 -0.0140859 -0.000643482 -0.00487735 0.0108262 0.0069269 0.00217184 -0.00736471
internal_weight=4.43707 2.78783 1.0687 1.71914 1.37402 1.64924 1.39327 1.15195 0.494415
internal_count=1932 1775 1651 124 111 157 126 117 99
is_linear=0
shrinkage=0.03


Tree=140
num_leaves=12
num_cat=0
split_feature=1 2 1 0 0 0 1 2 0 0 2
split_gain=0.345558 0.111453 0.0644777 0.0515612 0.0289953 0.028131 0.0258178 0.019463 0.0106816 0.00605337 0.0284888
threshold=0.10847587202392477 1.2207004806465929 0.00023761515053535005 0.69196726636906569 1.0612510697279112 0.63047152422883579 0.00023761515053535005 1.7249307768212183 1.0113039390637699 0.74811773779688162 1.7249307768212183
decision_type=2 2 2 2 2 2 2 2 2 2 2
left_child=1 2 -1 7 -4 -2 8 -3 -5 10 -7
right_child=5 3 4 6 -6 9 -8 -9 -10 -11 -12
leaf_value=-0.024025683202923385 0.0021612403482760465 -0.0073079229027014402 -0.014245556563651984 -0.00287503729878473 -0.0073079229027014402 0.0073990177280107315 0.0021612403482760465 -0.00287503729878473 -0.00035689847525434171 0.022367560620510658 0.015265883245878973
leaf_weight=0.42138649744447343 0.29478264231875062 0.29589581323671144 0.26295400609524222 0.40362941785133422 0.372231270885095 0.8455854310741413 0.66981878102524206 0.12279696902260184 0.21343943104147911 0.25249731202347891 0.23918682243674994
leaf_count=1037 48 53 572 38 42 69 16 7 10 31 9
internal_value=0 -0.00643362 -0.0139705 -0.000645337 -0.00730792 0.0107561 0.00155785 -0.00730792 -0.00287504 0.0126368 0.00816421
internal_weight=4.3942 2.76215 1.05657 1.70558 0.635185 1.63205 1.28689 0.418693 0.617069 1.33727 1.08477
internal_count=1932 1775 1651 124 614 157 64 60 48 109 78
is_linear=0
shrinkage=0.03


Tree=141
num_leaves=10
num_cat=0
split_feature=1 2 1 0 2 0 0 2 0
split_gain=0.341503 0.10574 0.0622735 0.0520085 0.0488029 0.0279799 0.026641 0.00472095 0.0287807
threshold=0.10847587202392477 1.2207004806465929 0.00023761515053535005 1.0113039390637699 1.7249307768212183 1.0612510697279112 0.63047152422883579 1.7249307768212183 0.74811773779688162
decision_type=2 2 2 2 2 2 2 2 2
left_child=1 2 -1 4 -3 -4 -2 8 -8
right_child=6 3 5 -5 -6 -7 7 -9 -10
leaf_value=-0.023872952478842517 0.0021547791896464998 -0.0072850753488660101 -0.014080695457863831 0.0021547791896464998 -0.00133231990038245 -0.0072850753488660101 0.0073672899027419046 0.022490858495536389 0.015353017340020992
leaf_weight=0.41323934904357906 0.29215580715390377 1.133278697292553 0.26072874342571595 0.34481683745980252 0.21636508731171478 0.36959180992562324 0.84077666322991695 0.237012612633407 0.24874604371871101
leaf_count=1037 48 100 572 13 11 42 69 9 31
internal_value=0 -0.00642468 -0.0138345 -0.000735605 -0.00481942 -0.00728508 0.0107342 0.0125798 0.00821518
internal_weight=4.35671 2.73802 1.04356 1.69446 1.34964 0.630321 1.61869 1.32654 1.08952
internal_count=1932 1775 1651 124 111 614 157 109 100
is_linear=0
shrinkage=0.03


Tree=142
num_leaves=11
num_cat=0
split_feature=1 2 0 0 1 2 1 2 0 1
split_gain=0.334792 0.101896 0.0603678 0.0497946 0.0275756 0.0697737 0.0270413 0.0181409 0.0102383 0.00215128
threshold=0.10847587202392477 1.2207004806465929 1.0612510697279112 0.69196726636906569 0.77359445008287686 1.7249307768212183 0.00023761515053535005 1.7249307768212183 1.0113039390637699 0.00023761515053535005
decision_type=2 2 2 2 2 2 2 2 2 2
left_child=1 2 -1 7 5 -2 8 -3 -5 -4
right_child=4 3 9 6 -6 -7 -8 -9 -10 -11
leaf_value=-0.021603132833252745 0.0021457872169453043 -0.0072326268521841781 -0.013081996888438583 -0.0029251585083549933 0.01386592723138374 0.0080058572241645237 0.0021457872169453043 -0.0029251585083549933 -0.00038968564570484438 -0.0072326268521841781
leaf_weight=0.55064266647605131 0.31576349114766311 0.28499350030324411 0.11427657882450148 0.40141756876255363 1.0555862728506327 0.23247592244297266 0.66532952725538053 0.12221886636689305 0.20829242895706557 0.3681025926489383
leaf_count=1552 94 53 57 38 54 9 16 7 10 42
internal_value=0 -0.00638583 -0.0137068 -0.000758427 0.0106774 0.00214579 0.00138231 -0.00723263 -0.00292516 -0.00723263
internal_weight=4.3191 2.71527 1.03302 1.68225 1.60383 0.548239 1.27504 0.407212 0.60971 0.482379
internal_count=1932 1775 1651 124 157 103 64 60 48 99
is_linear=0
shrinkage=0.03


Tree=143
num_leaves=12
num_cat=0
split_feature=1 2 1 0 1 0 0 2 0 0 2
split_gain=0.326719 0.098057 0.0593588 0.0478054 0.027658 0.0261832 0.0255795 0.0177634 0.00976413 0.00591248 0.0268125
threshold=0.10847587202392477 1.2207004806465929 0.00023761515053535005 0.69196726636906569 0.00023761515053535005 0.63047152422883579 1.0612510697279112 1.7249307768212183 1.0113039390637699 0.74811773779688162 1.7249307768212183
decision_type=2 2 2 2 2 2 2 2 2 2 2
left_child=1 2 -1 7 8 -2 -4 -3 -5 10 -7
right_child=5 3 6 4 -6 9 -8 -9 -10 -11 -12
leaf_value=-0.023615520202788183 0.0021182542737736842 -0.0071880814290576026 -0.013642771011163108 -0.0029540725016449164 0.0021182542737736842 0.0072624336457834376 -0.0071880814290576026 -0.0029540725016449164 -0.00041790911393561615 0.022088569908286348 0.015000391385720353
leaf_weight=0.39973427790027949 0.28613148460863147 0.28175797412404779 0.25449101278354647 0.40159788454184286 0.66233641764847562 0.8276109026483025 0.36471271724440157 0.12129836669191718 0.20557889575138688 0.24658444915985445 0.23307090811431408
leaf_count=1037 48 53 572 38 16 69 42 7 10 31 9
internal_value=0 -0.00634023 -0.0135889 -0.000787254 0.00127994 0.0105767 -0.00718808 -0.00718808 -0.00295407 0.0124066 0.00791221
internal_weight=4.28491 2.69151 1.01894 1.67257 1.26951 1.5934 0.619204 0.403056 0.607177 1.30727 1.06068
internal_count=1932 1775 1651 124 64 157 614 60 48 109 78
is_linear=0
shrinkage=0.03


Tree=144
num_leaves=10
num_cat=0
split_feature=1 2 1 0 2 0 0 0 2
split_gain=0.322642 0.0930346 0.0569372 0.0470467 0.0456608 0.0248034 0.0247256 0.0046337 0.0258306
threshold=0.10847587202392477 1.2207004806465929 0.00023761515053535005 1.0113039390637699 1.7249307768212183 0.63047152422883579 1.0612510697279112 0.74811773779688162 1.7249307768212183
decision_type=2 2 2 2 2 2 2 2 2
left_child=1 2 -1 4 -3 -2 -4 8 -7
right_child=5 3 6 -5 -6 7 -8 -9 -10
leaf_value=-0.023450626587483828 0.0021150647593911795 -0.0071645451098980469 -0.013474570324324271 0.0021150647593911795 -0.001292910138903155 0.0072334130105094051 -0.0071645451098980469 0.021926520406227119 0.014907172619598622
leaf_weight=0.39158284113000286 0.2835924875398631 1.1193748424993826 0.25219719054439338 0.33221689687343303 0.21242882777005423 0.8222685835935406 0.36207319272216409 0.24312585689767718 0.23083797283470631
leaf_count=1037 48 100 572 13 11 69 42 31 9
internal_value=0 -0.00632482 -0.013458 -0.000871055 -0.00470089 0.010555 -0.00716455 0.0123518 0.00788782
internal_weight=4.2497 2.66987 1.00585 1.66402 1.3318 1.57982 0.61427 1.29623 1.05311
internal_count=1932 1775 1651 124 111 157 614 109 78
is_linear=0
shrinkage=0.03


Tree=145
num_leaves=9
num_cat=0
split_feature=1 2 1 0 2 1 2 0
split_gain=0.315767 0.0894161 0.0549101 0.0448666 0.0435124 0.0243988 0.0672623 0.0242285
threshold=0.10847587202392477 1.2207004806465929 0.00023761515053535005 1.0113039390637699 1.7249307768212183 0.77359445008287686 1.7249307768212183 1.0612510697279112
decision_type=2 2 2 2 2 2 2 2
left_child=1 2 -1 4 -3 6 -2 -4
right_child=5 3 7 -5 -6 -7 -8 -9
leaf_value=-0.023288966245523967 0.0021103591175914973 -0.0071092786102138587 -0.013329097716176522 0.0021103591175914973 -0.0012538291982515674 0.013599678610842499 0.0078550188642169966 -0.0071092786102138587
leaf_weight=0.38399936282803571 0.31016850833839238 1.1166410333389647 0.25037513539791689 0.32872007123660285 0.21047746343538154 1.0259998980909586 0.22836493700742722 0.36029959993902594
leaf_count=1037 94 100 572 13 11 54 9 42
internal_value=0 -0.00627498 -0.0133233 -0.000895238 -0.00461802 0.0104957 0.00211036 -0.00710928
internal_weight=4.21505 2.65051 0.994674 1.65584 1.32712 1.56453 0.538533 0.610675
internal_count=1932 1775 1651 124 111 157 103 614
is_linear=0
shrinkage=0.03


Tree=146
num_leaves=10
num_cat=0
split_feature=1 2 0 0 1 2 1 2 0
split_gain=0.304661 0.0863947 0.0535493 0.043517 0.0281948 0.0252109 0.125499 0.0163618 0.00916668
threshold=0.10847587202392477 1.2207004806465929 1.0612510697279112 0.69196726636906569 0.00023761515053535005 1.7249307768212183 0.77359445008287686 1.7249307768212183 1.0113039390637699
decision_type=2 2 2 2 2 2 2 2 2
left_child=1 2 -1 7 8 6 -2 -3 -5
right_child=5 3 -4 4 -6 -7 -8 -9 -10
leaf_value=-0.020973189354872961 0.0020849474433572595 -0.0070200047937505139 -0.0070200047937505139 -0.0029901554238379235 0.0020849474433572595 0.022133310451095452 0.013276467426289847 -0.0029901554238379235 -0.00045260399024033205
leaf_weight=0.51864064798428477 0.30663018737686765 0.27526702513569024 0.46407080025528558 0.39509065930906195 0.65705188681022264 0.22853481303900469 1.0167141743004322 0.11982756014913321 0.20237143145641312
leaf_count=1552 94 53 99 38 16 9 54 7 10
internal_value=0 -0.00618237 -0.0131646 -0.000875419 0.00103969 0.0103523 0.00649377 -0.00702 -0.00299016
internal_weight=4.1842 2.63232 0.982711 1.64961 1.25451 1.55188 1.32334 0.395095 0.597462
internal_count=1932 1775 1651 124 64 157 148 60 48
is_linear=0
shrinkage=0.03


Tree=147
num_leaves=9
num_cat=0
split_feature=1 2 1 0 2 0 2 0
split_gain=0.296848 0.0836143 0.052705 0.0422494 0.041281 0.0261037 0.0680071 0.0220568
threshold=0.10847587202392477 1.2207004806465929 0.00023761515053535005 1.0113039390637699 1.7249307768212183 0.74811773779688162 1.7249307768212183 1.0612510697279112
decision_type=2 2 2 2 2 2 2 2
left_child=1 2 -1 4 -3 6 -2 -4
right_child=5 3 7 -5 -6 -7 -8 -9
leaf_value=-0.023022116174960496 0.0020729865045659335 -0.0069653265970577652 -0.012872985835266774 0.0020729865045659335 -0.0012163007909243189 0.021788285103211007 0.014045899564923093 -0.0069653265970577652
leaf_weight=0.37100100433963268 1.0724775615235556 1.1103187544940736 0.24399964067924884 0.32383538180147287 0.20743976347148407 0.23923379635380104 0.22526834439486254 0.35486387385753915
leaf_count=1037 117 100 572 13 11 31 9 42
internal_value=0 -0.0061235 -0.0130522 -0.000878418 -0.00450559 0.0102695 0.00630351 -0.00696533
internal_weight=4.14844 2.61146 0.969865 1.64159 1.31776 1.53698 1.29775 0.598864
internal_count=1932 1775 1651 124 111 157 126 614
is_linear=0
shrinkage=0.03


Tree=148
num_leaves=10
num_cat=0
split_feature=1 2 1 0 1 0 2 2 0
split_gain=0.290325 0.0806819 0.0958624 0.0462984 0.0256521 0.02446 0.00910807 0.00451422 0.0247788
threshold=0.10847587202392477 1.578387011569274 0.025834084719006153 0.69196726636906569 0.00023761515053535005 0.63047152422883579 1.7249307768212183 1.7249307768212183 0.74811773779688162
decision_type=2 2 2 2 2 2 2 2 2
left_child=1 2 -1 6 -5 -2 -3 8 -7
right_child=5 3 -4 4 -6 7 -8 -9 -10
leaf_value=-0.017547583488520587 0.0020788244123313153 -0.0061251731089303658 -0.0061251731089303658 -0.0020243768463780788 0.0020788244123313153 0.0070459459504206784 -0.0020243768463780788 0.021821442812535608 0.014701747468893304
leaf_weight=0.82495447218025242 0.27173568798752956 0.24756973655894388 0.30558004589693155 0.5725759472697971 0.52804577723145485 0.79173757538956102 0.11873422749340534 0.22214824054390181 0.23476184300670866
leaf_count=1537 48 25 173 25 8 69 7 9 31
internal_value=0 -0.00606186 -0.0119929 -0.000257397 0.00207642 0.0102195 -0.00612517 0.0120131 0.00758205
internal_weight=4.11784 2.59746 1.13053 1.46693 1.10062 1.52038 0.366304 1.24865 1.0265
internal_count=1932 1775 1710 65 33 157 32 109 100
is_linear=0
shrinkage=0.03


Tree=149
num_leaves=10
num_cat=0
split_feature=1 1 2 0 0 2 0 2 0
split_gain=0.284949 0.0853159 0.089433 0.0626059 0.0226309 0.0175826 0.0090122 0.00229407 0.0219706
threshold=0.2527188684706046 0.00017554414599960002 1.7087961465368255 0.69196726636906569 0.63047152422883579 1.578387011569274 1.0612510697279112 1.7249307768212183 0.8007821470548625
decision_type=2 2 2 2 2 2 2 2 2
left_child=1 2 -1 -3 -2 6 -5 8 -6
right_child=4 3 -4 5 7 -7 -8 -9 -10
leaf_value=-0.017632579470936507 0.0021403528084895083 -0.0061421400138147071 -0.0061421400138147071 -0.0020008936026625992 0.0070734402879797237 0.0021403528084895083 0.00031474094589267873 0.021600981595178276 0.014595728010484903
leaf_weight=0.80276382976080662 0.26741188719461195 0.27541833658324311 0.30810639122501016 0.33510016868240178 0.78190978430211522 0.52543863840401173 0.35310735448729247 0.21793690044432867 0.2258298413362354
leaf_count=1010 45 244 17 474 63 8 44 9 18
internal_value=0 -0.00596786 -0.0121415 -0.000142761 0.0102486 0.00214035 -0.00151087 0.0120065 0.00759047
internal_weight=4.09302 2.59993 1.11087 1.48906 1.49309 1.21365 0.688208 1.22568 1.00774
internal_count=1932 1797 1027 770 135 526 518 90 81
is_linear=0
shrinkage=0.03


Tree=150
num_leaves=9
num_cat=0
split_feature=1 1 2 0 1 2 2 0
split_gain=0.282372 0.0827683 0.0960104 0.0646383 0.0232323 0.059808 0.0162503 0.00838496
threshold=0.2527188684706046 0.00017554414599960002 1.7087961465368255 0.69196726636906569 0.77359445008287686 1.7249307768212183 1.578387011569274 1.0612510697279112
decision_type=2 2 2 2 2 2 2 2
left_child=1 2 -1 -3 5 -2 7 -5
right_child=4 3 -4 6 -6 -7 -8 -9
leaf_value=-0.017858675092238714 0.0021356426360647652 -0.0061567823327376807 -0.0061567823327376807 -0.0020105698483364582 0.013277112196379929 0.0077063774162223469 0.0021356426360647652 0.00026266801433161361
leaf_weight=0.78994992479783854 0.28613432774727676 0.27540845964540484 0.30567729333415627 0.33187479108892126 0.98197110230103135 0.2142784595489502 0.52391021512448788 0.35282946593360975
leaf_count=1010 72 244 17 474 54 9 8 44
internal_value=0 -0.00596505 -0.0121095 -0.000204039 0.0102363 0.00213564 0.00213564 -0.00130593
internal_weight=4.06203 2.57965 1.09563 1.48402 1.48238 0.500413 1.20861 0.684704
internal_count=1932 1797 1027 770 135 81 526 518
is_linear=0
shrinkage=0.03


Tree=151
num_leaves=10
num_cat=0
split_feature=1 2 1 0 0 2 1 2 0
split_gain=0.272436 0.0774563 0.0950995 0.04372 0.023883 0.0624304 0.0211864 0.010423 0.000413957
threshold=0.10847587202392477 1.578387011569274 0.025834084719006153 0.69196726636906569 0.74811773779688162 1.7249307768212183 0.00023761515053535005 1.7249307768212183 0.94926541252245089
decision_type=2 2 2 2 2 2 2 2 2
left_child=1 2 -1 7 5 -2 8 -3 -5
right_child=4 3 -4 6 -6 -7 -8 -9 -10
leaf_value=-0.017400374857842956 0.0020568055938627984 -0.005960477060768828 -0.005960477060768828 -0.001951835733453015 0.021338229052212825 0.013693449479570276 0.0020568055938627984 -0.001951835733453015 0
leaf_weight=0.80491696498211263 1.0382546242763053 0.24500171002000559 0.30519168661339791 0.23496853420510866 0.23127815072075453 0.21425015479326237 0.51876684464514256 0.11880541453137994 0.32296130433678627
leaf_count=1537 117 25 173 14 31 9 8 7 11
internal_value=0 -0.00591414 -0.0117672 -0.000153735 0.0100278 0.00604867 0.00205681 -0.00596048 -0.00195184
internal_weight=4.0344 2.55061 1.11011 1.4405 1.48378 1.2525 1.0767 0.363807 0.55793
internal_count=1932 1775 1710 65 157 126 33 32 25
is_linear=0
shrinkage=0.03


Tree=152
num_leaves=10
num_cat=0
split_feature=1 1 2 0 0 2 0 0 2
split_gain=0.272118 0.0768114 0.0917245 0.062017 0.0207383 0.0155406 0.00804552 0.00139043 0.0189858
threshold=0.2527188684706046 0.00017554414599960002 1.7087961465368255 0.69196726636906569 0.63047152422883579 1.578387011569274 1.0556606318427957 0.8007821470548625 1.7249307768212183
decision_type=2 2 2 2 2 2 2 2 2
left_child=1 2 -1 -3 -2 6 -5 8 -6
right_child=4 3 -4 5 7 -7 -8 -9 -10
leaf_value=-0.017547787501902959 0.0021258615325169465 -0.0060737363673538259 -0.0060737363673538259 -0.0019739374174184395 0.0069856785447789862 0.0021258615325169465 0.0002480190283740152 0.021128986913018503 0.014250929928066494
leaf_weight=0.77630410140773187 0.26122727889742225 0.27500700304153713 0.30013970518484712 0.32990664163298766 0.76562596540315986 0.51790807582437992 0.34961766442575026 0.21972921866108663 0.21202694531530142
leaf_count=1010 45 244 17 473 63 8 45 18 9
internal_value=0 -0.0058831 -0.0118797 -0.000267816 0.0101348 0.00212586 -0.00118075 0.0118455 0.00737287
internal_weight=4.00749 2.54888 1.07644 1.47244 1.45861 1.19743 0.679524 1.19738 0.977653
internal_count=1932 1797 1027 770 135 526 518 90 72
is_linear=0
shrinkage=0.03


Tree=153
num_leaves=9
num_cat=0
split_feature=1 1 2 0 1 2 2 0
split_gain=0.26768 0.0746353 0.0959784 0.0602927 0.0207679 0.0574826 0.0152871 0.00753234
threshold=0.2527188684706046 0.00017554414599960002 1.7087961465368255 0.69196726636906569 0.77359445008287686 1.7249307768212183 1.578387011569274 1.0556606318427957
decision_type=2 2 2 2 2 2 2 2
left_child=1 2 -1 -3 5 -2 7 -5
right_child=4 3 -4 6 -6 -7 -8 -9
leaf_value=-0.017640473886611052 0.002128286110121998 -0.0060406144416767938 -0.0060406144416767938 -0.0019561641657773981 0.013076282200606268 0.0076022841553641338 0.002128286110121998 4.9840754411474267e-05
leaf_weight=0.76773313468220361 0.28143129311501958 0.2763483327544235 0.29911592788994312 0.32777682789674123 0.95434107538312674 0.20991950947791338 0.51517221890389919 0.34884480028995313
leaf_count=1010 72 244 17 473 54 9 8 45
internal_value=0 -0.0058446 -0.0117938 -0.000287382 0.0101012 0.00212829 0.00212829 -0.00112413
internal_weight=3.98068 2.53499 1.06685 1.46814 1.44569 0.491351 1.19179 0.676622
internal_count=1932 1797 1027 770 135 81 526 518
is_linear=0
shrinkage=0.03


Tree=154
num_leaves=12
num_cat=0
split_feature=1 2 0 0 0 1 2 0 2 0 1
split_gain=0.26473 0.103645 0.0454342 0.0417126 0.0198202 0.018222 0.0177936 0.00641798 0.0022578 0.0190275 0.00204267
threshold=0.2527188684706046 1.2207004806465929 1.0612510697279112 0.69196726636906569 0.63047152422883579 0.00023761515053535005 1.7249307768212183 1.0113039390637699 1.7249307768212183 0.8007821470548625 0.012030598410506252
decision_type=2 2 2 2 2 2 2 2 2 2 2
left_child=1 2 -1 6 -2 7 -3 -5 9 -6 -4
right_child=4 3 10 5 8 -7 -8 -9 -10 -11 -12
leaf_value=-0.020583360548144771 0.0021364495439383348 -0.0066961771040510891 -0.0084899474068232221 -0.0023530458970830114 0.006940965967357382 0.0021364495439383348 -0.0023530458970830114 0 0.021267555124405226 0.014271967559552779 -0.0066961771040510891
leaf_weight=0.51071405770744682 0.25735920808801882 0.29005089058773581 0.18500948193832301 0.35302483419945907 0.75807417258329202 0.63217510175309144 0.11953219259157777 0.19096195983001962 0.2114977827295661 0.2161303814209532 0.26317843451397493
leaf_count=1573 45 54 72 38 63 16 7 10 9 18 27
internal_value=0 -0.00579139 -0.0133684 -2.3973e-05 0.0100643 0.00199009 -0.00669618 -0.0020166 0.0117455 0.00727638 -0.00669618
internal_weight=3.98771 2.54465 0.958902 1.58574 1.44306 1.17616 0.409583 0.543987 1.1857 0.974205 0.448188
internal_count=1932 1797 1672 125 135 64 61 48 90 81 99
is_linear=0
shrinkage=0.03


Tree=155
num_leaves=12
num_cat=0
split_feature=1 2 0 0 1 0 2 0 1 0 2
split_gain=0.260587 0.0996081 0.0426021 0.037691 0.0196551 0.0187455 0.0181195 0.0066013 0.00245671 0.00112676 0.0174738
threshold=0.2527188684706046 1.2207004806465929 1.0612510697279112 0.69196726636906569 0.00023761515053535005 0.63047152422883579 1.7249307768212183 1.0113039390637699 0.012030598410506252 0.8007821470548625 1.7249307768212183
decision_type=2 2 2 2 2 2 2 2 2 2 2
left_child=1 2 -1 6 7 -2 -3 -5 -4 10 -7
right_child=5 3 8 4 -6 9 -8 -9 -10 -11 -12
leaf_value=-0.020398640859930688 0.0021348260952379905 -0.0066756886097010916 -0.0084235734829428283 -0.0024592918211032355 0.0021348260952379905 0.0069090177621550855 -0.0024592918211032355 -8.4370607520977068e-05 -0.0066756886097010916 0.020920548119947004 0.01406062377435064
leaf_weight=0.50133087283575228 0.2550984553672605 0.28984165310976084 0.18360449103056453 0.35384171082114313 0.62938849869533442 0.75283000661875099 0.11880649905651808 0.18945063467253931 0.26078235998284072 0.21469672524835914 0.20759802870452404
leaf_count=1573 45 54 72 38 16 63 7 10 27 18 9
internal_value=0 -0.00576214 -0.0132647 -8.66801e-05 0.0017571 0.0100318 -0.00667569 -0.00230357 -0.00667569 0.0116832 0.0072007
internal_weight=3.95727 2.52705 0.945718 1.58133 1.17268 1.43022 0.408648 0.543292 0.444387 1.17512 0.960428
internal_count=1932 1797 1672 125 64 135 61 48 99 90 72
is_linear=0
shrinkage=0.03


Tree=156
num_leaves=9
num_cat=0
split_feature=1 2 1 0 2 1 2 0
split_gain=0.253002 0.0697357 0.0412453 0.0354281 0.0383022 0.0194909 0.0549975 0.0180809
threshold=0.10847587202392477 1.2207004806465929 0.00023761515053535005 1.0113039390637699 1.7249307768212183 0.77359445008287686 1.7249307768212183 1.0612510697279112
decision_type=2 2 2 2 2 2 2 2
left_child=1 2 -1 4 -3 6 -2 -4
right_child=5 3 7 -5 -6 -7 -8 -9
leaf_value=-0.022047313569081343 0.0020503580460285464 -0.0065824602740519565 -0.011739503141031307 0.0020503580460285464 -0.0010672563395101296 0.012842003980311085 0.0074461810131698156 -0.0065824602740519565
leaf_weight=0.33041536430573692 0.29000188241479896 1.0684823019255416 0.23213165521156043 0.30047907124389883 0.20106952218338836 0.92981945490464568 0.2044194433838129 0.33904913993319497
leaf_count=1037 94 100 572 13 11 54 9 42
internal_value=0 -0.00577194 -0.0123765 -0.000788397 -0.00418487 0.00987266 0.00205036 -0.00658246
internal_weight=3.89587 2.47163 0.901596 1.57003 1.26955 1.42424 0.494421 0.571181
internal_count=1932 1775 1651 124 111 157 103 614
is_linear=0
shrinkage=0.03


Tree=157
num_leaves=9
num_cat=0
split_feature=1 1 2 0 0 2 2 0
split_gain=0.244739 0.0698735 0.0947365 0.0543725 0.0212134 0.0584875 0.0137412 0.00665761
threshold=0.10847587202392477 0.00017554414599960002 1.7087961465368255 0.69196726636906569 0.74811773779688162 1.7249307768212183 1.578387011569274 1.0556606318427957
decision_type=2 2 2 2 2 2 2 2
left_child=1 2 -1 -3 5 -2 7 -5
right_child=4 3 -4 6 -6 -7 -8 -9
leaf_value=-0.017440114071134157 0.0020277704496882375 -0.0058476777174581458 -0.0058476777174581458 -0.0019099536338849541 0.020860625562357803 0.013305890916513014 0.0020277704496882375 0
leaf_weight=0.74249699331449004 0.99062758043874033 0.26882013555950823 0.29344345862045884 0.30706171792917281 0.21879168171290064 0.2047149371355772 0.50583519786596298 0.33996737710549496
leaf_count=1010 117 238 17 457 31 9 8 45
internal_value=0 -0.00569037 -0.0115169 -0.000178499 0.00974591 0.00575116 0.00202777 -0.00104981
internal_weight=3.87176 2.45762 1.03594 1.42168 1.41413 1.19534 1.15286 0.647029
internal_count=1932 1775 1027 748 157 126 510 502
is_linear=0
shrinkage=0.03


Tree=158
num_leaves=11
num_cat=0
split_feature=1 2 0 0 1 2 0 0 1 2
split_gain=0.24668 0.0950064 0.0377888 0.036107 0.0189164 0.0186035 0.0177804 0.00648077 0.00158755 0.00067413
threshold=0.2527188684706046 1.2207004806465929 1.0612510697279112 0.69196726636906569 0.00023761515053535005 1.7249307768212183 0.63047152422883579 1.0113039390637699 0.012030598410506252 1.7249307768212183
decision_type=2 2 2 2 2 2 2 2 2 2
left_child=1 2 -1 5 7 -3 -2 -5 -4 -8
right_child=6 3 8 4 -6 -7 9 -9 -10 -11
leaf_value=-0.020040952053950008 0.0021251290251513783 -0.0065716925471787212 -0.0081270473415825783 -0.0024172041250981836 0.0021251290251513783 -0.0024172041250981836 0.0070509708090338748 -4.5922881364255509e-05 -0.0065716925471787212 0.020831304081024602
leaf_weight=0.48489877571410112 0.24867669293598726 0.28672662953613315 0.17910208734974731 0.35034256045764756 0.62092475546523929 0.11903067631646991 0.94282222280162364 0.18610540789086372 0.25643034372478724 0.20344030857086182
leaf_count=1573 45 54 72 38 16 7 81 10 27 9
internal_value=0 -0.00564141 -0.0130841 -5.92783e-05 0.00173728 -0.00657169 0.00989166 -0.00221697 -0.00657169 0.0115191
internal_weight=3.8785 2.48356 0.920431 1.56313 1.15737 0.405757 1.39494 0.536448 0.435532 1.14626
internal_count=1932 1797 1672 125 64 61 135 48 99 90
is_linear=0
shrinkage=0.03


Tree=159
num_leaves=11
num_cat=0
split_feature=1 2 0 0 1 1 2 2 0 1
split_gain=0.242812 0.0904275 0.0357882 0.0324568 0.0199974 0.0184034 0.0523167 0.0182002 0.0066572 0.00151083
threshold=0.2527188684706046 1.2207004806465929 1.0612510697279112 0.69196726636906569 0.00023761515053535005 0.77359445008287686 1.7249307768212183 1.7249307768212183 1.0113039390637699 0.012030598410506252
decision_type=2 2 2 2 2 2 2 2 2 2
left_child=1 2 -1 7 8 6 -2 -3 -5 -4
right_child=5 3 9 4 -6 -7 -8 -9 -10 -11
leaf_value=-0.01985651822847033 0.002115380362856161 -0.0065425899231068979 -0.0080611389659591675 -0.002526294789544701 0.002115380362856161 0.01274830503315522 0.0074318426980056907 -0.002526294789544701 -0.00017966098003769734 -0.0065425899231068979
leaf_weight=0.4764019795511566 0.2723352810135109 0.28606836382823519 0.17807790543884039 0.35114052706921917 0.61834304151125252 0.91342106275260448 0.19969232473522425 0.11784400418400764 0.18485704337945208 0.25420444557676092
leaf_count=1573 72 54 72 38 16 54 9 7 10 27
internal_value=0 -0.00561545 -0.0129479 -0.000137277 0.00149 0.00984621 0.00211538 -0.00654259 -0.0024747 -0.00654259
internal_weight=3.85239 2.46694 0.908684 1.55825 1.15434 1.38545 0.472028 0.403912 0.535998 0.432282
internal_count=1932 1797 1672 125 64 135 81 61 48 99
is_linear=0
shrinkage=0.03


Tree=160
num_leaves=11
num_cat=0
split_feature=1 2 1 0 1 2 0 0 2 0
split_gain=0.236071 0.0871812 0.0348669 0.0278886 0.0212668 0.0180071 0.017947 0.017137 0.0543929 0.00683946
threshold=0.2527188684706046 1.2207004806465929 0.00023761515053535005 0.69196726636906569 0.00023761515053535005 1.7249307768212183 1.0612510697279112 0.8007821470548625 1.7249307768212183 1.0113039390637699
decision_type=2 2 2 2 2 2 2 2 2 2
left_child=1 2 -1 5 9 -3 -4 8 -2 -5
right_child=7 3 6 4 -6 -7 -8 -9 -10 -11
leaf_value=-0.022087388745574327 0.0020935155400938813 -0.0064919909777157517 -0.011940549990244947 -0.0026202351512314248 0.0020935155400938813 -0.0026202351512314248 -0.0064919909777157517 0.020635684525731071 0.013222426641484344 -0.00026335980556877169
leaf_weight=0.32368959237464956 0.96851875416177768 0.2863353389839175 0.24006274348903389 0.3524823033949358 0.6155716597859282 0.11670872196555138 0.3323709040414542 0.2074144773359875 0.19997507613152266 0.18357341279624961
leaf_count=1037 108 54 593 38 16 7 42 18 9 10
internal_value=0 -0.00555438 -0.0128231 -0.000160837 0.00125152 -0.00649199 -0.00649199 0.00974141 0.00580917 -0.00262024
internal_weight=3.8267 2.45079 0.896123 1.55467 1.15163 0.403044 0.572434 1.37591 1.16849 0.536056
internal_count=1932 1797 1672 125 64 61 635 135 117 48
is_linear=0
shrinkage=0.03


Tree=161
num_leaves=10
num_cat=0
split_feature=1 0 2 2 1 0 1 1 0
split_gain=0.235829 0.0932455 0.0661272 0.0642057 0.0476733 0.0167722 0.00553464 0.000786763 0.000263913
threshold=0.2527188684706046 0.74269295122430934 1.7249307768212183 1.578387011569274 0.025834084719006153 0.63047152422883579 0.00023761515053535005 0.034925949729669011 0.8007821470548625
decision_type=2 2 2 2 2 2 2 2 2
left_child=1 2 7 4 -3 -2 -5 -1 -7
right_child=5 3 -4 6 -6 8 -8 -9 -10
leaf_value=-0.022321839354977242 0.0021002703944557558 -0.0082144068160088148 -0.0082144068160088148 0 -0.002763451834689846 0.0068488253977711617 0.0021002703944557558 -0.014337149053940996 0.020468167216867388
leaf_weight=0.45309695182913934 0.24278255866374809 0.54987478917610111 0.12371481163427234 0.50965481484308839 0.27698602903910796 0.91834838686918352 0.47163893654942513 0.046605918283603387 0.20390419597970322
leaf_count=789 45 795 8 22 129 72 7 47 18
internal_value=0 -0.0055731 -0.0153597 -0.00106909 -0.00762717 0.00977364 0.00210027 -0.0204599 0.0113704
internal_weight=3.79661 2.43157 0.623418 1.80815 0.826861 1.36504 0.981294 0.499703 1.12225
internal_count=1932 1797 844 953 924 135 29 836 90
is_linear=0
shrinkage=0.03


Tree=162
num_leaves=11
num_cat=0
split_feature=1 2 0 1 0 0 1 2 0 2
split_gain=0.232421 0.0815508 0.0453621 0.0327806 0.0161882 0.0160519 0.0138208 0.0129842 0.00406266 0.000143297
threshold=0.2527188684706046 1.2207004806465929 0.69196726636906569 0.00023761515053535005 1.0612510697279112 0.63047152422883579 0.00023761515053535005 1.7249307768212183 1.0113039390637699 1.7249307768212183
decision_type=2 2 2 2 2 2 2 2 2 2
left_child=1 3 7 -1 -5 -2 8 -3 -4 -7
right_child=5 2 6 4 -6 9 -8 -9 -10 -11
leaf_value=-0.021861637286325369 0.0020934675100046218 -0.0064505751997589716 -0.0022817060779804538 -0.01165027460370615 -0.0064505751997589716 0.006818241066496567 0.0020934675100046218 -0.0022817060779804538 0 0.020506142701236324
leaf_weight=0.31547642148871169 0.24090826466272108 0.25197742295858905 0.37361073216015916 0.23709796863840893 0.32945143454708159 0.91713017776783068 0.61181899008806795 0.11649147607386112 0.18039181243511848 0.19763262942433357
leaf_count=1037 45 54 38 593 42 81 16 7 10 9
internal_value=0 -0.00554894 -0.000247189 -0.012654 -0.00645058 0.00973587 0.00188716 -0.00645058 -0.00116909 0.0113088
internal_weight=3.77199 2.41632 1.53429 0.882026 0.566549 1.35567 1.16582 0.368469 0.554003 1.11476
internal_count=1932 1797 125 1672 635 135 64 61 48 90
is_linear=0
shrinkage=0.03


Tree=163
num_leaves=11
num_cat=0
split_feature=1 2 0 1 1 2 0 1 2 0
split_gain=0.228895 0.0775687 0.0434705 0.0310317 0.0169646 0.0496648 0.0153694 0.0141873 0.0129732 0.00419898
threshold=0.2527188684706046 1.2207004806465929 0.69196726636906569 0.00023761515053535005 0.77359445008287686 1.7249307768212183 1.0612510697279112 0.00023761515053535005 1.7249307768212183 1.0113039390637699
decision_type=2 2 2 2 2 2 2 2 2 2
left_child=1 3 8 -1 5 -2 -5 9 -3 -4
right_child=4 2 7 6 -6 -7 -8 -9 -10 -11
leaf_value=-0.021677570723008688 0.0020847028038256075 -0.0064198219724413662 -0.0023394836004028657 -0.01149675586438104 0.01255819267013108 0.0073214477369783438 -0.0064198219724413662 0.0020847028038256075 -0.0023394836004028657 0
leaf_weight=0.30886566002664118 0.26736903146957025 0.25162641899078142 0.3733860840075065 0.23513596214797872 0.8852329864166677 0.19404354598373175 0.32722868025302887 0.60942290685488842 0.11577775329351425 0.17940864065894857
leaf_count=1037 72 54 38 593 54 9 42 16 7 10
internal_value=0 -0.00552375 -0.000318409 -0.0125212 0.00969316 0.0020847 -0.00641982 0.00174085 -0.00641982 -0.00129248
internal_weight=3.7475 2.40085 1.52962 0.87123 1.34665 0.461413 0.562365 1.16222 0.367404 0.552795
internal_count=1932 1797 125 1672 135 81 635 64 61 48
is_linear=0
shrinkage=0.03


Tree=164
num_leaves=11
num_cat=0
split_feature=1 2 0 1 0 2 0 1 2 0
split_gain=0.223059 0.0740542 0.0409925 0.0296336 0.0157286 0.0519236 0.0148104 0.0145316 0.0131725 0.00437743
threshold=0.2527188684706046 1.2207004806465929 0.69196726636906569 0.00023761515053535005 0.8007821470548625 1.7249307768212183 1.0612510697279112 0.00023761515053535005 1.7249307768212183 1.0113039390637699
decision_type=2 2 2 2 2 2 2 2 2 2
left_child=1 3 8 -1 5 -2 -5 9 -3 -4
right_child=4 2 7 6 -6 -7 -8 -9 -10 -11
leaf_value=-0.021491414191376838 0.0020632165034238951 -0.0063630696584746349 -0.0023808972328989422 -0.011336699807409756 0.020365538966367312 0.013009832983433669 -0.0063630696584746349 0.0020632165034238951 -0.0023808972328989422 0
leaf_weight=0.30238214471319302 0.9427393051155375 0.25085418256639958 0.37318164004682308 0.23319200614969304 0.2009118192072491 0.1944104665890336 0.32487707032123581 0.60699849511729553 0.11502200225368142 0.17842348123667762
leaf_count=1037 108 54 38 593 18 9 42 16 7 10
internal_value=0 -0.0054713 -0.000354983 -0.0123712 0.00959774 0.00565413 -0.00636307 0.00160128 -0.00636307 -0.00143437
internal_weight=3.72299 2.38493 1.52448 0.860451 1.33806 1.13715 0.558069 1.1586 0.365876 0.551605
internal_count=1932 1797 125 1672 135 117 635 64 61 48
is_linear=0
shrinkage=0.03


Tree=165
num_leaves=11
num_cat=0
split_feature=1 2 0 1 1 0 0 2 0 0
split_gain=0.221724 0.0700585 0.0382536 0.0278045 0.0153345 0.0150335 0.0139063 0.0135216 0.00469135 0.000218523
threshold=0.2527188684706046 1.2207004806465929 0.69196726636906569 0.00023761515053535005 0.00023761515053535005 0.63047152422883579 1.0612510697279112 1.7249307768212183 1.0113039390637699 0.8007821470548625
decision_type=2 2 2 2 2 2 2 2 2 2
left_child=1 3 7 -1 8 -2 -5 -3 -4 -7
right_child=5 2 4 6 -6 9 -8 -9 -10 -11
leaf_value=-0.021305337644940324 0.002074409828357231 -0.0063488899074389156 -0.002483067955029766 -0.011189418997521218 0.002074409828357231 0.0066150520744697001 -0.0063488899074389156 -0.002483067955029766 0 0.020207713904294558
leaf_weight=0.29609383527895339 0.23541361623210821 0.25084293168038119 0.37347357797989367 0.23129562175927276 0.60452676349086687 0.89326477321446851 0.32287186419125646 0.11433938704431057 0.17756368918344378 0.1976291575410869
leaf_count=1037 45 54 38 593 16 72 42 7 10 18
internal_value=0 -0.00546573 -0.000449326 -0.0122485 0.00138275 0.00961455 -0.00634889 -0.00634889 -0.00165728 0.0111557
internal_weight=3.69732 2.37101 1.52075 0.850261 1.15556 1.32631 0.554167 0.365182 0.551037 1.09089
internal_count=1932 1797 125 1672 64 135 635 61 48 90
is_linear=0
shrinkage=0.03


Tree=166
num_leaves=9
num_cat=0
split_feature=1 2 0 0 1 0 2 0
split_gain=0.218786 0.0664628 0.0366127 0.0264873 0.0153541 0.014321 0.0118236 0.00547795
threshold=0.2527188684706046 1.2207004806465929 0.69196726636906569 1.0612510697279112 0.00023761515053535005 0.63047152422883579 1.7249307768212183 1.0113039390637699
decision_type=2 2 2 2 2 2 2 2
left_child=1 3 6 -1 7 -2 -3 -4
right_child=5 2 4 -5 -6 -7 -8 -9
leaf_value=-0.018755931407127037 0.0020712518980300445 -0.0063206419221929861 -0.0025442958390884114 -0.0063206419221929861 0.0020712518980300445 0.011102172153652936 -0.0025442958390884114 0
leaf_weight=0.43318745438955453 0.23371534145553585 0.25136821535124898 0.37416757323808247 0.40671400098653976 0.60200889426050708 1.0833962717879329 0.11208852753043175 0.17817812089924701
leaf_count=1573 45 54 38 99 16 90 7 10
internal_value=0 -0.0054423 -0.000522183 -0.0121191 0.00123205 0.0095848 -0.00632064 -0.00172213
internal_weight=3.67482 2.35771 1.51781 0.839901 1.15435 1.31711 0.363457 0.552346
internal_count=1932 1797 125 1672 64 135 61 48
is_linear=0
shrinkage=0.03


Tree=167
num_leaves=14
num_cat=0
split_feature=1 0 2 1 2 0 2 1 2 1 0 1 1
split_gain=0.212589 0.0596391 0.0636164 0.0587478 0.0498622 0.0185355 0.0521691 0.0227765 0.00891946 0.00670708 0.0061877 0.00472312 0.000147396
threshold=0.10847587202392477 0.73818587830403848 1.7249307768212183 0.00021293508180020003 1.7087961465368255 0.74811773779688162 1.7249307768212183 0.77359445008287686 1.578387011569274 0.025834084719006153 1.0770526162080123 0.034925949729669011 0.047943324547840907
decision_type=2 2 2 2 2 2 2 2 2 2 2 2 2
left_child=1 2 11 4 -3 6 7 -2 9 10 -5 -1 -11
right_child=5 3 -4 8 -6 -7 -8 -9 -10 12 -12 -13 -14
leaf_value=-0.021578548411932127 0.0019797287733426296 -0.0078492634234969411 -0.0078492634234969411 -0.0029834952908738576 -0.0029834952908738576 0.020367347876441531 0.012862398016525724 0.0071102724532040229 0.0019797287733426296 0 -0.0013246514338481877 -0.013781894337510536 0.00098986438667131478
leaf_weight=0.395385900763359 0.25747634476283543 0.50560489124654839 0.11946514016017318 0.16687073072716863 0.21597184613347054 0.20164426670089586 0.18988300580531359 0.66722254548221827 0.45653656497597694 0.14901776373153552 0.15436889627017081 0.035489035519276513 0.10888104236073559
leaf_count=785 72 497 8 296 8 31 9 45 7 79 20 37 38
internal_value=0 -0.00545664 -0.0140911 -0.00160746 -0.00784926 0.00941609 0.00535745 0.00197973 0.00188227 0 -0.0029835 -0.0197145 0.000334192
internal_weight=3.62382 2.30759 0.55034 1.75725 0.721577 1.31623 1.11458 0.924699 1.03567 0.579138 0.32124 0.430875 0.257899
internal_count=1932 1775 830 945 505 157 126 117 440 433 316 822 117
is_linear=0
shrinkage=0.03


Tree=168
num_leaves=13
num_cat=0
split_feature=1 0 2 1 2 0 2 1 2 1 1 0
split_gain=0.210055 0.0596004 0.0678052 0.0675533 0.0531245 0.0174029 0.051246 0.0224918 0.0121911 0.011069 0.00998248 0.008708
threshold=0.10847587202392477 0.69196726636906569 1.7249307768212183 0.00021293508180020003 1.7087961465368255 0.74811773779688162 1.7249307768212183 0.77359445008287686 1.578387011569274 0.034925949729669011 0.047943324547840907 1.0612510697279112
decision_type=2 2 2 2 2 2 2 2 2 2 2 2
left_child=1 2 9 4 -3 6 7 -2 10 -1 11 -5
right_child=5 3 -4 8 -6 -7 -8 -9 -10 -11 -12 -13
leaf_value=-0.024212849817342324 0.0019761710826453368 -0.0084655336155938909 -0.0084655336155938909 -0.0033023769630780536 -0.0033023769630780536 0.020242825794383031 0.012797441990182566 0.0070895309383106854 0.0019761710826453368 -0.015069241709367557 0.00055086363206716311 -0.0013757566655054451
leaf_weight=0.32089659090888822 0.25587734454893485 0.52460548141607422 0.11090778047218919 0.2028613035836313 0.22091198340058327 0.19950694011640724 0.18859029840677977 0.6618288136087358 0.48484361357986927 0.03144391435853322 0.11230236516348668 0.28138020570622757
leaf_count=699 72 550 7 398 9 31 9 45 8 26 40 38
internal_value=0 -0.00544378 -0.0150615 -0.00186956 -0.00846553 0.00939612 0.00535206 0.00197617 0.00186078 -0.0216729 -0.000874444 -0.00330238
internal_weight=3.59596 2.29015 0.463248 1.8269 0.745517 1.3058 1.1063 0.917706 1.08139 0.352341 0.596544 0.484242
internal_count=1932 1775 732 1043 559 157 126 117 484 725 476 436
is_linear=0
shrinkage=0.03


Tree=169
num_leaves=13
num_cat=0
split_feature=1 0 2 1 2 0 2 1 2 1 1 0
split_gain=0.206921 0.0578439 0.0690181 0.0648069 0.0520626 0.0164417 0.0504549 0.021963 0.0122972 0.0118487 0.00994773 0.00860715
threshold=0.10847587202392477 0.69196726636906569 1.7249307768212183 0.00021293508180020003 1.7087961465368255 0.74811773779688162 1.7249307768212183 0.77359445008287686 1.578387011569274 0.034925949729669011 0.047943324547840907 1.0612510697279112
decision_type=2 2 2 2 2 2 2 2 2 2 2 2
left_child=1 2 9 4 -3 6 7 -2 10 -1 11 -5
right_child=5 3 -4 8 -6 -7 -8 -9 -10 -11 -12 -13
leaf_value=-0.024398987167289801 0.0019740244868124927 -0.0084358978179476917 -0.0084358978179476917 -0.003345162907755217 -0.003345162907755217 0.020119639438863766 0.012725891749216026 0.0070504974800736503 0.0019740244868124927 -0.015104160129733177 0.00052792954507786469 -0.0014086166813386761
leaf_weight=0.31367779059655809 0.2542167977808274 0.52174519220716309 0.11081538628786802 0.20251675640065492 0.21913204062730074 0.19741912667814165 0.18720431532710791 0.65594415040686727 0.48242526687681675 0.031378827690787148 0.11191874289579573 0.28102716000285
leaf_count=699 72 550 7 398 9 31 9 45 8 26 40 38
internal_value=0 -0.00541843 -0.0149928 -0.00187904 -0.0084359 0.00936648 0.00533214 0.00197402 0.00174557 -0.0217724 -0.000918165 -0.00334516
internal_weight=3.56942 2.27464 0.455872 1.81877 0.740877 1.29478 1.09737 0.910161 1.07789 0.345057 0.595463 0.483544
internal_count=1932 1775 732 1043 559 157 126 117 484 725 476 436
is_linear=0
shrinkage=0.03


Tree=170
num_leaves=13
num_cat=0
split_feature=1 0 2 1 2 0 2 1 1 2 1 0
split_gain=0.20349 0.0552917 0.0690939 0.062045 0.051325 0.0156511 0.0497542 0.0212657 0.0125603 0.0123854 0.00987757 0.00843409
threshold=0.10847587202392477 0.69196726636906569 1.7249307768212183 0.00021293508180020003 1.7087961465368255 0.74811773779688162 1.7249307768212183 0.77359445008287686 0.034925949729669011 1.578387011569274 0.047943324547840907 1.0612510697279112
decision_type=2 2 2 2 2 2 2 2 2 2 2 2
left_child=1 2 8 4 -3 6 7 -2 -1 10 11 -5
right_child=5 3 -4 9 -6 -7 -8 -9 -10 -11 -12 -13
leaf_value=-0.02440711161969247 0.0019735730491578247 -0.0083698356274039647 -0.0083698356274039647 -0.0033723820968789907 -0.0033723820968789907 0.020004698015614844 0.012653488614717481 0.0069982454033509509 -0.015041531599879195 0.0019735730491578247 0.0005046868881427442 -0.0014338476043681233
leaf_weight=0.30790973094553997 0.25250873636105076 0.51953747198604094 0.11037039710208774 0.20201283335518361 0.21797441784292459 0.19543925756443048 0.1857438525184989 0.64972082991153002 0.031318235505750636 0.47973158024251461 0.11145091371872695 0.28046103101223707
leaf_count=699 72 550 7 398 9 31 9 45 26 8 40 38
internal_value=0 -0.00538514 -0.0148443 -0.00189538 -0.00836984 0.00933229 0.00530228 0.00197357 -0.0217132 0.00162507 -0.000964199 -0.00337238
internal_weight=3.54418 2.26077 0.449598 1.81117 0.737512 1.28341 1.08797 0.90223 0.339228 1.07366 0.593925 0.482474
internal_count=1932 1775 732 1043 559 157 126 117 725 484 476 436
is_linear=0
shrinkage=0.03


Tree=171
num_leaves=13
num_cat=0
split_feature=1 0 2 1 2 0 2 1 2 1 1 0
split_gain=0.200045 0.0514316 0.0674413 0.0497467 0.0452462 0.0148571 0.0490449 0.0205858 0.00959993 0.00794474 0.00722065 0.00778231
threshold=0.10847587202392477 0.73818587830403848 1.7249307768212183 1.0000000180025095e-35 1.7087961465368255 0.74811773779688162 1.7249307768212183 0.77359445008287686 1.578387011569274 0.034925949729669011 0.047943324547840907 1.0556606318427957
decision_type=2 2 2 2 2 2 2 2 2 2 2 2
left_child=1 2 9 4 -3 6 7 -2 10 -1 11 -5
right_child=5 3 -4 8 -6 -7 -8 -9 -10 -11 -12 -13
leaf_value=-0.021939356248482603 0.0019756861766438544 -0.0076731236940893966 -0.0076731236940893966 -0.0031487164879403125 -0.0031487164879403125 0.019885099239994774 0.012578890103809685 0.0069487729416707012 0.0019756861766438544 -0.01373852706999217 0.00083642649773948844 -0.001156144995100412
leaf_weight=0.36762747962529907 0.25086706769070566 0.48394618183192495 0.119195188395679 0.19128361327238941 0.20931756310164928 0.19353879024129117 0.18431334011256695 0.64364368095993996 0.44879883714020252 0.035527695312339347 0.11044177405710798 0.28358685139392037
leaf_count=785 72 463 8 387 8 31 9 45 7 37 38 42
internal_value=0 -0.00534617 -0.0136772 -0.00166908 -0.00767312 0.00929754 0.00527268 0.00197569 0.00137569 -0.0198039 -0.000302833 -0.00314872
internal_weight=3.52209 2.24973 0.52235 1.72737 0.693264 1.27236 1.07882 0.894511 1.03411 0.403155 0.585312 0.47487
internal_count=1932 1775 830 945 471 157 126 117 474 822 467 429
is_linear=0
shrinkage=0.03


Tree=172
num_leaves=13
num_cat=0
split_feature=1 0 2 1 2 1 0 2 1 2 1 0
split_gain=0.196192 0.0496799 0.0705956 0.0574598 0.0506746 0.0150046 0.0142277 0.0484199 0.0197137 0.0130573 0.0100233 0.00759089
threshold=0.10847587202392477 0.69196726636906569 1.7249307768212183 0.00021293508180020003 1.7087961465368255 0.034925949729669011 0.74811773779688162 1.7249307768212183 0.77359445008287686 1.578387011569274 0.047943324547840907 1.0612510697279112
decision_type=2 2 2 2 2 2 2 2 2 2 2 2
left_child=1 2 5 4 -3 -1 7 8 -2 10 11 -5
right_child=6 3 -4 9 -6 -7 -8 -9 -10 -11 -12 -13
leaf_value=-0.024504461235173462 0.0019786132071605025 -0.0081968310125358334 -0.0081968310125358334 -0.0033916002773969789 -0.0033916002773969789 -0.014902432400769177 0.019771934945108365 0.012501360672189127 0.0068820923457141719 0.0019786132071605025 0.00040336640065674492 -0.001494116938370117
leaf_weight=0.29637694428129258 0.24918420003086772 0.51657331257047179 0.11022397084161639 0.20151584394807265 0.21757786720991135 0.031429123831912875 0.1916728151263668 0.18276501446962357 0.6371016395278275 0.47584924474358559 0.11042199033181532 0.27965528814820573
leaf_count=699 72 550 7 398 9 26 31 9 45 8 40 38
internal_value=0 -0.00529862 -0.014464 -0.00192968 -0.00819683 -0.021608 0.00925585 0.00523079 0.00197861 0.00141363 -0.00117188 -0.0033916
internal_weight=3.50035 2.23962 0.43803 1.80159 0.734151 0.327806 1.26072 1.06905 0.886286 1.06744 0.591593 0.481171
internal_count=1932 1775 732 1043 559 725 157 126 117 484 476 436
is_linear=0
shrinkage=0.03


Tree=173
num_leaves=9
num_cat=0
split_feature=1 2 0 1 2 1 0 2
split_gain=0.19236 0.0523463 0.0926971 0.0806868 0.0339173 0.0222608 0.0137266 0.0478619
threshold=0.10847587202392477 1.7249307768212183 0.69196726636906569 1.0000000180025095e-35 1.7087961465368255 0.034925949729669011 0.74811773779688162 1.7249307768212183
decision_type=2 2 2 2 2 2 2 2
left_child=1 2 5 4 -4 -1 7 -2
right_child=6 -3 3 -5 -6 -7 -8 -9
leaf_value=-0.024661011857122946 0.0019817710696758716 0.0019817710696758716 -0.012340094106545475 -0.0026618476922324334 -0.0075009708993889557 -0.012340094106545475 0.019670023128118264 0.012427164040905591
leaf_weight=0.29113101312759759 0.87796813498425741 0.28001279616728414 0.50445795578525565 1.0738608362098601 0.049031129106879234 0.031339004690380534 0.18991452077898419 0.18121190927922726
leaf_count=699 117 14 505 529 2 26 31 9
internal_value=0 -0.00525015 -0.00730547 -0.0030018 -0.0123401 -0.0216784 0.00921369 0.0051843
internal_weight=3.47893 2.22983 1.94982 1.62735 0.553489 0.32247 1.24909 1.05918
internal_count=1932 1775 1761 1036 507 725 157 126
is_linear=0
shrinkage=0.03


Tree=174
num_leaves=10
num_cat=0
split_feature=1 2 0 1 2 1 0 2 1
split_gain=0.190034 0.059826 0.0961494 0.0836573 0.0340103 0.0239317 0.0122261 0.0459411 0.0199551
threshold=0.10847587202392477 1.7249307768212183 0.69196726636906569 1.0000000180025095e-35 1.7087961465368255 0.034925949729669011 0.8007821470548625 1.7249307768212183 0.77359445008287686
decision_type=2 2 2 2 2 2 2 2 2
left_child=1 2 5 4 -4 -1 7 8 -2
right_child=6 -3 3 -5 -6 -7 -8 -9 -10
leaf_value=-0.025245619884926029 0.0019939259247052439 0.0019939259247052439 -0.01261309959072646 -0.0027409714147343133 -0.0076770355027303856 -0.01261309959072646 0.019525057964660326 0.012365343884653213 0.0069620837076631277
leaf_weight=0.28924300126891545 0.24705882226407971 0.28681317577138532 0.49725241864325642 1.0707401122526787 0.048693682998418808 0.031562067448248854 0.18688855331129151 0.17923201806843281 0.62565705459564924
leaf_count=699 73 14 505 529 2 26 30 9 45
internal_value=0 -0.00521548 -0.00747587 -0.00308996 -0.0126131 -0.0221362 0.00920334 0.00520563 0.00199393
internal_weight=3.46314 2.2243 1.93749 1.61669 0.545946 0.320805 1.23884 1.05195 0.872716
internal_count=1932 1775 1761 1036 507 725 157 127 118
is_linear=0
shrinkage=0.03


Tree=175
num_leaves=8
num_cat=0
split_feature=1 2 0 1 2 1 0
split_gain=0.187833 0.0869266 0.114552 0.0722074 0.0394539 0.0251554 0.0118492
threshold=0.2527188684706046 1.7249307768212183 0.69196726636906569 0.00023761515053535005 1.7087961465368255 0.034925949729669011 0.63047152422883579
decision_type=2 2 2 2 2 2 2
left_child=1 2 5 4 -4 -1 -2
right_child=6 -3 3 -5 -6 -7 -8
leaf_value=-0.027103512320497368 0.0020950057120022406 0.0020950057120022406 -0.013505231091728166 -0.002959687943962491 -0.0078545100396725208 -0.013505231091728166 0.010721427877062161
leaf_weight=0.29251695032780922 0.21693009874434199 0.31948126526549447 0.49178510765887029 1.0756430404380806 0.050320124253630638 0.036805377239943482 1.0029018014465689
leaf_count=699 45 14 567 483 2 32 90
internal_value=0 -0.00508313 -0.00801438 -0.00330606 -0.0127493 -0.0237044 0.00927314
internal_weight=3.48638 2.26655 1.94707 1.61775 0.542105 0.329322 1.21983
internal_count=1932 1797 1783 1052 569 731 135
is_linear=0
shrinkage=0.03


Tree=176
num_leaves=9
num_cat=0
split_feature=1 2 0 2 1 0 1 0
split_gain=0.186403 0.0814412 0.0404336 0.0142345 0.0121664 0.0111312 0.00692841 6.59893e-05
threshold=0.2527188684706046 1.2207004806465929 0.69196726636906569 1.7249307768212183 0.012030598410506252 0.63047152422883579 0.00023761515053535005 1.0113039390637699
decision_type=2 2 2 2 2 2 2 2
left_child=1 4 3 -3 -1 -2 7 -4
right_child=5 2 6 -5 -6 -7 -8 -9
leaf_value=-0.017755711347345746 0.0020598511151083947 -0.0062257719430551276 -0.00037587654180837814 -0.002082960413973366 -0.0062257719430551276 0.010644392149920207 0.0020598511151083947 0
leaf_weight=0.43771623689372141 0.21560980021604326 0.19702678531757545 0.37036384591920046 0.1147986319847405 0.37068006204572157 1.0013243170833446 0.58022435766179115 0.1671364551584702
leaf_count=1342 45 54 38 7 330 90 16 10
internal_value=0 -0.00511198 0 -0.00622577 -0.0124515 0.00923169 0.00205985 0
internal_weight=3.45488 2.23795 1.42955 0.311825 0.808396 1.21693 1.11772 0.5375
internal_count=1932 1797 125 61 1672 135 64 48
is_linear=0
shrinkage=0.03


Tree=177
num_leaves=9
num_cat=0
split_feature=1 2 0 2 1 0 1 0
split_gain=0.18359 0.0779872 0.0396714 0.0135181 0.0107319 0.0103663 0.00694898 7.44118e-05
threshold=0.2527188684706046 1.2207004806465929 0.69196726636906569 1.7249307768212183 0.012030598410506252 0.63047152422883579 0.00023761515053535005 1.0113039390637699
decision_type=2 2 2 2 2 2 2 2
left_child=1 4 3 -3 -1 -2 7 -4
right_child=5 2 6 -5 -6 -7 -8 -9
leaf_value=-0.017543288786527049 0.0020433212960131613 -0.0061626882425527317 -0.00039947814274224704 -0.0020596834732697854 -0.0061626882425527317 0.010553969436606768 0.0020433212960131613 0
leaf_weight=0.43125592695287274 0.21395319121074841 0.19617010698129878 0.36966045142617054 0.11394888767972589 0.36884110821301874 0.99778040331148077 0.57825738209066913 0.1663997542927973
leaf_count=1342 45 54 38 7 330 90 16 10
internal_value=0 -0.00509108 0 -0.00616269 -0.0123254 0.00917773 0.00204332 0
internal_weight=3.43627 2.22453 1.42444 0.310119 0.800097 1.21173 1.11432 0.53606
internal_count=1932 1797 125 61 1672 135 64 48
is_linear=0
shrinkage=0.03


Tree=178
num_leaves=10
num_cat=0
split_feature=1 2 0 2 0 0 2 1 0
split_gain=0.179287 0.0739152 0.0395707 0.0123467 0.0108567 0.0105243 0.0458115 0.0067165 4.59871e-05
threshold=0.2527188684706046 1.2207004806465929 0.69196726636906569 1.7249307768212183 1.0612510697279112 0.8007821470548625 1.7249307768212183 0.00023761515053535005 1.0113039390637699
decision_type=2 2 2 2 2 2 2 2 2
left_child=1 4 3 -3 -1 6 -2 8 -4
right_child=5 2 7 -5 -6 -7 -8 -9 -10
leaf_value=-0.017737994259815381 0.0020218318491762206 -0.0060724445187551844 -0.00031407493440549592 -0.0020253063347894819 -0.0060724445187551844 0.019337070122531368 0.012227816477052232 0.0020218318491762206 0
leaf_weight=0.39724181665678848 0.85122537171991985 0.19601564852928266 0.36957685739616841 0.11311962222680449 0.39428127005521674 0.17724286040174764 0.17738649528473616 0.57638525555375963 0.1656488228472881
leaf_count=1573 108 54 38 7 99 18 9 16 10
internal_value=0 -0.00504589 0 -0.00607244 -0.0121449 0.00908955 0.00511856 0.00202183 0
internal_weight=3.41812 2.21227 1.42075 0.309135 0.791523 1.20585 1.02861 1.11161 0.535226
internal_count=1932 1797 125 61 1672 135 117 64 48
is_linear=0
shrinkage=0.03


Tree=179
num_leaves=12
num_cat=0
split_feature=1 2 0 2 0 2 1 1 1 0 0
split_gain=0.179546 0.0732031 0.0397177 0.0117012 0.00939666 0.0437524 0.0182396 0.00920389 0.00657425 0.00437361 2.26043e-05
threshold=0.2527188684706046 1.2207004806465929 0.69196726636906569 1.7249307768212183 0.8007821470548625 1.7249307768212183 0.77359445008287686 0.00023761515053535005 0.00023761515053535005 1.0801070067053755 1.0113039390637699
decision_type=2 2 2 2 2 2 2 2 2 2 2
left_child=1 7 3 -3 5 6 -2 -1 10 -9 -4
right_child=4 2 8 -5 -6 -7 -8 9 -10 -11 -12
leaf_value=-0.020008055282943565 0.0020398930736701569 -0.0060855523363409405 -0.00021937084992091092 -0.0020228296313353918 0.019289664905765988 0.012231945195681373 0.006858318932964764 -0.0089543669111385536 0.0020398930736701569 -0.0060855523363409405 0
leaf_weight=0.25568727145946546 0.2360107217391485 0.19478739933401801 0.37274254503427051 0.11238169530406594 0.17519303871085856 0.17547817807644606 0.61024801339954138 0.27614462178644317 0.57479551009600982 0.2514946109149605 0.16545206255977973
leaf_count=1037 63 54 38 7 18 9 45 603 16 32 10
internal_value=0 -0.00505409 0 -0.00608555 0.00913388 0.00517423 0.00203989 -0.0121711 0.00203989 -0.00608555 0
internal_weight=3.40042 2.20349 1.42016 0.307169 1.19693 1.02174 0.846259 0.783327 1.11299 0.527639 0.538195
internal_count=1932 1797 125 61 135 117 108 1672 64 635 48
is_linear=0
shrinkage=0.03


Tree=180
num_leaves=10
num_cat=0
split_feature=1 2 0 2 0 1 1 0 0
split_gain=0.17898 0.0704385 0.037224 0.0119899 0.00936795 0.00767355 0.00716164 0.00451603 0.000138968
threshold=0.2527188684706046 1.2207004806465929 0.69196726636906569 1.7249307768212183 0.63047152422883579 0.00023761515053535005 0.00023761515053535005 1.0801070067053755 1.0113039390637699
decision_type=2 2 2 2 2 2 2 2 2
left_child=1 5 3 -3 -2 -1 8 -7 -4
right_child=4 2 6 -5 -6 7 -8 -9 -10
leaf_value=-0.019816110436051502 0.0020464178604050732 -0.0060447574415893931 -0.00054513626257670657 -0.0020898150073475814 0.010490900770342638 -0.0090197526009519607 0.0020464178604050732 -0.0060447574415893931 0
leaf_weight=0.25083361921133551 0.2092205673252463 0.19248450436862174 0.37086950604862046 0.11179183050990105 0.9789968869445147 0.27235124893923057 0.57335697620874271 0.25293632596731186 0.16511831275420263
leaf_count=1037 45 54 38 7 90 603 16 32 10
internal_value=0 -0.00506012 0 -0.00604476 0.00915296 -0.0120895 0.00186513 -0.00604476 0
internal_weight=3.37796 2.18974 1.41362 0.304276 1.18822 0.776121 1.10934 0.525288 0.535988
internal_count=1932 1797 125 61 135 1672 64 635 48
is_linear=0
shrinkage=0.03


Tree=181
num_leaves=11
num_cat=0
split_feature=1 2 0 2 0 2 1 1 0 0
split_gain=0.177031 0.0679799 0.0353342 0.012115 0.0106815 0.044089 0.0167172 0.00733016 0.00677233 0.00025543
threshold=0.2527188684706046 1.2207004806465929 0.69196726636906569 1.7249307768212183 0.8007821470548625 1.7249307768212183 0.77359445008287686 0.00023761515053535005 1.0612510697279112 1.0113039390637699
decision_type=2 2 2 2 2 2 2 2 2 2
left_child=1 8 3 -3 5 6 -2 9 -1 -4
right_child=4 2 7 -5 -6 -7 -8 -9 -10 -11
leaf_value=-0.017324428424866822 0.0020334953490079655 -0.006000130571431758 -0.0007404175396531627 -0.0021346702621513635 0.019432712202301899 0.012258142260993653 0.0067203403345906217 0.0020334953490079655 -0.006000130571431758 0
leaf_weight=0.38192146753499479 0.23331093029992167 0.19063946824462608 0.36933555288123876 0.11116785975173116 0.17449597117956717 0.17376311775296926 0.60207669250667095 0.57198659214191139 0.38731837341038045 0.16484096157364547
leaf_count=1573 63 54 38 7 18 9 45 16 99 10
internal_value=0 -0.00504975 0 -0.00600013 0.00911674 0.00508357 0.0020335 0.00173079 -0.0120003 0
internal_weight=3.36086 2.17721 1.40797 0.301807 1.18365 1.00915 0.835388 1.10616 0.76924 0.534177
internal_count=1932 1797 125 61 135 117 108 64 1672 48
is_linear=0
shrinkage=0.03


Tree=182
num_leaves=12
num_cat=0
split_feature=1 2 0 2 0 2 1 1 1 0 0
split_gain=0.17698 0.0663693 0.033942 0.0122835 0.010982 0.0435473 0.0164444 0.00744069 0.00538779 0.00248955 0.000370882
threshold=0.2527188684706046 1.2207004806465929 0.69196726636906569 1.7249307768212183 0.8007821470548625 1.7249307768212183 0.77359445008287686 0.00023761515053535005 0.00023761515053535005 1.0801070067053755 1.0113039390637699
decision_type=2 2 2 2 2 2 2 2 2 2 2
left_child=1 8 3 -3 5 6 -2 10 -1 -10 -4
right_child=4 2 7 -5 -6 -7 -8 -9 9 -11 -12
leaf_value=-0.019524860095947456 0.0020437737705375466 -0.0059905594521604153 -0.00089356079605436647 -0.002189260213607385 0.019528680276624962 0.012303846232573632 0.0067071435806045814 0.0020437737705375466 -0.0087006859029524052 -0.0059905594521604153 0
leaf_weight=0.24333108498467559 0.23165068560047053 0.18910734543169372 0.36805225353600668 0.11051916470751166 0.17369706151657727 0.17253411281853914 0.59716227976605296 0.57059210172155872 0.26693007953508641 0.25108339614234865 0.16469482256798074
leaf_count=1037 63 54 38 7 18 9 45 16 603 32 10
internal_value=0 -0.00506177 0 -0.00599056 0.00914931 0.00507901 0.00204377 0.00161204 -0.0119811 -0.00599056 0
internal_weight=3.33935 2.16431 1.40297 0.299627 1.17504 1.00135 0.828813 1.10334 0.761345 0.518013 0.532747
internal_count=1932 1797 125 61 135 117 108 64 1672 635 48
is_linear=0
shrinkage=0.03


Tree=183
num_leaves=11
num_cat=0
split_feature=1 2 0 2 0 2 1 1 1 0
split_gain=0.177502 0.0648632 0.0328095 0.0124996 0.0117501 0.0431269 0.0160949 0.00740539 0.00355763 0.000494544
threshold=0.2527188684706046 1.2207004806465929 0.69196726636906569 1.7249307768212183 0.8007821470548625 1.7249307768212183 0.77359445008287686 0.00023761515053535005 0.012030598410506252 1.0113039390637699
decision_type=2 2 2 2 2 2 2 2 2 2
left_child=1 8 3 -3 5 6 -2 9 -1 -4
right_child=4 2 7 -5 -6 -7 -8 -9 -10 -11
leaf_value=-0.016729652229399254 0.0020585489015044166 -0.0060013546555838654 -0.0010334465601620146 -0.0022492641654250542 0.019698798217487875 0.012384741653827139 0.0066904417213638143 0.0020585489015044166 -0.0060013546555838654 0
leaf_weight=0.3984626394430969 0.22998876906058263 0.18772841429745302 0.36674601514096117 0.10987237980589271 0.17332106197136454 0.17128493171185255 0.59214429371058941 0.56908413930796087 0.3566926083076396 0.16433602152392268
leaf_count=1342 63 54 38 7 18 9 45 16 330 10
internal_value=0 -0.00507962 -4.03884e-05 -0.00600135 0.00919671 0.00507069 0.00205855 0.00150283 -0.0119623 0
internal_weight=3.31966 2.15292 1.39777 0.297601 1.16674 0.993418 0.822133 1.10017 0.755155 0.531082
internal_count=1932 1797 125 61 135 117 108 64 1672 48
is_linear=0
shrinkage=0.03


Tree=184
num_leaves=8
num_cat=0
split_feature=1 2 1 0 0 2 2
split_gain=0.179326 0.0687217 0.0517613 0.0363697 0.0139841 0.0431459 0.00990071
threshold=0.2527188684706046 1.578387011569274 0.047943324547840907 0.69196726636906569 0.8007821470548625 1.7249307768212183 1.7249307768212183
decision_type=2 2 2 2 2 2 2
left_child=1 2 -1 6 5 -2 -3
right_child=4 3 -4 -5 -6 -7 -8
leaf_value=-0.014467812879886277 0.0020791048227655502 -0.0056199486419574564 -0.0056199486419574564 0.0020791048227655502 0.020076739676357525 0.012557619202150726 -0.0017704219095959533
leaf_weight=0.7686408204199332 0.81441784996422917 0.1685770882759241 0.12518033095329884 0.96797339199110866 0.17411103978520259 0.16986646596342325 0.109592214692384
leaf_count=1652 108 25 80 33 18 9 7
internal_value=0 -0.0051191 -0.0112399 0 0.00927731 0.0050385 -0.00561995
internal_weight=3.29836 2.13996 0.893821 1.24614 1.1584 0.984284 0.278169
internal_count=1932 1797 1732 65 135 117 32
is_linear=0
shrinkage=0.03


Tree=185
num_leaves=9
num_cat=0
split_feature=1 2 0 0 2 1 0 1
split_gain=0.197222 0.0684823 0.0308177 0.0231423 0.0148446 0.00912228 0.00091716 0.000884821
threshold=0.2527188684706046 1.2207004806465929 0.69196726636906569 0.8007821470548625 1.7249307768212183 0.00023761515053535005 1.0113039390637699 0.011870326306241252
decision_type=2 2 2 2 2 2 2 2
left_child=1 7 4 -2 -3 6 -4 -1
right_child=3 2 5 -5 -6 -7 -8 -9
leaf_value=-0.017172763237629011 0.0051027260017970635 -0.0063354760413443312 -0.0014133724948365573 0.021623939514224932 -0.0025525511326762169 0.002160827750171269 0 -0.0063354760413443312
leaf_weight=0.39423445781631095 0.97838636786036637 0.18586758828314476 0.36609955585299736 0.1813816815847531 0.10843559168279171 0.55899289262015373 0.15974930516676977 0.35605104596197634
leaf_count=1338 117 54 38 18 7 16 10 334
internal_value=0 -0.00539174 -0.000175789 0.0097134 -0.00633548 0.00123037 -0.000100059 -0.0124952
internal_weight=3.2892 2.12943 1.37914 1.15977 0.294303 1.08484 0.525849 0.750286
internal_count=1932 1797 125 135 61 64 48 1672
is_linear=0
shrinkage=0.03


Tree=186
num_leaves=9
num_cat=0
split_feature=1 2 0 0 2 1 1 0
split_gain=0.193123 0.0644529 0.0299878 0.0177922 0.0146424 0.00892386 0.00200671 0.00104413
threshold=0.2527188684706046 1.2207004806465929 0.69196726636906569 0.8007821470548625 1.7249307768212183 0.00023761515053535005 0.012030598410506252 1.0113039390637699
decision_type=2 2 2 2 2 2 2 2
left_child=1 6 4 -2 -3 7 -1 -4
right_child=3 2 5 -5 -6 -7 -8 -9
leaf_value=-0.017195525403248858 0.0051134229095422474 -0.0063017686803043278 -0.0015226087179659731 0.020634515158113476 -0.0026005737817259684 0.0021142050022969431 -0.0063017686803043278 0
leaf_weight=0.3838846632179419 0.97469707127311245 0.18527226953301568 0.36522143398178719 0.186484510631999 0.10803152015432715 0.55827873980160803 0.35573407565971138 0.1593361490231473
leaf_count=1342 117 54 38 18 7 16 330 10
internal_value=0 -0.00536508 -0.000263102 0.00959349 -0.00630177 0.00110062 -0.0123404 -0.000199665
internal_weight=3.27694 2.11576 1.37614 1.16118 0.293304 1.08284 0.739619 0.524558
internal_count=1932 1797 125 135 61 64 1672 48
is_linear=0
shrinkage=0.03


Tree=187
num_leaves=9
num_cat=0
split_feature=1 2 0 0 2 1 0 1
split_gain=0.190899 0.0613006 0.0290753 0.0164647 0.0144771 0.00883301 0.00115927 0.00107473
threshold=0.2527188684706046 1.2207004806465929 0.69196726636906569 0.8007821470548625 1.7249307768212183 0.00023761515053535005 1.0113039390637699 0.012030598410506252
decision_type=2 2 2 2 2 2 2 2
left_child=1 7 4 -2 -3 6 -4 -1
right_child=3 2 5 -5 -6 -7 -8 -9
leaf_value=-0.017001363046873486 0.0051134828487504709 -0.0062698418282626138 -0.0016213376927308551 0.020456723800708773 -0.0026416865201796258 0.0021051639456182614 0 -0.0062698418282626138
leaf_weight=0.37854301357219888 0.97051100876706164 0.18436855917389028 0.36438713435927617 0.18489322884124704 0.10751462122425437 0.55650750064523891 0.15879568335367367 0.35399261279599159
leaf_count=1342 117 54 38 18 7 16 10 330
internal_value=0 -0.00534955 -0.0003298 0.00955987 -0.00626984 0.000986469 -0.000283196 -0.0122099
internal_weight=3.25951 2.10411 1.37157 1.1554 0.291883 1.07969 0.523183 0.732536
internal_count=1932 1797 125 135 61 64 48 1672
is_linear=0
shrinkage=0.03


Tree=188
num_leaves=9
num_cat=0
split_feature=1 2 0 0 2 1 0 0
split_gain=0.191537 0.0596397 0.028339 0.0172109 0.0145553 0.00874324 0.00126052 0.000129309
threshold=0.2527188684706046 1.2207004806465929 0.69196726636906569 0.8007821470548625 1.7249307768212183 0.00023761515053535005 1.0113039390637699 0.63047152422883579
decision_type=2 2 2 2 2 2 2 2
left_child=1 -1 4 7 -3 6 -4 -2
right_child=3 2 5 -5 -6 -7 -8 -9
leaf_value=-0.012188125374984966 0.0021111386445792873 -0.0062889031051692754 -0.0017062051974938432 0.020620066584313521 -0.0027032155267440747 0.0021111386445792873 0 0.0058140157484670918
leaf_weight=0.72644645522086726 0.19550992108997867 0.18349863546609402 0.36351480018492999 0.18393164093140513 0.10693426849320531 0.55426877760328352 0.15823349569109268 0.77057498473732267
leaf_count=1672 45 54 38 18 7 16 10 72
internal_value=0 -0.00537375 -0.000389681 0.00959603 -0.0062889 0.000882472 -0.000348225 0.00510952
internal_weight=3.24291 2.0929 1.36645 1.15002 0.290433 1.07602 0.521748 0.966085
internal_count=1932 1797 125 135 61 64 48 117
is_linear=0
shrinkage=0.03


Tree=189
num_leaves=9
num_cat=0
split_feature=1 2 0 0 2 1 0 0
split_gain=0.197139 0.0602699 0.027536 0.0204504 0.0151222 0.00858674 0.00134403 0.000183432
threshold=0.2527188684706046 1.2207004806465929 0.69196726636906569 0.8007821470548625 1.7249307768212183 0.00023761515053535005 1.0113039390637699 0.63047152422883579
decision_type=2 2 2 2 2 2 2 2
left_child=1 -1 4 7 -3 6 -4 -2
right_child=3 2 5 -5 -6 -7 -8 -9
leaf_value=-0.012333985684911099 0.0021335661526118259 -0.0063879346856360554 -0.0017718656078075505 0.021077894658426237 -0.0028074057465223064 0.0021335661526118259 0 0.005807072058349327
leaf_weight=0.72419341605927989 0.193685992475366 0.18251617586065538 0.36282700739684492 0.18797735561383888 0.1063239979557693 0.55152210919186473 0.15783251516404562 0.76750546017137822
leaf_count=1672 45 54 38 18 7 16 10 72
internal_value=0 -0.00546661 -0.000441884 0.00973375 -0.00638793 0.000773123 -0.000389214 0.00509928
internal_weight=3.23438 2.08522 1.36102 1.14917 0.28884 1.07218 0.52066 0.961191
internal_count=1932 1797 125 135 61 64 48 117
is_linear=0
shrinkage=0.03


Tree=190
num_leaves=9
num_cat=0
split_feature=1 2 0 1 2 1 0 2
split_gain=0.187185 0.0567498 0.0652253 0.0550715 0.0334766 0.0275527 0.014246 0.0420506
threshold=0.2527188684706046 1.7249307768212183 0.69196726636906569 0.00023761515053535005 1.7087961465368255 0.034925949729669011 0.8007821470548625 1.7249307768212183
decision_type=2 2 2 2 2 2 2 2
left_child=1 2 5 4 -4 -1 7 -2
right_child=6 -3 3 -5 -6 -7 -8 -9
leaf_value=-0.024890722544485072 0.0021023927859641568 0.0021023927859641568 -0.012277321540647633 -0.0027711987395179979 -0.0073453085413123049 -0.012277321540647633 0.020219293087901376 0.012671233276792676
leaf_weight=0.24692649629651064 0.78876892800326437 0.28242042288184155 0.45089862386612356 1.0113788862199724 0.047328867018222809 0.035938013079430675 0.18101610089070164 0.16824641264975071
leaf_count=699 108 14 567 483 2 32 18 9
internal_value=0 -0.00533208 -0.00764479 -0.00359647 -0.0119194 -0.0209582 0.00953687 0.00512317
internal_weight=3.21292 2.07489 1.79247 1.50961 0.498227 0.282865 1.13803 0.957015
internal_count=1932 1797 1783 1052 569 731 135 117
is_linear=0
shrinkage=0.03


Tree=191
num_leaves=9
num_cat=0
split_feature=1 2 0 1 2 1 0 0
split_gain=0.187547 0.0537492 0.0721134 0.0505844 0.0339943 0.017218 0.0139285 7.69322e-05
threshold=0.2527188684706046 1.7249307768212183 0.69196726636906569 0.00023761515053535005 1.7087961465368255 0.034925949729669011 0.8007821470548625 0.63047152422883579
decision_type=2 2 2 2 2 2 2 2
left_child=1 2 5 4 -4 -1 7 -2
right_child=6 -3 3 -5 -6 -7 -8 -9
leaf_value=-0.024828560456520387 0.0021132221116959616 0.0021132221116959616 -0.012536714464511435 -0.0027436852661213889 -0.007128255247622714 -0.012536714464511435 0.02027455436710306 0.0058488736338882935
leaf_weight=0.24278917722313131 0.19125784010975599 0.28102551074698556 0.44669866041840567 1.0104278472172152 0.047167148441076279 0.032556604197452543 0.17937717723543756 0.75894726418482605
leaf_count=699 45 14 567 483 2 32 18 72
internal_value=0 -0.00535447 -0.00760059 -0.00345727 -0.0115128 -0.0216162 0.00958091 0.0051499
internal_weight=3.19025 2.06066 1.77964 1.50429 0.493866 0.275346 1.12958 0.950205
internal_count=1932 1797 1783 1052 569 731 135 117
is_linear=0
shrinkage=0.03


Tree=192
num_leaves=10
num_cat=0
split_feature=1 2 0 0 2 1 0 0 1
split_gain=0.19094 0.055737 0.0306709 0.0171691 0.0115882 0.00798605 0.000500954 0.000158748 0.000155002
threshold=0.2527188684706046 1.2207004806465929 0.69196726636906569 0.8007821470548625 1.7249307768212183 0.00023761515053535005 1.0113039390637699 0.63047152422883579 0.10847587202392477
decision_type=2 2 2 2 2 2 2 2 2
left_child=1 8 4 7 -3 6 -4 -2 -1
right_child=3 2 5 -5 -6 -7 -8 -9 -10
leaf_value=-0.012338214950883844 0.0021303468305705056 -0.0062797284474322007 -0.0010565922442319178 0.020784720903144028 -0.0026727942153073241 0.0021303468305705056 0 0.0058160107339717835 -0.0062797284474322007
leaf_weight=0.69998921042497464 0.18949045844783519 0.17516022281779431 0.35426319776161086 0.18057144008344039 0.10567368241026998 0.54617834667442366 0.15453026705654338 0.7552252648602007 0.013234331920102704
leaf_count=1651 45 54 38 18 7 16 10 72 21
internal_value=0 -0.0054209 -0.000470544 0.00968159 -0.00627973 0.00093414 -2.85473e-05 0.00511331 -0.0120889
internal_weight=3.17432 2.04903 1.33581 1.12529 0.280834 1.05497 0.508793 0.944716 0.713224
internal_count=1932 1797 125 135 61 64 48 117 1672
is_linear=0
shrinkage=0.03


Tree=193
num_leaves=10
num_cat=0
split_feature=1 2 0 0 2 1 0 0 1
split_gain=0.211555 0.0640766 0.0304259 0.0300156 0.0136171 0.00811315 0.000594094 0.000450977 7.48412e-05
threshold=0.2527188684706046 1.2207004806465929 0.8007821470548625 0.69196726636906569 1.7249307768212183 0.00023761515053535005 1.0113039390637699 0.63047152422883579 0.10847587202392477
decision_type=2 2 2 2 2 2 2 2 2
left_child=1 8 7 4 -3 6 -5 -2 -1
right_child=2 3 -4 5 -6 -7 -8 -9 -10
leaf_value=-0.013078940881321057 0.0022175852744269705 -0.006651652117252594 0.022647454411570594 -0.0011542149550406184 -0.0029058319277540049 0.0022175852744269705 0 0.0058189761937975622 -0.006651652117252594
leaf_weight=0.70309937257297939 0.18680997457704485 0.1734345214354106 0.19091957967611961 0.35494327424385097 0.10482380958274007 0.54119592701317742 0.15396475396119058 0.75238291481218766 0.013133962180290837
leaf_count=1651 45 54 18 38 7 16 10 72 21
internal_value=0 -0.00572345 0.0101586 -0.000481715 -0.00665165 0.000839988 -9.25389e-05 0.00508707 -0.0128216
internal_weight=3.17471 2.0446 1.13011 1.32836 0.278258 1.0501 0.508908 0.939193 0.716233
internal_count=1932 1797 135 125 61 64 48 117 1672
is_linear=0
shrinkage=0.03


Tree=194
num_leaves=9
num_cat=0
split_feature=1 2 0 0 2 1 0 0
split_gain=0.279605 0.0937439 0.074555 0.0296811 0.018595 0.0084291 0.00140361 0.0006394
threshold=0.2527188684706046 1.2207004806465929 0.8007821470548625 0.69196726636906569 1.7249307768212183 0.00023761515053535005 0.63047152422883579 1.0113039390637699
decision_type=2 2 2 2 2 2 2 2
left_child=1 -1 6 4 -3 7 -2 -5
right_child=2 3 -4 5 -6 -7 -8 -9
leaf_value=-0.014990417441676401 0.0024284538729339878 -0.0077314873420519263 0.026949520793250747 -0.0012019013080950727 -0.0034876574224844527 0.0024284538729339878 0.0058080039847938445 0
leaf_weight=0.73386871459388281 0.18190330387733389 0.17203898043953803 0.22858270793221891 0.35445706781320019 0.10363500751554966 0.52976626646704972 0.74941571275121532 0.15285692876204848
leaf_count=1672 45 54 18 38 7 16 72 10
internal_value=0 -0.00662709 0.011484 -0.000472557 -0.00773149 0.000756172 0.00497986 -0.000125698
internal_weight=3.20652 2.04662 1.1599 1.31275 0.275674 1.03708 0.931319 0.507314
internal_count=1932 1797 135 125 61 64 117 48
is_linear=0
shrinkage=0.03


Tree=195
num_leaves=9
num_cat=0
split_feature=1 2 0 0 2 1 0 0
split_gain=0.231238 0.069589 0.0406719 0.0280246 0.0154542 0.00764978 0.000735946 0.00070957
threshold=0.2527188684706046 1.2207004806465929 0.8007821470548625 0.69196726636906569 1.7249307768212183 0.00023761515053535005 0.63047152422883579 1.0113039390637699
decision_type=2 2 2 2 2 2 2 2
left_child=1 -1 6 4 -3 7 -2 -5
right_child=2 3 -4 5 -6 -7 -8 -9
leaf_value=-0.013415245863020122 0.0022799970049075901 -0.0069910616755066001 0.023725584912396749 -0.0012712460024313476 -0.0031907010597547422 0.0022799970049075901 0.0058285304389974566 0
leaf_weight=0.71492954630684913 0.18283568063634426 0.17120412836084131 0.20594254031311721 0.35524380198330596 0.10357405804097652 0.53447052871342748 0.74619190492376219 0.15312946756603196
leaf_count=1672 45 54 18 38 7 16 72 10
internal_value=0 -0.00602002 0.01058 -0.000566877 -0.00699106 0.00060966 0.00507096 -0.000170793
internal_weight=3.16752 2.03255 1.13497 1.31762 0.274778 1.04284 0.929028 0.508373
internal_count=1932 1797 135 125 61 64 117 48
is_linear=0
shrinkage=0.03


Tree=196
num_leaves=9
num_cat=0
split_feature=1 2 0 0 2 1 0 0
split_gain=0.19949 0.0531487 0.0265497 0.0201786 0.0130306 0.00702352 0.000808059 0.000216705
threshold=0.2527188684706046 1.2207004806465929 0.69196726636906569 0.8007821470548625 1.7249307768212183 0.00023761515053535005 1.0113039390637699 0.63047152422883579
decision_type=2 2 2 2 2 2 2 2
left_child=1 -1 4 7 -3 6 -4 -2
right_child=3 2 5 -5 -6 -7 -8 -9
leaf_value=-0.01221452806112055 0.0021733267388758222 -0.0064378624707455466 -0.0013655012978217775 0.021245897470698848 -0.0029809510301027765 0.0021733267388758222 0 0.0058393198205014063
leaf_weight=0.69984460914565794 0.1830753637186715 0.1707254162756725 0.35440400402148931 0.18775410289526917 0.10341447731480002 0.53733284812187776 0.15322540435590781 0.74303228748613037
leaf_count=1672 45 54 38 18 7 16 10 72
internal_value=0 -0.00558944 -0.000661197 0.00993609 -0.00643786 0.00047596 -0.00021921 0.00513564
internal_weight=3.13281 2.01895 1.3191 1.11386 0.27414 1.04496 0.507629 0.926108
internal_count=1932 1797 125 135 61 64 48 117
is_linear=0
shrinkage=0.03


Tree=197
num_leaves=8
num_cat=0
split_feature=1 2 0 1 2 1 0
split_gain=0.183879 0.0503415 0.0605263 0.0430733 0.0336915 0.0213887 0.0108907
threshold=0.2527188684706046 1.7249307768212183 0.69196726636906569 0.00021293508180020003 1.7087961465368255 0.034925949729669011 0.8007821470548625
decision_type=2 2 2 2 2 2 2
left_child=1 2 5 4 -4 -1 -2
right_child=6 -3 3 -5 -6 -7 -8
leaf_value=-0.024533184114598022 0.0051634038361694492 0.0021190393197369891 -0.012251705882328033 -0.0027214316828546481 -0.006945475913428885 -0.012251705882328033 0.019876295708948284
leaf_weight=0.23030360305347208 0.92252163117518626 0.27359046041965474 0.43220678811940139 0.99302817329589743 0.04679512232542038 0.03272500949606183 0.17790365408291109
leaf_count=699 117 14 550 500 2 32 18
internal_value=0 -0.00536828 -0.0075619 -0.00357996 -0.0111695 -0.0209235 0.00960636
internal_weight=3.10907 2.00865 1.73506 1.47203 0.479002 0.263029 1.10043
internal_count=1932 1797 1783 1052 552 731 135
is_linear=0
shrinkage=0.03


Tree=198
num_leaves=8
num_cat=0
split_feature=1 2 0 1 2 1 0
split_gain=0.174216 0.0435183 0.066457 0.0411453 0.0321457 0.0223724 0.0105794
threshold=0.2527188684706046 1.7249307768212183 0.69196726636906569 0.00021293508180020003 1.7087961465368255 0.034925949729669011 0.63047152422883579
decision_type=2 2 2 2 2 2 2
left_child=1 2 5 4 -4 -1 -2
right_child=6 -3 3 -5 -6 -7 -8
leaf_value=-0.0247508618555401 0.0020786950880755987 0.0020786950880755987 -0.012141302438417458 -0.0025941689114991852 -0.0066157561401931622 -0.012141302438417458 0.01076838263908674
leaf_weight=0.22807779245977178 0.18165016421698943 0.26979715609922994 0.4305203556523336 0.98871600453730935 0.046152140945196152 0.032646138844938832 0.90891242832003627
leaf_count=699 45 14 550 500 2 32 90
internal_value=0 -0.00523753 -0.00726703 -0.00320577 -0.0106373 -0.0210768 0.00939492
internal_weight=3.08647 1.99591 1.72611 1.46539 0.476672 0.260724 1.09056
internal_count=1932 1797 1783 1052 552 731 135
is_linear=0
shrinkage=0.03


Tree=199
num_leaves=9
num_cat=0
split_feature=1 0 2 2 1 1 0 1
split_gain=0.166028 0.0413859 0.0584358 0.0541262 0.0320946 0.0174537 0.00956258 0.00651671
threshold=0.2527188684706046 0.69196726636906569 1.7249307768212183 1.578387011569274 0.047943324547840907 0.034925949729669011 0.63047152422883579 0.00023761515053535005
decision_type=2 2 2 2 2 2 2 2
left_child=1 2 5 4 -3 -1 -2 -5
right_child=6 3 -4 7 -6 -7 -8 -9
leaf_value=-0.025506634963524823 0.0020480543255754543 -0.0080532596876183773 -0.0080532596876183773 0 -0.0031285098659249353 -0.014911545745456022 0.010536030672425738 0.0020480543255754543
leaf_weight=0.22958525194007995 0.18037837915471733 0.59864713177830686 0.1035479842685163 0.47922307346016169 0.10868932262746966 0.032409825580543838 0.9016770734306192 0.43631190620362759
leaf_count=699 45 970 7 25 56 32 90 8
internal_value=0 -0.00511607 -0.0143284 -0.00177815 -0.00805326 -0.0217698 0.00921218 0.00179624
internal_weight=3.07047 1.98841 0.365543 1.62287 0.707336 0.261995 1.08206 0.915535
internal_count=1932 1797 738 1059 1026 731 135 33
is_linear=0
shrinkage=0.03


Tree=200
num_leaves=5
num_cat=0
split_feature=1 2 0 0
split_gain=0.158366 0.038716 0.0525767 0.00860551
threshold=0.18042215857860808 1.7249307768212183 1.0113039390637699 0.63047152422883579
decision_type=2 2 2 2
left_child=1 2 -1 -2
right_child=3 -3 -4 -5
leaf_value=-0.010737518976547849 0.0019969858474985698 0.0017827889502573377 -0.0025775089315707832 0.010279226604804322
leaf_weight=1.1323210532427768 0.17968161081807899 0.26470085280016054 0.57971387558882259 0.89851389976684004
leaf_count=1455 46 14 321 96
internal_value=0 -0.00501477 -0.00693781 0.00900874
internal_weight=3.05493 1.97674 1.71203 1.0782
internal_count=1932 1790 1776 142
is_linear=0
shrinkage=0.03


Tree=201
num_leaves=7
num_cat=0
split_feature=1 2 0 2 0 0
split_gain=0.151762 0.0357641 0.0149285 0.032357 0.0080565 0.00181065
threshold=0.2527188684706046 1.2207004806465929 1.0113039390637699 1.7249307768212183 0.63047152422883579 1.0801070067053755
decision_type=2 2 2 2 2 2
left_child=1 5 3 -3 -2 -1
right_child=4 2 -4 -5 -6 -7
leaf_value=-0.014387713517177441 0.0019890474256267598 -0.005582516364344859 0.0019890474256267598 -0.00054453641218340837 0.010117790911053188 -0.005582516364344859
leaf_weight=0.39453460515778749 0.1776647647784555 0.87704972514620727 0.23703802388627071 0.19074260070919991 0.88940943326451816 0.27492190299381036
leaf_count=1596 45 101 13 11 90 76
internal_value=0 -0.00489834 -0.00060262 -0.00307812 0.00887643 -0.0105624
internal_weight=3.04136 1.97429 1.30483 1.06779 1.06707 0.669457
internal_count=1932 1797 125 112 135 1672
is_linear=0
shrinkage=0.03


Tree=202
num_leaves=7
num_cat=0
split_feature=1 2 0 2 0 0
split_gain=0.145754 0.0363679 0.0132707 0.0311702 0.00818215 0.0032432
threshold=0.10847587202392477 1.2207004806465929 1.0113039390637699 1.7249307768212183 0.63047152422883579 1.0801070067053755
decision_type=2 2 2 2 2 2
left_child=1 5 3 -3 -2 -1
right_child=4 2 -4 -5 -6 -7
leaf_value=-0.01471740241338175 0.0018947210448369575 -0.0056063905652250163 0.0018947210448369575 -0.00051648705678386455 0.0098707191147399571 -0.0056063905652250163
leaf_weight=0.37732842393097632 0.17775938366685273 0.87539406746509463 0.23520897727576073 0.18998690228909254 0.89610660161270062 0.27299801891058451
leaf_count=1575 48 100 13 11 109 76
internal_value=0 -0.00485583 -0.000559017 -0.0029277 0.00864528 -0.0106538
internal_weight=3.02478 1.95092 1.30059 1.06538 1.07387 0.650326
internal_count=1932 1775 124 111 157 1651
is_linear=0
shrinkage=0.03


Tree=203
num_leaves=8
num_cat=0
split_feature=1 2 0 2 2 0 0
split_gain=0.140135 0.0342698 0.0120999 0.0301213 0.00869772 0.0429053 0.00377137
threshold=0.10847587202392477 1.2207004806465929 1.0113039390637699 1.7249307768212183 1.7249307768212183 0.74811773779688162 1.0801070067053755
decision_type=2 2 2 2 2 2 2
left_child=1 6 3 -3 5 -2 -1
right_child=4 2 -4 -5 -6 -7 -8
leaf_value=-0.014498222283263286 0.0018643611551465312 -0.0055031449566488597 0.0018643611551465312 -0.0004836372254083365 0.018255228685448221 0.011285799034185086 -0.0055031449566488597
leaf_weight=0.37287691794699673 0.73541079335700466 0.87430427839717573 0.2336413568118586 0.18931417167186737 0.16246615257114172 0.16993614464445272 0.27110443416313501
leaf_count=1575 117 100 13 11 9 31 76
internal_value=0 -0.00477203 -0.000557337 -0.00283164 0.00850075 0.00431637 -0.010449
internal_weight=3.00905 1.94124 1.29726 1.06362 1.06781 0.905347 0.643981
internal_count=1932 1775 124 111 157 148 1651
is_linear=0
shrinkage=0.03


Tree=204
num_leaves=7
num_cat=0
split_feature=1 2 0 2 0 0
split_gain=0.136239 0.0320654 0.0110653 0.0292337 0.00746612 0.00490897
threshold=0.10847587202392477 1.2207004806465929 1.0113039390637699 1.7249307768212183 0.63047152422883579 1.0801070067053755
decision_type=2 2 2 2 2 2
left_child=1 5 3 -3 -2 -1
right_child=4 2 -4 -5 -6 -7
leaf_value=-0.014348927719996327 0.001859245878412306 -0.0054176986932319687 0.001859245878412306 -0.00044903610259113046 0.0096121114442335696 -0.0054176986932319687
leaf_weight=0.36844229886946811 0.17529312401893526 0.87371132880070923 0.23239069487317454 0.18881051149219275 0.8825663203606382 0.26952489527320722
leaf_count=1575 48 100 13 11 109 76
internal_value=0 -0.00470798 -0.000579892 -0.00275732 0.00842647 -0.0102555
internal_weight=2.99074 1.93288 1.29491 1.06252 1.05786 0.637967
internal_count=1932 1775 124 111 157 1651
is_linear=0
shrinkage=0.03


Tree=205
num_leaves=10
num_cat=0
split_feature=1 2 2 1 0 2 1 0 2
split_gain=0.131577 0.05221 0.0291495 0.0741509 0.00647668 0.00488502 0.0116345 0.0085511 0.00253416
threshold=0.019383056740253403 1.5992324138040368 1.7249307768212183 0.77359445008287686 0.74811773779688162 1.7249307768212183 0.00021293508180020003 0.94926541252245089 1.0063379226837876
decision_type=2 2 2 2 2 2 2 2 2
left_child=1 -1 3 4 -2 6 7 -3 -6
right_child=2 5 -4 -5 8 -7 -8 -9 -10
leaf_value=-0.014215361807116373 -0.00067975104175269248 -0.0074475564244345328 0.017964788131469952 0.010351190693339131 0.00064782872265100678 -0.00067975104175269248 -0.0017450610467304403 -0.0039658065977545296 0.0030615116364296267
leaf_weight=0.50916078667614806 0.28028210009688315 0.19861333351582289 0.15884543955326069 0.62199406558647752 0.12512614495062735 0.26060946146026254 0.18470642389729619 0.16766672395169735 0.4695958876509394
leaf_count=1486 146 25 9 54 98 14 8 7 85
internal_value=0 -0.00692092 0.00556142 0.00273759 -0.000679751 -0.000679751 -0.00281037 -0.00618655 0.00197541
internal_weight=2.9766 1.32076 1.65584 1.497 0.875004 0.811596 0.550986 0.36628 0.594722
internal_count=1932 1540 392 383 329 54 40 32 183
is_linear=0
shrinkage=0.03


Tree=206
num_leaves=8
num_cat=0
split_feature=1 2 1 2 0 2 0
split_gain=0.128015 0.029821 0.0472358 0.0306447 0.0236771 0.0073518 0.0369857
threshold=0.2527188684706046 1.7249307768212183 0.00021293508180020003 1.7087961465368255 0.69196726636906569 1.7249307768212183 0.8007821470548625
decision_type=2 2 2 2 2 2 2
left_child=1 2 3 -1 -4 6 -2
right_child=5 -3 4 -5 -6 -7 -8
leaf_value=-0.015787333075783495 0.0018925193025080942 0.00087960223313883934 -0.0079902085372902214 -0.0079902085372902214 -0.0026896817187804516 0.017814832276251458 0.010959079910108088
leaf_weight=0.54592335158258753 0.71436186786740996 0.26248486805707205 0.11694098451971491 0.05193361802957952 0.95145580924145179 0.15696092694997787 0.15687221731059253
leaf_count=1072 108 14 206 5 500 9 18
internal_value=0 -0.00453173 -0.00625897 -0.0132907 -0.00268968 0.00831677 0.00410333
internal_weight=2.95693 1.92874 1.66625 0.597857 1.0684 1.0282 0.871234
internal_count=1932 1797 1783 1077 706 135 126
is_linear=0
shrinkage=0.03


Tree=207
num_leaves=9
num_cat=0
split_feature=1 2 0 2 1 1 1 1
split_gain=0.124628 0.0301524 0.0461044 0.00650274 0.0577849 0.000117598 0.00543339 0.0184247
threshold=0.10847587202392477 1.7249307768212183 1.0113039390637699 1.7249307768212183 0.77359445008287686 0.00021293508180020003 0.00027608881420250003 0.058983522649311407
decision_type=2 2 2 2 2 2 2 2
left_child=1 2 5 4 -2 -1 -7 -8
right_child=3 -3 -4 -5 -6 6 7 -9
leaf_value=-0.014772439266659658 0.00182850942648935 0.00094154327659414134 -0.0026671826631511882 0.01755557534309761 0.010631097453012568 -0.0062904688668066347 -0.0062904688668066347 -0.0062904688668066347
leaf_weight=0.45021990527448019 0.26661916584271217 0.26419603079557408 0.55023758455718041 0.1539343036711216 0.61184314917773008 0.080952177416293125 0.44857207200766425 0.1152706868142559
leaf_count=949 94 14 318 9 54 81 383 30
internal_value=0 -0.00451322 -0.00627591 0.00817024 0.00405321 -0.00991376 -0.00629047 -0.00629047
internal_weight=2.94185 1.90945 1.64525 1.0324 0.878462 1.09501 0.644795 0.563843
internal_count=1932 1775 1761 157 148 1443 494 413
is_linear=0
shrinkage=0.03


Tree=208
num_leaves=7
num_cat=0
split_feature=1 0 2 2 2 1
split_gain=0.119816 0.0417939 0.0815818 0.0383072 0.00643237 0.0554418
threshold=0.10847587202392477 0.69196726636906569 1.7249307768212183 1.578387011569274 1.7249307768212183 0.77359445008287686
decision_type=2 2 2 2 2 2
left_child=1 2 -1 -3 5 -2
right_child=4 3 -4 -5 -6 -7
leaf_value=-0.022726055946232313 0.0018210437346601305 -0.0068272143340891173 -0.0072014047856217055 0.0018210437346601305 0.017398929269667792 0.010441810957467584
leaf_weight=0.25200515975620907 0.26398703127051681 0.65638451613267512 0.11138001922518015 0.88527835626155138 0.15199905727058649 0.60578857501968741
leaf_count=725 94 1010 7 33 9 54
internal_value=0 -0.00441934 -0.0133962 -0.00100665 0.00806143 0.00394169
internal_weight=2.92682 1.90505 0.363385 1.54166 1.02177 0.869776
internal_count=1932 1775 732 1043 157 148
is_linear=0
shrinkage=0.03


Tree=209
num_leaves=8
num_cat=0
split_feature=1 2 2 1 0 2 0
split_gain=0.119269 0.0522675 0.024521 0.0662745 0.00582197 0.00276252 0.00123324
threshold=0.019383056740253403 1.7249307768212183 1.7249307768212183 0.77359445008287686 0.74811773779688162 1.0063379226837876 1.0801070067053755
decision_type=2 2 2 2 2 2 2
left_child=1 6 3 4 -2 -6 -1
right_child=2 -3 -4 -5 5 -7 -8
leaf_value=-0.011137326334986077 -0.0006232678856493587 -0.0006232678856493587 0.017259395747238112 0.0099471932303662244 0.00060880801474943449 0.00302891952593591 -0.0052772995255509032
leaf_weight=0.86814299676416362 0.273390258817926 0.26590878143906582 0.15034102275967587 0.60109734465368092 0.12326777217822382 0.46304613232678093 0.16466006321570603
leaf_count=1467 146 14 9 54 98 85 59
internal_value=0 -0.0066276 0.00538106 0.00263499 -0.000623268 0.00184088 -0.00993133
internal_weight=2.90985 1.29871 1.61114 1.4608 0.859704 0.586314 1.0328
internal_count=1932 1540 392 383 329 183 1526
is_linear=0
shrinkage=0.03


Tree=210
num_leaves=9
num_cat=0
split_feature=1 2 0 2 0 1 1 1
split_gain=0.112502 0.0393322 0.0520379 0.00544223 0.0364683 0.00180057 0.00672239 0.0184402
threshold=0.18042215857860808 1.7249307768212183 1.0113039390637699 1.7249307768212183 0.8007821470548625 0.00021293508180020003 0.00027608881420250003 0.058983522649311407
decision_type=2 2 2 2 2 2 2 2
left_child=1 2 5 4 -2 -1 -7 -8
right_child=3 -3 -4 -5 -6 6 7 -9
leaf_value=-0.015194513000090523 0.0018598755434549581 0.0018598755434549581 -0.0022528113484701347 0.017094421249250809 0.01045278499370814 -0.0062137017660601358 -0.0062137017660601358 -0.0062137017660601358
leaf_weight=0.44708031173968288 0.68852072970184952 0.27269396372139443 0.54380651034989558 0.14837989024817944 0.15578954314696603 0.078979629262903472 0.44215116811574262 0.12273273398568563
leaf_count=949 112 14 321 9 21 81 383 42
internal_value=0 -0.00423999 -0.0063655 0.00795974 0.00381115 -0.0101746 -0.0062137 -0.0062137
internal_weight=2.90013 1.90744 1.63475 0.99269 0.84431 1.09094 0.643864 0.564884
internal_count=1932 1790 1776 142 133 1455 506 425
is_linear=0
shrinkage=0.03


Tree=211
num_leaves=7
num_cat=0
split_feature=1 2 2 0 0 0
split_gain=0.113233 0.0520723 0.00664534 0.0296215 0.00572711 0.00475708
threshold=0.2527188684706046 1.301001671769199 1.7249307768212183 1.0113039390637699 0.63047152422883579 1.0801070067053755
decision_type=2 2 2 2 2 2
left_child=1 5 3 -3 -2 -1
right_child=4 2 -4 -5 -6 -7
leaf_value=-0.014896243373589718 0.0019026998933608515 -0.0054292843514498115 0.0019026998933608515 7.2614169225753805e-05 0.0091284435164129055 -0.0054292843514498115
leaf_weight=0.3805736014965081 0.16440676846104896 0.83029753666414741 0.28905619913712144 0.15775663434760645 0.82270702009554952 0.26474713710922515
leaf_count=1610 45 88 14 9 90 76
internal_value=0 -0.0042196 0 -0.00175747 0.008025 -0.0108586
internal_weight=2.90954 1.92243 1.27711 0.988054 0.987114 0.645321
internal_count=1932 1797 111 97 135 1686
is_linear=0
shrinkage=0.03


Tree=212
num_leaves=7
num_cat=0
split_feature=1 2 0 2 0 0
split_gain=0.109924 0.0501005 0.00545546 0.00535061 0.0282245 0.00444946
threshold=0.2527188684706046 1.301001671769199 0.63047152422883579 1.7249307768212183 1.0113039390637699 1.0801070067053755
decision_type=2 2 2 2 2 2
left_child=1 5 -2 4 -3 -1
right_child=2 3 -4 -5 -6 -7
leaf_value=-0.01470573329554143 0.0018736334797579556 -0.0053584884790028849 0.0090007374372616487 0.0018736334797579556 0.00012956568447434192 -0.0053584884790028849
leaf_weight=0.3764845852965667 0.16317799154785451 0.8264665961905846 0.81962419141200371 0.28665450913831592 0.15722474805079401 0.26334387336828513
leaf_count=1610 45 88 90 14 9 76
internal_value=0 -0.00417328 0.00792054 0 -0.0016145 -0.010717
internal_weight=2.89298 1.91017 0.982802 1.27035 0.983691 0.639828
internal_count=1932 1797 135 111 97 1686
is_linear=0
shrinkage=0.03


Tree=213
num_leaves=9
num_cat=0
split_feature=1 2 1 2 1 0 2 1
split_gain=0.10666 0.0482112 0.0469986 0.00550268 0.0524497 0.00500221 0.0159928 0.00906328
threshold=0.2527188684706046 1.578387011569274 0.025834084719006153 1.7249307768212183 0.77359445008287686 0.69196726636906569 1.7249307768212183 0.00023761515053535005
decision_type=2 2 2 2 2 2 2 2
left_child=1 2 -1 4 -2 6 -3 -7
right_child=3 5 -4 -5 -6 7 -8 -9
leaf_value=-0.014973722362421895 0.0018462920917509749 -0.0048622919599628439 -0.0048622919599628439 0.016892412744625902 0.010195158273073332 -0.00078764113692495234 -0.0012696800671825245 0.0018462920917509749
leaf_weight=0.51146702912274156 0.24056821509293502 0.13048419880215056 0.24795387611266051 0.14630636852234602 0.59154044883325696 0.46198678575456142 0.12171602388843894 0.42557306401431561
leaf_count=1537 72 25 195 9 54 25 7 8
internal_value=0 -0.00412427 -0.00972458 0.00781686 0.00365361 0 -0.00348327 0.000943911
internal_weight=2.8776 1.89918 0.759421 0.978415 0.832109 1.13976 0.2522 0.88756
internal_count=1932 1797 1732 135 126 65 32 33
is_linear=0
shrinkage=0.03


Tree=214
num_leaves=9
num_cat=0
split_feature=1 2 1 2 1 0 2 1
split_gain=0.103471 0.046313 0.0466984 0.00535742 0.0508802 0.00437277 0.0156063 0.00906499
threshold=0.2527188684706046 1.578387011569274 0.025834084719006153 1.7249307768212183 0.77359445008287686 0.69196726636906569 1.7249307768212183 0.00023761515053535005
decision_type=2 2 2 2 2 2 2 2
left_child=1 2 -1 4 -2 6 -3 -7
right_child=3 5 -4 -5 -6 7 -8 -9
leaf_value=-0.014831425581549835 0.0018347932715332073 -0.0047889713389972048 -0.0047889713389972048 0.016756900236581711 0.010059054014625706 -0.00086230391061210517 -0.001214163953887053 0.0018347932715332073
leaf_weight=0.50735294152036692 0.2379374448355519 0.1298007685691116 0.24676107794402924 0.14477878343313932 0.58718252135440707 0.46099214954301715 0.12133752694353461 0.42399761453270912
leaf_count=1537 72 25 195 9 54 25 7 8
internal_value=0 -0.00406654 -0.00957794 0.00773613 0.00357229 0 -0.00328491 0.000856578
internal_weight=2.86014 1.89024 0.754114 0.969899 0.82512 1.13613 0.251138 0.88499
internal_count=1932 1797 1732 135 126 65 32 33
is_linear=0
shrinkage=0.03


Tree=215
num_leaves=8
num_cat=0
split_feature=1 2 1 2 1 0 2
split_gain=0.100391 0.044836 0.0462218 0.00519896 0.0493613 0.00417803 0.0278107
threshold=0.2527188684706046 1.578387011569274 0.025834084719006153 1.7249307768212183 0.77359445008287686 1.0113039390637699 1.7249307768212183
decision_type=2 2 2 2 2 2 2
left_child=1 2 -1 4 -2 6 -3
right_child=3 5 -4 -5 -6 -7 -8
leaf_value=-0.014708875507879049 0.0018232609426393524 -0.0047277456112335354 -0.0047277456112335354 0.016619989438026523 0.0099251578486922454 0.0018232609426393524 0.00033434368434924922
leaf_weight=0.50289221851608124 0.23542446891951829 0.7060895995236931 0.24579468731008092 0.14325776882469654 0.58287047571502626 0.2172876987606287 0.2093944801017642
leaf_count=1537 72 46 195 9 54 8 11
internal_value=0 -0.00400982 -0.00945549 0.00765634 0.00349288 0 -0.00115457
internal_weight=2.84301 1.88146 0.748687 0.961553 0.818295 1.13277 0.915484
internal_count=1932 1797 1732 135 126 65 57
is_linear=0
shrinkage=0.03


Tree=216
num_leaves=8
num_cat=0
split_feature=1 2 1 2 1 0 2
split_gain=0.0970374 0.0448623 0.0461371 0.00516203 0.0478501 0.0037922 0.0266775
threshold=0.2527188684706046 1.578387011569274 0.025834084719006153 1.7249307768212183 0.77359445008287686 1.0113039390637699 1.7249307768212183
decision_type=2 2 2 2 2 2 2
left_child=1 2 -1 4 -2 6 -3
right_child=3 5 -4 -5 -6 -7 -8
leaf_value=-0.014672427820604954 0.0018090833646761241 -0.0047026958992980438 -0.0047026958992980438 0.016482408973557204 0.0097846560193633383 0.0018090833646761241 0.0003822193610083371
leaf_weight=0.49982010889243644 0.23285742975713208 0.7033919657114891 0.24506333902263577 0.1417493624612689 0.57846651715226471 0.2159215584397316 0.20860183518379927
leaf_count=1537 72 46 195 9 54 8 11
internal_value=0 -0.00394605 -0.00940539 0.00756421 0.00339822 0 -0.00104464
internal_weight=2.82587 1.8728 0.744883 0.953073 0.811324 1.12792 0.911994
internal_count=1932 1797 1732 135 126 65 57
is_linear=0
shrinkage=0.03


Tree=217
num_leaves=8
num_cat=0
split_feature=1 2 1 0 0 2 1
split_gain=0.0942502 0.0409035 0.0447807 0.0053213 0.00401979 0.0144116 0.00929563
threshold=0.2527188684706046 1.578387011569274 0.025834084719006153 0.63047152422883579 0.69196726636906569 1.7249307768212183 0.00023761515053535005
decision_type=2 2 2 2 2 2 2
left_child=1 2 -1 -2 5 -3 -6
right_child=3 4 -4 -5 6 -7 -8
leaf_value=-0.014358251458438004 0.0017960425662500625 -0.0045652956452710948 -0.0045652956452710948 0.0085400143359802907 -0.0010573321615072388 -0.0012154443206975102 0.0017960425662500625
leaf_weight=0.49468001044897425 0.15578338951308968 0.12814684899058171 0.2450585236574625 0.78986052388790995 0.4547592643648386 0.12074217339977622 0.42067194916307926
leaf_count=1537 45 25 195 90 25 7 8
internal_value=0 -0.00389415 -0.00913059 0.00748624 0 -0.00320292 0.000772035
internal_weight=2.8097 1.86406 0.739739 0.945644 1.12432 0.248889 0.875431
internal_count=1932 1797 1732 135 65 32 33
is_linear=0
shrinkage=0.03


Tree=218
num_leaves=9
num_cat=0
split_feature=1 2 1 2 1 0 2 1
split_gain=0.0916218 0.0387273 0.0440984 0.00576403 0.0460344 0.00388805 0.0136597 0.00909928
threshold=0.2527188684706046 1.578387011569274 0.025834084719006153 1.7249307768212183 0.77359445008287686 0.69196726636906569 1.7249307768212183 0.00023761515053535005
decision_type=2 2 2 2 2 2 2 2
left_child=1 2 -1 4 -2 6 -3 -7
right_child=3 5 -4 -5 -6 7 -8 -9
leaf_value=-0.014185489608783144 0.0017736225769248684 -0.0044841728615364826 -0.0044841728615364826 0.016328193756724254 0.0095887696408786215 -0.0010708599453040349 -0.001246368503788253 0.0017736225769248684
leaf_weight=0.49008788175660845 0.22910636766755477 0.12777355336584129 0.24415384385156358 0.14005418866872787 0.57241819519549608 0.45446455851197243 0.11967097828164697 0.41938280686736107
leaf_count=1537 72 25 195 9 54 25 7 8
internal_value=0 -0.00384851 -0.00896835 0.00739576 0.00320629 0 -0.00319728 0.000704544
internal_weight=2.79711 1.85553 0.734242 0.941579 0.801525 1.12129 0.247445 0.873847
internal_count=1932 1797 1732 135 126 65 32 33
is_linear=0
shrinkage=0.03


Tree=219
num_leaves=8
num_cat=0
split_feature=1 2 1 2 1 0 2
split_gain=0.0889391 0.0380704 0.0438408 0.00555957 0.0446751 0.00393267 0.0252531
threshold=0.2527188684706046 1.578387011569274 0.025834084719006153 1.7249307768212183 0.77359445008287686 1.0113039390637699 1.7249307768212183
decision_type=2 2 2 2 2 2 2
left_child=1 2 -1 4 -2 6 -3
right_child=3 5 -4 -5 -6 -7 -8
leaf_value=-0.014110625305079103 0.0017634546928539118 -0.0044433795167591874 -0.0044433795167591874 0.01618911234976713 0.0094633584054570046 0.0017634546928539118 0.00029051216577652975
leaf_weight=0.4865516341092192 0.22683422436239187 0.6997707749251274 0.24326727674269932 0.13857985939830542 0.56834224332123995 0.2135555986315012 0.20515007479116321
leaf_count=1537 72 46 195 9 54 8 11
internal_value=0 -0.00379383 -0.00888676 0.00732074 0.00313412 0 -0.00118243
internal_weight=2.78205 1.8483 0.729819 0.933756 0.795176 1.11848 0.904921
internal_count=1932 1797 1732 135 126 65 57
is_linear=0
shrinkage=0.03


Tree=220
num_leaves=8
num_cat=0
split_feature=1 2 1 2 1 0 2
split_gain=0.0858459 0.0402608 0.0446027 0.00548296 0.0432505 0.00414743 0.0244469
threshold=0.2527188684706046 1.578387011569274 0.025834084719006153 1.7249307768212183 0.77359445008287686 1.0113039390637699 1.7249307768212183
decision_type=2 2 2 2 2 2 2
left_child=1 2 -1 4 -2 6 -3
right_child=3 5 -4 -5 -6 -7 -8
leaf_value=-0.014237989925952637 0.0017516244274793137 -0.004482904101697791 -0.004482904101697791 0.016044879934679745 0.0093257224025565227 0.0017516244274793137 0.00032487519680011838
leaf_weight=0.48536296531165168 0.22447457358066447 0.69660993118304737 0.2422940555788955 0.13706497754901648 0.5639569703489542 0.21434740163385868 0.20402646204456687
leaf_count=1537 72 46 195 9 54 8 11
internal_value=0 -0.00372615 -0.00896581 0.0072294 0.00304237 0 -0.00110187
internal_weight=2.76814 1.84264 0.727657 0.925497 0.788432 1.11498 0.900636
internal_count=1932 1797 1732 135 126 65 57
is_linear=0
shrinkage=0.03


Tree=221
num_leaves=7
num_cat=0
split_feature=1 2 1 0 2 0
split_gain=0.083134 0.0392662 0.0428652 0.00710356 0.023632 0.00593812
threshold=0.2527188684706046 1.578387011569274 0.025834084719006153 1.0113039390637699 1.7249307768212183 0.64136744628653053
decision_type=2 2 2 2 2 2
left_child=1 2 -1 4 -3 -2
right_child=5 3 -4 -5 -6 -7
leaf_value=-0.014018377680264057 0.0017450715593639076 -0.0044204445857114671 -0.0044204445857114671 0.0017450715593639076 9.4003050051879241e-05 0.0099188935649899054
leaf_weight=0.48409119899361064 0.39704213822551526 0.69479867501649983 0.24212363016886229 0.22056854143738747 0.20012148842215538 0.52118585127755068
leaf_count=1537 72 46 195 8 11 63
internal_value=0 -0.00365927 -0.00884089 0 -0.00155707 0.00714941
internal_weight=2.75993 1.8417 0.726215 1.11549 0.89492 0.918228
internal_count=1932 1797 1732 65 57 135
is_linear=0
shrinkage=0.03


Tree=222
num_leaves=9
num_cat=0
split_feature=1 2 0 2 1 0 2 1
split_gain=0.0815795 0.0336666 0.0123625 0.00535092 0.0427622 0.00488139 0.0224791 0.00291667
threshold=0.2527188684706046 1.301001671769199 1.0612510697279112 1.7249307768212183 0.77359445008287686 1.0113039390637699 1.7249307768212183 0.025182904843889502
decision_type=2 2 2 2 2 2 2 2
left_child=1 2 -1 4 -2 6 7 -3
right_child=3 5 -4 -5 -6 -7 -8 -9
leaf_value=-0.014708214396054728 0.0017276125212611947 -0.0046372234127777983 -0.0046372234127777983 0.015826715746031932 0.0092717343176752422 0.0017276125212611947 8.5944519029675605e-05 -0.0022756394468740611
leaf_weight=0.29136720954784356 0.2215149403491522 0.51514770467110771 0.30026508707669564 0.13489423599094152 0.55820887349545956 0.22521694854367513 0.2006618189625442 0.29815756343305111
leaf_count=1587 72 81 99 9 54 12 11 7
internal_value=0 -0.00363783 -0.00927445 0.00709305 0.00291159 0 -0.00155572 -0.00463722
internal_weight=2.74543 1.83082 0.591632 0.914618 0.779724 1.23918 1.01397 0.813305
internal_count=1932 1797 1686 135 126 111 99 88
is_linear=0
shrinkage=0.03


Tree=223
num_leaves=10
num_cat=0
split_feature=1 2 0 2 1 0 2 1 0
split_gain=0.0796942 0.0327068 0.01141 0.00509545 0.0416766 0.00407361 0.0121655 0.00947129 0.00112086
threshold=0.2527188684706046 1.301001671769199 1.0612510697279112 1.7249307768212183 0.77359445008287686 0.69196726636906569 1.7249307768212183 0.00023761515053535005 1.0113039390637699
decision_type=2 2 2 2 2 2 2 2 2
left_child=1 2 -1 4 -2 6 -3 8 -7
right_child=3 5 -4 -5 -6 7 -8 -9 -10
leaf_value=-0.014533251497876707 0.0017152473757290876 -0.0045934164146703722 -0.0045934164146703722 0.01570062548231382 0.0091667379631812408 -0.001658590325024707 -0.001658590325024707 0.0017152473757290876 0
leaf_weight=0.28787885145129655 0.21955179301585293 0.13629758621391352 0.29882231848023366 0.13364005740731955 0.55495221214368939 0.32061019803586532 0.11612157896161079 0.51498416822869331 0.14522579160984606
leaf_count=1587 72 47 99 9 54 34 7 14 9
internal_value=0 -0.00360487 -0.00918683 0.00703537 0.00285946 0 -0.00347032 0.00015314 -0.00165859
internal_weight=2.72808 1.81994 0.586701 0.908144 0.774504 1.23324 0.252419 0.98082 0.465836
internal_count=1932 1797 1686 135 126 111 54 57 43
is_linear=0
shrinkage=0.03


Tree=224
num_leaves=8
num_cat=0
split_feature=1 2 0 0 0 2 1
split_gain=0.0778349 0.0314171 0.0106204 0.00552166 0.00405108 0.0216217 0.00250353
threshold=0.2527188684706046 1.301001671769199 1.0612510697279112 0.64136744628653053 1.0113039390637699 1.7249307768212183 0.025182904843889502
decision_type=2 2 2 2 2 2 2
left_child=1 2 -1 -2 5 6 -3
right_child=3 4 -4 -5 -6 -7 -8
leaf_value=-0.014341311808965605 0.0017063866387063858 -0.0045383498059320499 -0.0045383498059320499 0.0096765628172340423 0.0017063866387063858 0.0001206558728654351 -0.0022088469665333078
leaf_weight=0.28388525535274345 0.38966477091162222 0.51184701278907574 0.29689753636557725 0.51184149744221941 0.22234719211701293 0.19776389095932245 0.29905408446211368
leaf_count=1587 72 81 99 63 12 11 7
internal_value=0 -0.00356731 -0.0090767 0.00698008 0 -0.00146507 -0.00453835
internal_weight=2.7133 1.81179 0.580783 0.901506 1.23101 1.00866 0.810901
internal_count=1932 1797 1686 135 111 99 88
is_linear=0
shrinkage=0.03


Tree=225
num_leaves=9
num_cat=0
split_feature=1 2 0 0 0 2 1 0
split_gain=0.0764625 0.0301498 0.00991477 0.00471795 0.00416916 0.0113622 0.00981912 0.000822179
threshold=0.2527188684706046 1.301001671769199 1.0801070067053755 0.63047152422883579 0.69196726636906569 1.7249307768212183 0.00023761515053535005 1.0113039390637699
decision_type=2 2 2 2 2 2 2 2
left_child=1 2 -1 -2 5 -3 7 -6
right_child=3 4 -4 -5 6 -7 -8 -9
leaf_value=-0.013011872303310596 0.0016917747534030418 -0.0044884459239279773 -0.0044884459239279773 0.0079241477646960785 -0.0017094177396922334 -0.0017094177396922334 0.0016917747534030418 -8.8214931445958553e-06
leaf_weight=0.3351530049585566 0.14626238502387412 0.13553345648688242 0.24065947889903327 0.75150297841173597 0.31893732391108642 0.11525523336604238 0.5128730625147 0.14350924035534263
leaf_count=1610 45 47 76 90 34 7 14 9
internal_value=0 -0.00354674 -0.00897689 0.00693029 0 -0.00352637 0.00010753 -0.00170942
internal_weight=2.69969 1.80192 0.575812 0.897765 1.22611 0.250789 0.97532 0.462447
internal_count=1932 1797 1686 135 111 54 57 43
is_linear=0
shrinkage=0.03


Tree=226
num_leaves=10
num_cat=0
split_feature=1 2 0 2 1 0 2 1 0
split_gain=0.0747378 0.0286324 0.0156894 0.00513983 0.0406217 0.00389509 0.0112698 0.00942459 0.000827587
threshold=0.2527188684706046 1.301001671769199 1.0801070067053755 1.7249307768212183 0.77359445008287686 0.69196726636906569 1.7249307768212183 0.00023761515053535005 1.0113039390637699
decision_type=2 2 2 2 2 2 2 2 2
left_child=1 2 -1 4 -2 6 -3 8 -7
right_child=3 5 -4 -5 -6 7 -8 -9 -10
leaf_value=-0.013504316512369408 0.0016736413979081485 -0.0044236065864371411 -0.0044236065864371411 0.015450347755465544 0.0090509734502847179 -0.0016907066902195711 -0.0016907066902195711 0.0016736413979081485 -8.5326461557113519e-06
leaf_weight=0.3253164460079464 0.21614258400222741 0.13571171000512527 0.24497867259924533 0.13117497228085995 0.54730226215906441 0.31765525735318079 0.11510379891842604 0.51222928753122687 0.14321963331894949
leaf_count=1610 72 47 76 9 54 34 7 14 9
internal_value=0 -0.00351482 -0.00884721 0.0068621 0.00268348 0 -0.00341323 3.18181e-05 -0.00169071
internal_weight=2.68883 1.79421 0.570295 0.89462 0.763445 1.22392 0.250816 0.973104 0.460875
internal_count=1932 1797 1686 135 126 111 54 57 43
is_linear=0
shrinkage=0.03


Tree=227
num_leaves=7
num_cat=0
split_feature=1 2 1 2 0 0
split_gain=0.073678 0.0612827 0.0195759 0.0378813 0.0109729 0.00382801
threshold=0.019383056740253403 1.5992324138040368 0.77359445008287686 1.5566341673218667 1.0801070067053755 0.69196726636906569
decision_type=2 2 2 2 2 2
left_child=1 4 3 -2 -1 -3
right_child=2 5 -4 -5 -6 -7
leaf_value=-0.017550980734339559 -0.00048301791849392244 -0.0043958956022881572 0.0089441537912705107 0.0044720768956352554 -0.0070403321191750507 -0.00048301791849392244
leaf_weight=0.3099215300683229 0.43324638494414081 0.18797463981900364 0.54393323115073144 0.49649026617407799 0.13634249867754988 0.5666306777857244
leaf_count=1428 322 26 54 16 58 28
internal_value=0 -0.00539554 0.0044295 0 -0.0135976 -0.000483018
internal_weight=2.67454 1.20087 1.47367 0.929737 0.446264 0.754605
internal_count=1932 1540 392 338 1486 54
is_linear=0
shrinkage=0.03


Tree=228
num_leaves=9
num_cat=0
split_feature=1 2 0 0 0 2 1 0
split_gain=0.0720664 0.0261859 0.0143687 0.00577386 0.00391522 0.0107495 0.0100989 0.000277055
threshold=0.2527188684706046 1.301001671769199 1.0801070067053755 0.64136744628653053 0.69196726636906569 1.7249307768212183 0.00023761515053535005 1.0113039390637699
decision_type=2 2 2 2 2 2 2 2
left_child=1 2 -1 -2 5 -3 7 -6
right_child=3 4 -4 -5 6 -7 -8 -9
leaf_value=-0.013174276946664653 0.0016483703167474277 -0.0043202984595137319 -0.0043202984595137319 0.0094349946467942036 -0.0017190447901737902 -0.0017190447901737902 0.0016483703167474277 -3.5337236713181212e-05
leaf_weight=0.31840241467625707 0.38196678096574022 0.13436701831960796 0.24184935792800388 0.50309431203640997 0.31601586469696485 0.1137346955947578 0.50751501251943409 0.14053282915847376
leaf_count=1610 72 47 76 63 34 7 14 9
internal_value=0 -0.00347399 -0.0086406 0.00677073 0 -0.00343809 0 -0.00171904
internal_weight=2.65748 1.77242 0.560252 0.885061 1.21217 0.248102 0.964064 0.456549
internal_count=1932 1797 1686 135 111 54 57 43
is_linear=0
shrinkage=0.03


Tree=229
num_leaves=10
num_cat=0
split_feature=1 2 0 2 1 0 2 1 0
split_gain=0.0708498 0.0246718 0.0137024 0.00545502 0.0382345 0.00356986 0.0105769 0.00989444 0.000147108
threshold=0.2527188684706046 1.301001671769199 1.0801070067053755 1.7249307768212183 0.77359445008287686 0.69196726636906569 1.7249307768212183 0.00023761515053535005 1.0113039390637699
decision_type=2 2 2 2 2 2 2 2 2
left_child=1 2 -1 4 -2 6 -3 8 -7
right_child=3 5 -4 -5 -6 7 -8 -9 -10
leaf_value=-0.012978586257919852 0.0016373156806412665 -0.0042564577948558816 -0.0042564577948558816 0.015287156829642627 0.0088008051669866225 -0.0016428063720663243 -0.0016428063720663243 0.0016373156806412665 -2.7453457125288514e-06
leaf_weight=0.3146278582626113 0.21214032100397151 0.13411924339015946 0.24017515246305265 0.12955339532345533 0.53961678920313716 0.315426757260866 0.11350003350526094 0.50673411088064313 0.14018524257699028
leaf_count=1610 72 47 76 9 54 34 7 14 9
internal_value=0 -0.003452 -0.00851292 0.00672663 0.00251912 0 -0.00328561 0 -0.00164281
internal_weight=2.64608 1.76477 0.554803 0.881311 0.751757 1.20997 0.247619 0.962346 0.455612
internal_count=1932 1797 1686 135 126 111 54 57 43
is_linear=0
shrinkage=0.03


Tree=230
num_leaves=10
num_cat=0
split_feature=1 2 2 1 0 0 2 0 2
split_gain=0.0702676 0.0520424 0.0183324 0.0460309 0.0093363 0.00415644 0.0178432 0.00198236 0.00146683
threshold=0.019383056740253403 1.5992324138040368 1.7249307768212183 0.77359445008287686 1.0801070067053755 0.69196726636906569 1.7249307768212183 0.75983769627922582 1.0063379226837876
decision_type=2 2 2 2 2 2 2 2 2
left_child=1 4 3 7 -1 6 -3 -2 -9
right_child=2 5 -4 -5 -6 -7 -8 8 -10
leaf_value=-0.016838564176123449 -0.00048834111800058965 -0.0067591700529925636 0.015155821136026676 0.0084270557576628623 -0.0067591700529925636 -0.00048834111800058965 -0.0024668026224136329 0.00022535379880595427 0.0019585124877670957
leaf_weight=0.29794473553988632 0.24823430166088634 0.072443000390194356 0.12831132672727097 0.53643281781114638 0.13409897220844869 0.56049822410568595 0.1132649895735085 0.10902963980151981 0.43218826340216765
leaf_count=1428 148 19 9 54 58 28 7 96 85
internal_value=0 -0.00532393 0.00434724 0.00169829 -0.01303 -0.000488341 -0.00444526 -0.000488341 0.000939049
internal_weight=2.63245 1.17825 1.4542 1.32589 0.432044 0.746206 0.185708 0.789452 0.541218
internal_count=1932 1540 392 383 1486 54 26 329 181
is_linear=0
shrinkage=0.03


Tree=231
num_leaves=10
num_cat=0
split_feature=1 2 2 1 0 0 2 0 2
split_gain=0.0682664 0.0464577 0.0179579 0.044885 0.00854676 0.00460568 0.0167351 0.00189562 0.00138434
threshold=0.019383056740253403 1.5992324138040368 1.7249307768212183 0.77359445008287686 1.0801070067053755 0.69196726636906569 1.7249307768212183 0.75983769627922582 1.0063379226837876
decision_type=2 2 2 2 2 2 2 2 2
left_child=1 4 3 7 -1 6 -3 -2 -9
right_child=2 5 -4 -5 -6 -7 -8 8 -10
leaf_value=-0.016371194526494742 -0.00049131461033368568 -0.0065660213015245562 0.01502625628293904 0.008338873033084903 -0.0065660213015245562 -0.00049131461033368568 -0.002538642280835314 0.00019004014946948929 0.0018788255840480467
leaf_weight=0.29133845028172822 0.2467937328924561 0.072467404999770224 0.1271102763712405 0.53346154256723821 0.13353658853884554 0.55854091863147914 0.11222989717498422 0.1082847156749267 0.43141738736358093
leaf_count=1428 148 19 9 54 58 28 7 96 85
internal_value=0 -0.00527353 0.0042909 0.00165149 -0.0126407 -0.000491315 -0.00458597 -0.000491315 0.000871395
internal_weight=2.61518 1.16811 1.44707 1.31996 0.424875 0.743238 0.184697 0.786496 0.539702
internal_count=1932 1540 392 383 1486 54 26 329 181
is_linear=0
shrinkage=0.03


Tree=232
num_leaves=8
num_cat=0
split_feature=1 2 0 0 0 1 2
split_gain=0.0669999 0.0219473 0.0125092 0.00598765 0.00344855 0.0104111 0.00980633
threshold=0.18042215857860808 1.2624640018123845 1.0801070067053755 0.64136744628653053 0.69196726636906569 0.00023761515053535005 1.7557170215206606
decision_type=2 2 2 2 2 2 2
left_child=1 2 -1 -2 6 -6 -3
right_child=3 4 -4 -5 5 -7 -8
leaf_value=-0.012693899455031812 0.001599702543507982 -0.0041436481665467033 -0.0041436481665467033 0.0092286315896203102 -0.0016212791329696383 0.001599702543507982 -0.0016212791329696383
leaf_weight=0.30003017748049421 0.37351935205515463 0.19530799554922829 0.23582729780173395 0.49350398132810369 0.44986049882209045 0.50160199694801122 0.049883413128554821
leaf_count=1600 74 51 76 68 44 15 4
internal_value=0 -0.00338991 -0.0082873 0.00658931 0 0 -0.00324256
internal_weight=2.59953 1.73251 0.535857 0.867023 1.19665 0.951462 0.245191
internal_count=1932 1790 1676 142 114 59 55
is_linear=0
shrinkage=0.03


Tree=233
num_leaves=8
num_cat=0
split_feature=1 2 1 2 0 0 2
split_gain=0.0663706 0.0413613 0.0171271 0.0343509 0.00775415 0.00467288 0.0161912
threshold=0.019383056740253403 1.5992324138040368 0.77359445008287686 1.5566341673218667 1.0801070067053755 0.69196726636906569 1.7249307768212183
decision_type=2 2 2 2 2 2 2
left_child=1 4 3 -2 -1 6 -3
right_child=2 5 -4 -5 -6 -7 -8
leaf_value=-0.015941608353261055 -0.00049233049820945603 -0.0063895353589558434 0.0085416961657145338 0.0042708480828572669 -0.0063895353589558434 -0.00049233049820945603 -0.002521401150411739
leaf_weight=0.28374424855383062 0.41796242129930739 0.072219470166601241 0.52809143508784473 0.48842439893633127 0.13250235822124523 0.5554192285053432 0.11114707728847861
leaf_count=1428 322 19 54 16 58 28 7
internal_value=0 -0.00523071 0.00424605 0 -0.0122867 -0.00049233 -0.00455047
internal_weight=2.58951 1.15503 1.43448 0.906387 0.416247 0.738786 0.183367
internal_count=1932 1540 392 338 1486 54 26
is_linear=0
shrinkage=0.03


Tree=234
num_leaves=8
num_cat=0
split_feature=1 1 2 0 0 2 2
split_gain=0.0649476 0.0204871 0.059107 0.0164564 0.00526584 0.00350413 0.000569107
threshold=0.2527188684706046 0.00017554414599960002 1.7087961465368255 0.75983769627922582 0.64136744628653053 1.578387011569274 1.7249307768212183
decision_type=2 2 2 2 2 2 2
left_child=1 2 -1 6 -2 -5 -3
right_child=4 3 -4 5 -6 -7 -8
leaf_value=-0.013969451867777601 0.0015927607794868101 -0.0035569496340862542 -0.0035569496340862542 0 0.0090998290201251379 0.0015927607794868101 -0.00098209442729972228
leaf_weight=0.43905877497286416 0.36951665408560064 0.16769808327217084 0.26650094694923609 0.43569228768137691 0.4868840395429288 0.36905213445425034 0.041621780022978783
leaf_count=1010 72 306 17 456 63 6 2
internal_value=0 -0.00334485 -0.0071139 0 0.00653037 0.00159276 -0.00355695
internal_weight=2.57602 1.71962 0.70556 1.01406 0.856401 0.804744 0.20932
internal_count=1932 1797 1027 770 135 462 308
is_linear=0
shrinkage=0.03


Tree=235
num_leaves=9
num_cat=0
split_feature=1 2 0 2 1 0 2 1
split_gain=0.0639399 0.019376 0.0109964 0.00455848 0.0342107 0.00426885 0.00942415 0.00904446
threshold=0.2527188684706046 1.2624640018123845 1.0801070067053755 1.7249307768212183 0.77359445008287686 0.69196726636906569 1.7557170215206606 0.00023761515053535005
decision_type=2 2 2 2 2 2 2 2
left_child=1 2 -1 4 -2 6 -3 -7
right_child=3 5 -4 -5 -6 7 -8 -9
leaf_value=-0.012162036805472022 0.0015816836090826658 -0.0039923260393424816 -0.0039923260393424816 0.014762090216207191 0.0083863055754122284 -0.0018137774816207848 -0.0018137774816207848 0.0015816836090826658
leaf_weight=0.29706824520462793 0.20488096465851402 0.19271731898334088 0.23233686421372113 0.12465782091021538 0.52364085149019957 0.44299353965107002 0.0492443204857409 0.4976185959239956
leaf_count=1607 72 51 76 9 54 44 4 15
internal_value=0 -0.00332685 -0.00798465 0.00649021 0.0022909 0 -0.00362755 0
internal_weight=2.56516 1.71198 0.529405 0.85318 0.728522 1.18257 0.241962 0.940612
internal_count=1932 1797 1683 135 126 114 55 59
is_linear=0
shrinkage=0.03


Tree=236
num_leaves=8
num_cat=0
split_feature=1 2 0 0 0 2 1
split_gain=0.0625745 0.0188556 0.0110384 0.00489319 0.00399448 0.00934592 0.00874573
threshold=0.18042215857860808 1.2207004806465929 1.0801070067053755 0.64136744628653053 0.69196726636906569 1.7557170215206606 0.00023761515053535005
decision_type=2 2 2 2 2 2 2
left_child=1 2 -1 -2 5 -3 -6
right_child=3 4 -4 -5 6 -7 -8
leaf_value=-0.012236656805141031 0.0015582033269126749 -0.0039843641304272807 -0.0039843641304272807 0.0089226514883676659 -0.0017528837241826932 -0.0017528837241826932 0.0015582033269126749
leaf_weight=0.28731592631152159 0.36640093515597971 0.19355388465191914 0.23130727912575821 0.48500823243375635 0.44296190062959795 0.048953553661704063 0.49706724559655413
leaf_count=1589 74 57 76 68 48 4 16
internal_value=0 -0.00330586 -0.00796873 0.00642227 0 -0.00350577 0
internal_weight=2.55257 1.70116 0.518623 0.851409 1.18254 0.242507 0.940029
internal_count=1932 1790 1665 142 125 61 64
is_linear=0
shrinkage=0.03


Tree=237
num_leaves=9
num_cat=0
split_feature=1 2 0 2 1 0 2 1
split_gain=0.061635 0.0177954 0.0106575 0.00414889 0.0337954 0.00369659 0.00914174 0.00856601
threshold=0.18042215857860808 1.2207004806465929 1.0801070067053755 1.7249307768212183 0.77359445008287686 0.69196726636906569 1.7557170215206606 0.00023761515053535005
decision_type=2 2 2 2 2 2 2 2
left_child=1 2 -1 4 -2 6 -3 -7
right_child=3 5 -4 -5 -6 7 -8 -9
leaf_value=-0.012085318519695304 0.0015488240407050507 -0.0039304708549617595 -0.0039304708549617595 0.01454179511788386 0.0083424145004965637 -0.0016879616855822155 -0.0016879616855822155 0.0015488240407050507
leaf_weight=0.28404980543109593 0.20694292495318212 0.19322291397838831 0.23022242644947255 0.12270818930119276 0.51857526157982647 0.44219490132309147 0.048693548422306776 0.49625374490278773
leaf_count=1589 79 57 76 9 54 48 4 16
internal_value=0 -0.00328729 -0.00786094 0.00638494 0.00222256 0 -0.00337592 0
internal_weight=2.54286 1.69464 0.514272 0.848226 0.725518 1.18037 0.241916 0.938449
internal_count=1932 1790 1665 142 133 125 61 64
is_linear=0
shrinkage=0.03


Tree=238
num_leaves=9
num_cat=0
split_feature=1 1 2 0 0 2 2 2
split_gain=0.0603125 0.0173985 0.0530916 0.0145949 0.00423841 0.0266358 0.00354049 0.000834076
threshold=0.18042215857860808 0.00017554414599960002 1.7087961465368255 0.75983769627922582 0.8007821470548625 1.7249307768212183 1.578387011569274 1.7249307768212183
decision_type=2 2 2 2 2 2 2 2
left_child=1 2 -1 7 5 -2 -5 -3
right_child=4 3 -4 6 -6 -7 -8 -9
leaf_value=-0.01333386718538186 0.0015414049836320665 -0.0033876939807168669 -0.0033876939807168669 0 0.014032235089604139 0.0080453947606061883 0.0015414049836320665 -0.00092314449854240005
leaf_weight=0.43055282206455581 0.58592962800321391 0.16293186278517169 0.26178697170689702 0.42587062537813836 0.13520036946283653 0.1215916913934052 0.36546641774475574 0.041528137400746346
leaf_count=1010 112 302 17 453 21 9 6 2
internal_value=0 -0.00325531 -0.00677539 0 0.00633812 0.00205855 0.0015414 -0.00338769
internal_weight=2.53086 1.68814 0.69234 0.995797 0.842722 0.707521 0.791337 0.20446
internal_count=1932 1790 1027 763 142 121 459 304
is_linear=0
shrinkage=0.03


Tree=239
num_leaves=10
num_cat=0
split_feature=1 2 0 0 2 1 2 1 0
split_gain=0.0596033 0.0166418 0.00955254 0.00395054 0.00881544 0.007293 0.00337507 0.0330736 0.000446023
threshold=0.2527188684706046 1.2207004806465929 1.0801070067053755 0.69196726636906569 1.7557170215206606 0.00023761515053535005 1.7249307768212183 0.77359445008287686 1.0113039390637699
decision_type=2 2 2 2 2 2 2 2 2
left_child=1 2 -1 4 -3 8 7 -2 -5
right_child=6 3 -4 5 -6 -7 -8 -9 -10
leaf_value=-0.011698823000200949 0.0015569303661269707 -0.0038333052425366439 -0.0038333052425366439 -0.0017503535244161933 -0.0017503535244161933 0.0015569303661269707 0.014311344152522559 0.0082444629808810545 -8.2615172504746023e-05
leaf_weight=0.28435088973014933 0.20098227573907923 0.19193008240836185 0.22833418944719597 0.3024631282678456 0.048196578864008188 0.4945140533382073 0.12072697980329394 0.51198482722975314 0.13621090668311808
leaf_count=1596 72 57 76 38 4 16 9 54 10
internal_value=0 -0.00322856 -0.00766661 0 -0.00350071 0 0.00634242 0.00217758 -0.00172216
internal_weight=2.51969 1.686 0.512685 1.17331 0.240127 0.933188 0.833694 0.712967 0.438674
internal_count=1932 1797 1672 125 61 64 135 126 48
is_linear=0
shrinkage=0.03


Tree=240
num_leaves=9
num_cat=0
split_feature=1 2 0 0 0 2 1 0
split_gain=0.0584281 0.0161444 0.00933086 0.00376625 0.00360257 0.0088789 0.00712923 0.000403751
threshold=0.18042215857860808 1.2207004806465929 1.0801070067053755 0.64136744628653053 0.69196726636906569 1.7249307768212183 0.00023761515053535005 1.0113039390637699
decision_type=2 2 2 2 2 2 2 2
left_child=1 2 -1 -2 5 -3 7 -6
right_child=3 4 -4 -5 6 -7 -8 -9
leaf_value=-0.011690001080740812 0.0015342500060978057 -0.0038166335366522511 -0.0038166335366522511 0.00864221607870529 -0.0016734759717660086 -0.0016734759717660086 0.0015342500060978057 -6.9612982834101509e-05
leaf_weight=0.27751796245002003 0.35824663659150235 0.13019122612604384 0.22720067750196904 0.47410360197682166 0.30175961419809028 0.10924715828150511 0.49372887652134523 0.13587959090364166
leaf_count=1589 74 54 76 68 38 7 16 10
internal_value=0 -0.00321106 -0.00763327 0.00627956 0 -0.00334695 0 -0.00167348
internal_weight=2.50788 1.67553 0.504719 0.83235 1.17081 0.239438 0.931368 0.437639
internal_count=1932 1790 1665 142 125 61 64 48
is_linear=0
shrinkage=0.03


Tree=241
num_leaves=6
num_cat=0
split_feature=1 2 0 0 2
split_gain=0.0577677 0.015966 0.0373432 0.00509351 0.0255628
threshold=0.10847587202392477 1.7249307768212183 1.0113039390637699 0.8007821470548625 1.7249307768212183
decision_type=2 2 2 2 2
left_child=1 2 -1 4 -2
right_child=3 -3 -4 -5 -6
leaf_value=-0.0082811784513985576 0.0014942971771823204 0 -0.0023457611308797741 0.013907799716574142 0.007894720371144151
leaf_weight=0.94949849935369479 0.58183051577361755 0.25157941738143552 0.46015201925456495 0.13693852084543323 0.11892170878127217
leaf_count=1443 118 14 318 30 9
internal_value=0 -0.00322139 -0.00469152 0.00620999 0.00188164
internal_weight=2.49892 1.66123 1.40965 0.837691 0.700752
internal_count=1932 1775 1761 157 127
is_linear=0
shrinkage=0.03


Tree=242
num_leaves=8
num_cat=0
split_feature=1 1 2 0 1 2 2
split_gain=0.0569768 0.014881 0.0474726 0.0150945 0.00343098 0.0153892 0.00322205
threshold=0.2527188684706046 0.00017554414599960002 1.7087961465368255 0.75983769627922582 0.77359445008287686 1.7249307768212183 1.578387011569274
decision_type=2 2 2 2 2 2 2
left_child=1 2 -1 -3 5 -2 -5
right_child=4 3 -4 6 -6 -7 -8
leaf_value=-0.012728839135028966 0.0015446991088668726 -0.0032373565615412595 -0.0032373565615412595 0 0.0082875130325814512 0.0049161060707241617 0.0015446991088668726
leaf_weight=0.42261790597353888 0.19890244481211983 0.20449162655654618 0.25786436395719647 0.42211552769049376 0.50344668212346733 0.1180635467171669 0.36293150298297405
leaf_count=1010 72 308 17 456 54 9 6
internal_value=0 -0.00316504 -0.00647471 0 0.00625444 0.0015447 0.0015447
internal_weight=2.49043 1.67002 0.680482 0.989539 0.820413 0.316966 0.785047
internal_count=1932 1797 1027 770 135 81 462
is_linear=0
shrinkage=0.03


Tree=243
num_leaves=7
num_cat=0
split_feature=1 2 0 2 1 0
split_gain=0.0558873 0.0163248 0.0383207 0.0031642 0.0312714 0.00195131
threshold=0.2527188684706046 1.7249307768212183 1.0113039390637699 1.7249307768212183 0.77359445008287686 0.73818587830403848
decision_type=2 2 2 2 2 2
left_child=1 2 5 4 -2 -1
right_child=3 -3 -4 -5 -6 -7
leaf_value=-0.015128339263990969 0.0015300499345210596 0 -0.0023202034050789212 0.014033112577750825 0.0080304951960464017 -0.005297968275554457
leaf_weight=0.23952173812949717 0.1979014088938128 0.2443058774806558 0.46133359536815988 0.11833649268373847 0.50130025669932365 0.71698449587347568
leaf_count=830 72 14 322 9 54 631
internal_value=0 -0.00314317 -0.00464041 0.00620327 0.00202788 -0.00827573
internal_weight=2.47968 1.66215 1.41784 0.817538 0.699202 0.956506
internal_count=1932 1797 1783 135 126 1461
is_linear=0
shrinkage=0.03


Tree=244
num_leaves=8
num_cat=0
split_feature=1 2 0 0 2 0 2
split_gain=0.0550975 0.015737 0.00881467 0.00623835 0.0251845 0.00284247 0.0182504
threshold=0.10847587202392477 1.2207004806465929 1.0801070067053755 0.8007821470548625 1.7249307768212183 1.0113039390637699 1.7249307768212183
decision_type=2 2 2 2 2 2 2
left_child=1 2 -1 4 -2 6 -3
right_child=3 5 -4 -5 -6 -7 -8
leaf_value=-0.011684142662548627 0.0014797384150810463 -0.0037935446572152499 -0.0037935446572152499 0.013946258329334367 0.0078217948428003503 0.0010117852165834043 -0.00025161111469910476
leaf_weight=0.26445843571355032 0.57141973044781469 0.77353352857608093 0.22479908852255903 0.1360975229908945 0.11726754205301404 0.20530116590089165 0.17717342171818018
leaf_count=1575 118 100 76 30 9 13 11
internal_value=0 -0.00315535 -0.00758709 0.00611483 0.00169733 0 -0.00151501
internal_weight=2.47005 1.64527 0.489258 0.824785 0.688687 1.15601 0.950707
internal_count=1932 1775 1651 157 127 124 111
is_linear=0
shrinkage=0.03


Tree=245
num_leaves=7
num_cat=0
split_feature=1 2 0 0 2 0
split_gain=0.0558513 0.0153559 0.0357812 0.00635373 0.0248254 0.000733556
threshold=0.10847587202392477 1.7249307768212183 1.0113039390637699 0.8007821470548625 1.7249307768212183 0.73818587830403848
decision_type=2 2 2 2 2 2
left_child=1 2 5 4 -2 -1
right_child=3 -3 -4 -5 -6 -7
leaf_value=-0.014825136084882772 0.001494803905681328 0 -0.0023108447041695034 0.014057035832961249 0.0078876199995309548 -0.0052262680047570464
leaf_weight=0.23374699728879045 0.56888601682294382 0.24248167406767596 0.45459168305251296 0.13580789887055289 0.11646595504134893 0.7091427899606515
leaf_count=822 118 14 318 30 9 621
internal_value=0 -0.00318078 -0.00462169 0.00617039 0.0017182 -0.00814169
internal_weight=2.46112 1.63996 1.39748 0.82116 0.685352 0.94289
internal_count=1932 1775 1761 157 127 1443
is_linear=0
shrinkage=0.03


Tree=246
num_leaves=7
num_cat=0
split_feature=1 2 0 0 1 2
split_gain=0.0603492 0.0165511 0.00697048 0.00490643 0.00297816 0.0105381
threshold=0.2527188684706046 1.2207004806465929 0.8007821470548625 1.0801070067053755 0.019383056740253403 1.7249307768212183
decision_type=2 2 2 2 2 2
left_child=1 3 -2 -1 5 -3
right_child=2 4 -4 -5 -6 -7
leaf_value=-0.011362293243953266 0.001886409060199067 -0.0038926441507646965 0.014740114412679601 -0.0038926441507646965 0.00041819341460171703 -0.0006683399860907672
leaf_weight=0.27278749403558356 0.67594638089212811 0.55520830586283387 0.1331276360724587 0.22351975090714404 0.3589516804786399 0.2419268055818975
leaf_count=1596 117 101 18 76 10 14
internal_value=0 -0.00327113 0.00648228 -0.00778529 0 -0.00175487
internal_weight=2.46147 1.65239 0.809074 0.496307 1.15609 0.797135
internal_count=1932 1797 135 1672 125 115
is_linear=0
shrinkage=0.03


Tree=247
num_leaves=5
num_cat=0
split_feature=1 2 0 0
split_gain=0.0549323 0.0207325 0.0366622 0.00276925
threshold=0.2527188684706046 1.7249307768212183 1.0113039390637699 0.63047152422883579
decision_type=2 2 2 2
left_child=1 2 -1 -2
right_child=3 -3 -4 -5
leaf_value=-0.0084266662015785448 0.0015457257779991364 0.00096473553369768824 -0.001979927758540894 0.0070419302551871232
leaf_weight=0.93421357612123779 0.12946205197658844 0.25554779451340426 0.45531355252342109 0.67242489493946778
leaf_count=1461 45 14 322 90
internal_value=0 -0.00312335 -0.00492459 0.0062148
internal_weight=2.44696 1.64507 1.38953 0.801887
internal_count=1932 1797 1783 135
is_linear=0
shrinkage=0.03


Tree=248
num_leaves=5
num_cat=0
split_feature=1 2 0 0
split_gain=0.0521752 0.019103 0.0339159 0.00277461
threshold=0.2527188684706046 1.7249307768212183 1.0113039390637699 0.64136744628653053
decision_type=2 2 2 2
left_child=1 2 -1 -2
right_child=3 -3 -4 -5
leaf_value=-0.0081621036107845327 0.0015130943723935494 0.00067705536336154601 -0.0020489158731312779 0.0082793864838879364
leaf_weight=0.93141193772066821 0.34243664395762596 0.2549120970070361 0.45454443116295806 0.45573174278251827
leaf_count=1461 72 14 322 63
internal_value=0 -0.00304582 -0.00477489 0.00607201
internal_weight=2.43904 1.64087 1.38596 0.798168
internal_count=1932 1797 1783 135
is_linear=0
shrinkage=0.03


Tree=249
num_leaves=8
num_cat=0
split_feature=1 2 1 2 0 2 0
split_gain=0.0509919 0.0361537 0.0154526 0.029266 0.00304618 0.00029558 0.0175066
threshold=0.019383056740253403 1.5992324138040368 0.77359445008287686 1.5566341673218667 1.0801070067053755 1.7249307768212183 0.75541874176784518
decision_type=2 2 2 2 2 2 2
left_child=1 4 3 -2 -1 6 -3
right_child=2 5 -4 -5 -6 -7 -8
leaf_value=-0.014768427465735036 -0.00044522848360593485 -0.0060070238143369063 0.0080338429159479991 0.0040169214579739996 -0.0060070238143369063 -0.00044522848360593485 -0.00068829068847679157
leaf_weight=0.25767792911892706 0.39480600683327771 0.11894991353619844 0.48402031324803829 0.46878770599141717 0.12583365352838882 0.25424773711711168 0.32756292726844549
leaf_count=1428 322 23 54 16 58 14 17
internal_value=0 -0.0047259 0.00383544 0 -0.0115688 -0.000445228 -0.000931353
internal_weight=2.43189 1.08427 1.34761 0.863594 0.383512 0.700761 0.446513
internal_count=1932 1540 392 338 1486 54 40
is_linear=0
shrinkage=0.03


end of trees

feature_importances:
tag_score=726
ingredient_score=673
hot_score=608

parameters:
[boosting: gbdt]
[objective: lambdarank]
[metric: ndcg]
[tree_learner: serial]
[device_type: cpu]
[data_sample_strategy: bagging]
[data: ]
[valid: ]
[num_iterations: 250]
[learning_rate: 0.03]
[num_leaves: 63]
[num_threads: 0]
[seed: 666]
[deterministic: 0]
[force_col_wise: 0]
[force_row_wise: 0]
[histogram_pool_size: -1]
[max_depth: 8]
[min_data_in_leaf: 10]
[min_sum_hessian_in_leaf: 0.001]
[bagging_fraction: 1]
[pos_bagging_fraction: 1]
[neg_bagging_fraction: 1]
[bagging_freq: 0]
[bagging_seed: 22734]
[bagging_by_query: 0]
[feature_fraction: 0.9]
[feature_fraction_bynode: 1]
[feature_fraction_seed: 5052]
[extra_trees: 0]
[extra_seed: 5559]
[early_stopping_round: 0]
[early_stopping_min_delta: 0]
[first_metric_only: 0]
[max_delta_step: 0]
[lambda_l1: 0.05]
[lambda_l2: 0.05]
[linear_lambda: 0]
[min_gain_to_split: 0]
[drop_rate: 0.1]
[max_drop: 50]
[skip_drop: 0.5]
[xgboost_dart_mode: 0]
[uniform_drop: 0]
[drop_seed: 23992]
[top_rate: 0.2]
[other_rate: 0.1]
[min_data_per_group: 100]
[max_cat_threshold: 32]
[cat_l2: 10]
[cat_smooth: 10]
[max_cat_to_onehot: 4]
[top_k: 20]
[monotone_constraints: 1,1,1]
[monotone_constraints_method: basic]
[monotone_penalty: 0]
[feature_contri: ]
[forcedsplits_filename: ]
[refit_decay_rate: 0.9]
[cegb_tradeoff: 1]
[cegb_penalty_split: 0]
[cegb_penalty_feature_lazy: ]
[cegb_penalty_feature_coupled: ]
[path_smooth: 0]
[interaction_constraints: ]
[verbosity: -1]
[saved_feature_importance_type: 0]
[use_quantized_grad: 0]
[num_grad_quant_bins: 4]
[quant_train_renew_leaf: 0]
[stochastic_rounding: 1]
[linear_tree: 0]
[max_bin: 255]
[max_bin_by_feature: ]
[min_data_in_bin: 3]
[bin_construct_sample_cnt: 200000]
[data_random_seed: 2213]
[is_enable_sparse: 1]
[enable_bundle: 1]
[use_missing: 1]
[zero_as_missing: 0]
[feature_pre_filter: 1]
[pre_partition: 0]
[two_round: 0]
[header: 0]
[label_column: ]
[weight_column: ]
[group_column: ]
[ignore_column: ]
[categorical_feature: ]
[forcedbins_filename: ]
[precise_float_parser: 0]
[parser_config_file: ]
[objective_seed: 29849]
[num_class: 1]
[is_unbalance: 0]
[scale_pos_weight: 1]
[sigmoid: 1]
[boost_from_average: 1]
[reg_sqrt: 0]
[alpha: 0.9]
[fair_c: 1]
[poisson_max_delta_step: 0.7]
[tweedie_variance_power: 1.5]
[lambdarank_truncation_level: 30]
[lambdarank_norm: 1]
[label_gain: ]
[lambdarank_position_bias_regularization: 0]
[eval_at: 3,5,10]
[multi_error_top_k: 1]
[auc_mu_weights: ]
[num_machines: 1]
[local_listen_port: 12400]
[time_out: 120]
[machine_list_filename: ]
[machines: ]
[gpu_platform_id: -1]
[gpu_device_id: -1]
[gpu_use_dp: 0]
[num_gpu: 1]

end of parameters

pandas_categorical:null
